2025-12-11 18:37:24 [error]: ❌ Failed to start server: password authentication failed for user "postgres"
error: password authentication failed for user "postgres"
    at C:\Users\win\Downloads\Global-Advertising-Platform-d9586aca12844d7c7dbe1a70fb43f4a241df4343\backend\node_modules\pg-pool\index.js:45:11
    at process.processTicksAndRejections (node:internal/process/task_queues:105:5)
    at async initDatabase (file:///C:/Users/win/Downloads/Global-Advertising-Platform-d9586aca12844d7c7dbe1a70fb43f4a241df4343/backend/db/init.js:153:24)
    at async startServer (file:///C:/Users/win/Downloads/Global-Advertising-Platform-d9586aca12844d7c7dbe1a70fb43f4a241df4343/backend/server.js:172:9) {"length":78,"name":"error","severity":"FATAL","code":"28P01"}
2025-12-11 18:37:30 [error]: ❌ Failed to start server: password authentication failed for user "postgres"
error: password authentication failed for user "postgres"
    at C:\Users\win\Downloads\Global-Advertising-Platform-d9586aca12844d7c7dbe1a70fb43f4a241df4343\backend\node_modules\pg-pool\index.js:45:11
    at process.processTicksAndRejections (node:internal/process/task_queues:105:5)
    at async initDatabase (file:///C:/Users/win/Downloads/Global-Advertising-Platform-d9586aca12844d7c7dbe1a70fb43f4a241df4343/backend/db/init.js:153:24)
    at async startServer (file:///C:/Users/win/Downloads/Global-Advertising-Platform-d9586aca12844d7c7dbe1a70fb43f4a241df4343/backend/server.js:172:9) {"length":78,"name":"error","severity":"FATAL","code":"28P01"}
2025-12-11 18:37:47 [error]: ❌ Failed to start server: password authentication failed for user "postgres"
error: password authentication failed for user "postgres"
    at C:\Users\win\Downloads\Global-Advertising-Platform-d9586aca12844d7c7dbe1a70fb43f4a241df4343\backend\node_modules\pg-pool\index.js:45:11
    at process.processTicksAndRejections (node:internal/process/task_queues:105:5)
    at async initDatabase (file:///C:/Users/win/Downloads/Global-Advertising-Platform-d9586aca12844d7c7dbe1a70fb43f4a241df4343/backend/db/init.js:153:24)
    at async startServer (file:///C:/Users/win/Downloads/Global-Advertising-Platform-d9586aca12844d7c7dbe1a70fb43f4a241df4343/backend/server.js:172:9) {"length":78,"name":"error","severity":"FATAL","code":"28P01"}
2025-12-11 18:52:31 [error]: ❌ Failed to start server: password authentication failed for user "postgres"
error: password authentication failed for user "postgres"
    at C:\Users\win\Downloads\Global-Advertising-Platform-d9586aca12844d7c7dbe1a70fb43f4a241df4343\backend\node_modules\pg-pool\index.js:45:11
    at process.processTicksAndRejections (node:internal/process/task_queues:105:5)
    at async initDatabase (file:///C:/Users/win/Downloads/Global-Advertising-Platform-d9586aca12844d7c7dbe1a70fb43f4a241df4343/backend/db/init.js:153:24)
    at async startServer (file:///C:/Users/win/Downloads/Global-Advertising-Platform-d9586aca12844d7c7dbe1a70fb43f4a241df4343/backend/server.js:172:9) {"length":78,"name":"error","severity":"FATAL","code":"28P01"}
2025-12-11 18:57:55 [info]: ✅ Database connected
2025-12-11 19:05:07 [info]: ✅ Database connected
2025-12-11 19:05:07 [info]: ✅ Redis connected
2025-12-11 19:05:07 [info]: 🚀 Server running on port 3000
2025-12-11 19:05:07 [info]: 📡 WebSocket server ready
2025-12-11 19:05:07 [info]: 🌍 Environment: development
2025-12-11 19:05:07 [info]: 🔗 Health check: http://0.0.0.0:3000/api/health
2025-12-11 19:17:01 [info]: ✅ Database connected
2025-12-11 19:17:01 [info]: ✅ Redis connected
2025-12-11 19:17:01 [info]: 🚀 Server running on port 3000
2025-12-11 19:17:01 [info]: 📡 WebSocket server ready
2025-12-11 19:17:01 [info]: 🌍 Environment: development
2025-12-11 19:17:01 [info]: 🔗 Health check: http://0.0.0.0:3000/api/health
2025-12-11 19:17:58 [info]: ✅ Database connected
2025-12-11 19:17:58 [info]: ✅ Redis connected
2025-12-11 19:17:58 [info]: 🚀 Server running on port 3000
2025-12-11 19:17:59 [info]: 📡 WebSocket server ready
2025-12-11 19:17:59 [info]: 🌍 Environment: development
2025-12-11 19:17:59 [info]: 🔗 Health check: http://0.0.0.0:3000/api/health
2025-12-11 19:57:16 [info]: ✅ Database connected
2025-12-11 19:57:16 [info]: ✅ Redis connected
2025-12-11 19:57:16 [info]: 🚀 Server running on port 3000
2025-12-11 19:57:16 [info]: 📡 WebSocket server ready
2025-12-11 19:57:16 [info]: 🌍 Environment: development
2025-12-11 19:57:16 [info]: 🔗 Health check: http://0.0.0.0:3000/api/health
2025-12-11 20:47:16 [info]: ✅ Database connected
2025-12-11 20:47:16 [info]: ✅ Redis connected
2025-12-11 20:47:16 [info]: 🚀 Server running on port 3000
2025-12-11 20:47:16 [info]: 📡 WebSocket server ready
2025-12-11 20:47:16 [info]: 🌍 Environment: development
2025-12-11 20:47:16 [info]: 🔗 Health check: http://0.0.0.0:3000/api/health
2025-12-11 20:47:24 [info]: ✅ Database connected
2025-12-11 20:47:24 [info]: ✅ Redis connected
2025-12-11 20:47:24 [info]: 🚀 Server running on port 3000
2025-12-11 20:47:24 [info]: 📡 WebSocket server ready
2025-12-11 20:47:24 [info]: 🌍 Environment: development
2025-12-11 20:47:24 [info]: 🔗 Health check: http://0.0.0.0:3000/api/health
2025-12-11 20:47:29 [info]: ✅ Database connected
2025-12-11 20:47:29 [info]: ✅ Redis connected
2025-12-11 20:47:29 [info]: 🚀 Server running on port 3000
2025-12-11 20:47:29 [info]: 📡 WebSocket server ready
2025-12-11 20:47:29 [info]: 🌍 Environment: development
2025-12-11 20:47:29 [info]: 🔗 Health check: http://0.0.0.0:3000/api/health
2025-12-11 20:47:34 [info]: ✅ Database connected
2025-12-11 20:47:34 [info]: ✅ Redis connected
2025-12-11 20:47:34 [info]: 🚀 Server running on port 3000
2025-12-11 20:47:34 [info]: 📡 WebSocket server ready
2025-12-11 20:47:34 [info]: 🌍 Environment: development
2025-12-11 20:47:34 [info]: 🔗 Health check: http://0.0.0.0:3000/api/health
2025-12-11 20:47:39 [info]: ✅ Database connected
2025-12-11 20:47:39 [info]: ✅ Redis connected
2025-12-11 20:47:39 [info]: 🚀 Server running on port 3000
2025-12-11 20:47:39 [info]: 📡 WebSocket server ready
2025-12-11 20:47:39 [info]: 🌍 Environment: development
2025-12-11 20:47:39 [info]: 🔗 Health check: http://0.0.0.0:3000/api/health
2025-12-11 20:47:51 [info]: ✅ Database connected
2025-12-11 20:47:51 [info]: ✅ Redis connected
2025-12-11 20:47:51 [info]: 🚀 Server running on port 3000
2025-12-11 20:47:51 [info]: 📡 WebSocket server ready
2025-12-11 20:47:51 [info]: 🌍 Environment: development
2025-12-11 20:47:51 [info]: 🔗 Health check: http://0.0.0.0:3000/api/health
2025-12-11 20:58:35 [info]: ✅ Database connected
2025-12-11 20:58:35 [info]: ✅ Database connected
2025-12-11 20:58:35 [info]: ✅ Redis connected
2025-12-11 20:58:35 [info]: 🚀 Server running on port 3000
2025-12-11 20:58:35 [info]: 📡 WebSocket server ready
2025-12-11 20:58:35 [info]: 🌍 Environment: development
2025-12-11 20:58:35 [info]: 🔗 Health check: http://0.0.0.0:3000/api/health
2025-12-11 21:10:28 [info]: ✅ Database connected
2025-12-11 21:10:28 [info]: ✅ Redis connected
2025-12-11 21:10:28 [info]: 🚀 Server running on port 3000
2025-12-11 21:10:28 [info]: 📡 WebSocket server ready
2025-12-11 21:10:28 [info]: 🌍 Environment: development
2025-12-11 21:10:28 [info]: 🔗 Health check: http://0.0.0.0:3000/api/health
2025-12-11 21:32:31 [info]: ✅ Database connected
2025-12-11 21:32:31 [info]: ✅ Redis connected
2025-12-11 21:32:31 [info]: 🚀 Server running on port 3000
2025-12-11 21:32:31 [info]: 📡 WebSocket server ready
2025-12-11 21:32:31 [info]: 🌍 Environment: development
2025-12-11 21:32:31 [info]: 🔗 Health check: http://0.0.0.0:3000/api/health
2025-12-11 21:33:12 [info]: ✅ Database connected
2025-12-11 21:33:34 [info]: ✅ Database connected
2025-12-11 21:33:34 [info]: ✅ Redis connected
2025-12-11 21:33:34 [info]: 🚀 Server running on port 3000
2025-12-11 21:33:34 [info]: 📡 WebSocket server ready
2025-12-11 21:33:34 [info]: 🌍 Environment: development
2025-12-11 21:33:34 [info]: 🔗 Health check: http://0.0.0.0:3000/api/health
2025-12-11 21:34:54 [info]: ✅ Database connected
2025-12-11 21:34:54 [info]: ✅ Redis connected
2025-12-11 21:34:54 [info]: 🚀 Server running on port 3000
2025-12-11 21:34:54 [info]: 📡 WebSocket server ready
2025-12-11 21:34:54 [info]: 🌍 Environment: development
2025-12-11 21:34:54 [info]: 🔗 Health check: http://0.0.0.0:3000/api/health
2025-12-11 21:47:54 [info]: ✅ Database connected
2025-12-11 21:47:54 [info]: ✅ Redis connected
2025-12-11 21:47:54 [info]: 🚀 Server running on port 3000
2025-12-11 21:47:54 [info]: 📡 WebSocket server ready
2025-12-11 21:47:54 [info]: 🌍 Environment: development
2025-12-11 21:47:54 [info]: 🔗 Health check: http://0.0.0.0:3000/api/health
2025-12-11 21:47:55 [info]: ✅ Database connected
2025-12-11 21:47:55 [info]: ✅ Redis connected
2025-12-11 21:47:55 [info]: 🚀 Server running on port 3000
2025-12-11 21:47:55 [info]: 📡 WebSocket server ready
2025-12-11 21:47:55 [info]: 🌍 Environment: development
2025-12-11 21:47:55 [info]: 🔗 Health check: http://0.0.0.0:3000/api/health
2025-12-11 22:08:02 [info]: ✅ Database connected
2025-12-11 22:08:02 [info]: ✅ Database connected
2025-12-11 22:08:02 [info]: ✅ Redis connected
2025-12-11 22:08:02 [info]: 🚀 Server running on port 3000
2025-12-11 22:08:02 [info]: 📡 WebSocket server ready
2025-12-11 22:08:02 [info]: 🌍 Environment: development
2025-12-11 22:08:02 [info]: 🔗 Health check: http://0.0.0.0:3000/api/health
2025-12-11 22:08:13 [info]: ✅ Database connected
2025-12-11 22:11:47 [info]: ✅ Database connected
2025-12-11 22:11:47 [info]: ✅ Redis connected
2025-12-11 22:11:47 [info]: 🚀 Server running on port 3000
2025-12-11 22:11:47 [info]: 📡 WebSocket server ready
2025-12-11 22:11:47 [info]: 🌍 Environment: development
2025-12-11 22:11:47 [info]: 🔗 Health check: http://0.0.0.0:3000/api/health
2025-12-11 22:14:00 [info]: ✅ Database connected
2025-12-11 22:14:00 [info]: ✅ Redis connected
2025-12-11 22:14:00 [info]: 🚀 Server running on port 3000
2025-12-11 22:14:00 [info]: 📡 WebSocket server ready
2025-12-11 22:14:00 [info]: 🌍 Environment: development
2025-12-11 22:14:00 [info]: 🔗 Health check: http://0.0.0.0:3000/api/health
2025-12-11 22:14:57 [info]: ✅ Database connected
2025-12-11 22:14:57 [info]: ✅ Redis connected
2025-12-11 22:14:57 [info]: 🚀 Server running on port 3000
2025-12-11 22:14:57 [info]: 📡 WebSocket server ready
2025-12-11 22:14:57 [info]: 🌍 Environment: development
2025-12-11 22:14:57 [info]: 🔗 Health check: http://0.0.0.0:3000/api/health
2025-12-11 22:25:19 [info]: ✅ Database connected
2025-12-11 22:25:19 [info]: ✅ Redis connected
2025-12-11 22:25:19 [info]: 🚀 Server running on port 3000
2025-12-11 22:25:19 [info]: 📡 WebSocket server ready
2025-12-11 22:25:19 [info]: 🌍 Environment: development
2025-12-11 22:25:19 [info]: 🔗 Health check: http://0.0.0.0:3000/api/health
2025-12-11 22:26:30 [info]: ✅ Database connected
2025-12-11 22:26:30 [info]: ✅ Redis connected
2025-12-11 22:26:30 [info]: 🚀 Server running on port 3000
2025-12-11 22:26:30 [info]: 📡 WebSocket server ready
2025-12-11 22:26:30 [info]: 🌍 Environment: development
2025-12-11 22:26:30 [info]: 🔗 Health check: http://0.0.0.0:3000/api/health
2025-12-11 22:33:35 [info]: ✅ Database connected
2025-12-11 22:33:35 [info]: ✅ Redis connected
2025-12-11 22:33:35 [info]: 🚀 Server running on port 3000
2025-12-11 22:33:35 [info]: 📡 WebSocket server ready
2025-12-11 22:33:35 [info]: 🌍 Environment: development
2025-12-11 22:33:35 [info]: 🔗 Health check: http://0.0.0.0:3000/api/health
2025-12-11 23:09:10 [info]: ✅ Database connected
2025-12-11 23:09:10 [info]: ✅ Redis connected
2025-12-11 23:09:10 [info]: 🚀 Server running on port 3000
2025-12-11 23:09:10 [info]: 📡 WebSocket server ready
2025-12-11 23:09:10 [info]: 🌍 Environment: development
2025-12-11 23:09:10 [info]: 🔗 Health check: http://0.0.0.0:3000/api/health
2025-12-11 23:09:12 [info]: ✅ Database connected
2025-12-11 23:09:12 [info]: ✅ Redis connected
2025-12-11 23:09:12 [info]: 🚀 Server running on port 3000
2025-12-11 23:09:12 [info]: 📡 WebSocket server ready
2025-12-11 23:09:12 [info]: 🌍 Environment: development
2025-12-11 23:09:12 [info]: 🔗 Health check: http://0.0.0.0:3000/api/health
2025-12-11 23:09:49 [info]: ✅ Database connected
2025-12-11 23:09:49 [info]: ✅ Redis connected
2025-12-11 23:09:49 [info]: 🚀 Server running on port 3000
2025-12-11 23:09:49 [info]: 📡 WebSocket server ready
2025-12-11 23:09:49 [info]: 🌍 Environment: development
2025-12-11 23:09:49 [info]: 🔗 Health check: http://0.0.0.0:3000/api/health
2025-12-11 23:10:04 [info]: ✅ Database connected
2025-12-11 23:15:36 [info]: ✅ Database connected
2025-12-11 23:15:36 [info]: ✅ Redis connected
2025-12-11 23:15:36 [info]: 🚀 Server running on port 3000
2025-12-11 23:15:36 [info]: 📡 WebSocket server ready
2025-12-11 23:15:36 [info]: 🌍 Environment: development
2025-12-11 23:15:36 [info]: 🔗 Health check: http://0.0.0.0:3000/api/health
2025-12-11 23:17:28 [info]: ✅ Database connected
2025-12-11 23:17:28 [info]: ✅ Redis connected
2025-12-11 23:17:28 [info]: 🚀 Server running on port 3000
2025-12-11 23:17:28 [info]: 📡 WebSocket server ready
2025-12-11 23:17:28 [info]: 🌍 Environment: development
2025-12-11 23:17:28 [info]: 🔗 Health check: http://0.0.0.0:3000/api/health
2025-12-11 23:17:56 [info]: ✅ Database connected
2025-12-11 23:18:14 [info]: ✅ Database connected
2025-12-11 23:18:14 [info]: ✅ Redis connected
2025-12-11 23:18:14 [info]: 🚀 Server running on port 3000
2025-12-11 23:18:14 [info]: 📡 WebSocket server ready
2025-12-11 23:18:14 [info]: 🌍 Environment: development
2025-12-11 23:18:14 [info]: 🔗 Health check: http://0.0.0.0:3000/api/health
2025-12-11 23:18:36 [info]: ✅ Database connected
2025-12-11 23:18:36 [info]: ✅ Redis connected
2025-12-11 23:18:36 [info]: 🚀 Server running on port 3000
2025-12-11 23:18:36 [info]: 📡 WebSocket server ready
2025-12-11 23:18:36 [info]: 🌍 Environment: development
2025-12-11 23:18:36 [info]: 🔗 Health check: http://0.0.0.0:3000/api/health
2025-12-11 23:19:56 [info]: ✅ Database connected
2025-12-11 23:19:56 [info]: ✅ Redis connected
2025-12-11 23:19:56 [info]: 🚀 Server running on port 3000
2025-12-11 23:19:56 [info]: 📡 WebSocket server ready
2025-12-11 23:19:56 [info]: 🌍 Environment: development
2025-12-11 23:19:56 [info]: 🔗 Health check: http://0.0.0.0:3000/api/health
2025-12-11 23:20:22 [info]: ✅ Database connected
2025-12-11 23:20:22 [info]: ✅ Redis connected
2025-12-11 23:20:22 [info]: 🚀 Server running on port 3000
2025-12-11 23:20:22 [info]: 📡 WebSocket server ready
2025-12-11 23:20:22 [info]: 🌍 Environment: development
2025-12-11 23:20:22 [info]: 🔗 Health check: http://0.0.0.0:3000/api/health
2025-12-11 23:25:00 [info]: ✅ Database connected
2025-12-11 23:25:00 [info]: ✅ Redis connected
2025-12-11 23:25:00 [info]: 🚀 Server running on port 3000
2025-12-11 23:25:00 [info]: 📡 WebSocket server ready
2025-12-11 23:25:00 [info]: 🌍 Environment: development
2025-12-11 23:25:00 [info]: 🔗 Health check: http://0.0.0.0:3000/api/health
2025-12-11 23:25:32 [info]: ✅ Database connected
2025-12-11 23:25:32 [info]: ✅ Redis connected
2025-12-11 23:25:32 [info]: 🚀 Server running on port 3000
2025-12-11 23:25:32 [info]: 📡 WebSocket server ready
2025-12-11 23:25:32 [info]: 🌍 Environment: development
2025-12-11 23:25:32 [info]: 🔗 Health check: http://0.0.0.0:3000/api/health
2025-12-11 23:26:20 [info]: ✅ Database connected
2025-12-11 23:26:20 [info]: ✅ Redis connected
2025-12-11 23:26:20 [info]: 🚀 Server running on port 3000
2025-12-11 23:26:20 [info]: 📡 WebSocket server ready
2025-12-11 23:26:20 [info]: 🌍 Environment: development
2025-12-11 23:26:20 [info]: 🔗 Health check: http://0.0.0.0:3000/api/health
2025-12-11 23:27:04 [info]: ✅ Database connected
2025-12-11 23:27:04 [info]: ✅ Redis connected
2025-12-11 23:27:04 [info]: 🚀 Server running on port 3000
2025-12-11 23:27:04 [info]: 📡 WebSocket server ready
2025-12-11 23:27:04 [info]: 🌍 Environment: development
2025-12-11 23:27:04 [info]: 🔗 Health check: http://0.0.0.0:3000/api/health
2025-12-11 23:28:22 [info]: ✅ Database connected
2025-12-11 23:28:22 [info]: ✅ Redis connected
2025-12-11 23:28:22 [info]: 🚀 Server running on port 3000
2025-12-11 23:28:22 [info]: 📡 WebSocket server ready
2025-12-11 23:28:22 [info]: 🌍 Environment: development
2025-12-11 23:28:22 [info]: 🔗 Health check: http://0.0.0.0:3000/api/health
2025-12-11 23:28:52 [info]: ✅ Database connected
2025-12-11 23:28:52 [info]: ✅ Redis connected
2025-12-11 23:28:52 [info]: 🚀 Server running on port 3000
2025-12-11 23:28:52 [info]: 📡 WebSocket server ready
2025-12-11 23:28:52 [info]: 🌍 Environment: development
2025-12-11 23:28:52 [info]: 🔗 Health check: http://0.0.0.0:3000/api/health
2025-12-11 23:38:23 [info]: ✅ Database connected
2025-12-11 23:38:23 [info]: ✅ Redis connected
2025-12-11 23:38:24 [info]: 🚀 Server running on port 3000
2025-12-11 23:38:24 [info]: 📡 WebSocket server ready
2025-12-11 23:38:24 [info]: 🌍 Environment: development
2025-12-11 23:38:24 [info]: 🔗 Health check: http://0.0.0.0:3000/api/health
2025-12-11 23:38:39 [info]: ✅ Database connected
2025-12-11 23:38:39 [info]: ✅ Redis connected
2025-12-11 23:38:39 [info]: 🚀 Server running on port 3000
2025-12-11 23:38:39 [info]: 📡 WebSocket server ready
2025-12-11 23:38:39 [info]: 🌍 Environment: development
2025-12-11 23:38:39 [info]: 🔗 Health check: http://0.0.0.0:3000/api/health
2025-12-11 23:38:51 [info]: ✅ Database connected
2025-12-11 23:38:51 [info]: ✅ Redis connected
2025-12-11 23:38:51 [info]: 🚀 Server running on port 3000
2025-12-11 23:38:51 [info]: 📡 WebSocket server ready
2025-12-11 23:38:51 [info]: 🌍 Environment: development
2025-12-11 23:38:51 [info]: 🔗 Health check: http://0.0.0.0:3000/api/health
2025-12-11 23:39:00 [info]: ✅ Database connected
2025-12-11 23:39:00 [info]: ✅ Redis connected
2025-12-11 23:39:00 [info]: 🚀 Server running on port 3000
2025-12-11 23:39:00 [info]: 📡 WebSocket server ready
2025-12-11 23:39:00 [info]: 🌍 Environment: development
2025-12-11 23:39:00 [info]: 🔗 Health check: http://0.0.0.0:3000/api/health
2025-12-11 23:39:12 [info]: ✅ Database connected
2025-12-11 23:39:12 [info]: ✅ Redis connected
2025-12-11 23:39:12 [info]: 🚀 Server running on port 3000
2025-12-11 23:39:12 [info]: 📡 WebSocket server ready
2025-12-11 23:39:12 [info]: 🌍 Environment: development
2025-12-11 23:39:12 [info]: 🔗 Health check: http://0.0.0.0:3000/api/health
2025-12-11 23:39:48 [info]: ✅ Database connected
2025-12-11 23:39:48 [info]: ✅ Redis connected
2025-12-11 23:39:48 [info]: 🚀 Server running on port 3000
2025-12-11 23:39:48 [info]: 📡 WebSocket server ready
2025-12-11 23:39:48 [info]: 🌍 Environment: development
2025-12-11 23:39:48 [info]: 🔗 Health check: http://0.0.0.0:3000/api/health
2025-12-11 23:40:26 [info]: ✅ Database connected
2025-12-11 23:40:26 [info]: ✅ Redis connected
2025-12-11 23:40:26 [info]: 🚀 Server running on port 3000
2025-12-11 23:40:26 [info]: 📡 WebSocket server ready
2025-12-11 23:40:26 [info]: 🌍 Environment: development
2025-12-11 23:40:26 [info]: 🔗 Health check: http://0.0.0.0:3000/api/health
2025-12-11 23:40:56 [info]: ✅ Database connected
2025-12-11 23:40:56 [info]: ✅ Redis connected
2025-12-11 23:40:56 [info]: 🚀 Server running on port 3000
2025-12-11 23:40:56 [info]: 📡 WebSocket server ready
2025-12-11 23:40:56 [info]: 🌍 Environment: development
2025-12-11 23:40:56 [info]: 🔗 Health check: http://0.0.0.0:3000/api/health
2025-12-11 23:41:11 [info]: ✅ Database connected
2025-12-11 23:41:11 [info]: ✅ Redis connected
2025-12-11 23:41:11 [info]: 🚀 Server running on port 3000
2025-12-11 23:41:11 [info]: 📡 WebSocket server ready
2025-12-11 23:41:11 [info]: 🌍 Environment: development
2025-12-11 23:41:11 [info]: 🔗 Health check: http://0.0.0.0:3000/api/health
2025-12-11 23:41:18 [info]: ✅ Database connected
2025-12-11 23:41:18 [info]: ✅ Redis connected
2025-12-11 23:41:18 [info]: 🚀 Server running on port 3000
2025-12-11 23:41:18 [info]: 📡 WebSocket server ready
2025-12-11 23:41:18 [info]: 🌍 Environment: development
2025-12-11 23:41:18 [info]: 🔗 Health check: http://0.0.0.0:3000/api/health
2025-12-11 23:41:39 [info]: ✅ Database connected
2025-12-11 23:41:39 [info]: ✅ Redis connected
2025-12-11 23:41:39 [info]: 🚀 Server running on port 3000
2025-12-11 23:41:39 [info]: 📡 WebSocket server ready
2025-12-11 23:41:39 [info]: 🌍 Environment: development
2025-12-11 23:41:39 [info]: 🔗 Health check: http://0.0.0.0:3000/api/health
2025-12-11 23:41:54 [info]: ✅ Database connected
2025-12-11 23:41:54 [info]: ✅ Redis connected
2025-12-11 23:41:54 [info]: 🚀 Server running on port 3000
2025-12-11 23:41:54 [info]: 📡 WebSocket server ready
2025-12-11 23:41:54 [info]: 🌍 Environment: development
2025-12-11 23:41:54 [info]: 🔗 Health check: http://0.0.0.0:3000/api/health
2025-12-11 23:42:09 [info]: ✅ Database connected
2025-12-11 23:42:09 [info]: ✅ Redis connected
2025-12-11 23:42:09 [info]: 🚀 Server running on port 3000
2025-12-11 23:42:09 [info]: 📡 WebSocket server ready
2025-12-11 23:42:09 [info]: 🌍 Environment: development
2025-12-11 23:42:09 [info]: 🔗 Health check: http://0.0.0.0:3000/api/health
2025-12-11 23:42:22 [info]: ✅ Database connected
2025-12-11 23:56:28 [info]: ✅ Database connected
2025-12-11 23:56:33 [info]: ✅ Database connected
2025-12-11 23:56:38 [info]: ✅ Database connected
2025-12-11 23:56:44 [info]: ✅ Database connected
2025-12-11 23:57:09 [info]: ✅ Database connected
2025-12-11 23:57:42 [info]: ✅ Database connected
2025-12-11 23:57:42 [info]: ✅ Redis connected
2025-12-11 23:57:42 [info]: 🚀 Server running on port 3000
2025-12-11 23:57:42 [info]: 📡 WebSocket server ready
2025-12-11 23:57:42 [info]: 🌍 Environment: development
2025-12-11 23:57:42 [info]: 🔗 Health check: http://0.0.0.0:3000/api/health
2025-12-11 23:59:57 [info]: ✅ Database connected
2025-12-11 23:59:57 [info]: ✅ Redis connected
2025-12-11 23:59:57 [info]: 🚀 Server running on port 3000
2025-12-11 23:59:57 [info]: 📡 WebSocket server ready
2025-12-11 23:59:57 [info]: 🌍 Environment: development
2025-12-11 23:59:57 [info]: 🔗 Health check: http://0.0.0.0:3000/api/health
2025-12-12 00:00:15 [info]: ✅ Database connected
2025-12-12 00:00:15 [info]: ✅ Redis connected
2025-12-12 00:00:15 [info]: 🚀 Server running on port 3000
2025-12-12 00:00:15 [info]: 📡 WebSocket server ready
2025-12-12 00:00:15 [info]: 🌍 Environment: development
2025-12-12 00:00:15 [info]: 🔗 Health check: http://0.0.0.0:3000/api/health
2025-12-12 00:00:38 [info]: ✅ Database connected
2025-12-12 00:00:38 [info]: ✅ Redis connected
2025-12-12 00:00:38 [info]: 🚀 Server running on port 3000
2025-12-12 00:00:38 [info]: 📡 WebSocket server ready
2025-12-12 00:00:38 [info]: 🌍 Environment: development
2025-12-12 00:00:38 [info]: 🔗 Health check: http://0.0.0.0:3000/api/health
2025-12-12 00:51:17 [info]: ✅ Database connected
2025-12-12 00:51:17 [info]: ✅ Redis connected
2025-12-12 00:51:17 [info]: 🚀 Server running on port 3000
2025-12-12 00:51:17 [info]: 📡 WebSocket server ready
2025-12-12 00:51:17 [info]: 🌍 Environment: development
2025-12-12 00:51:17 [info]: 🔗 Health check: http://0.0.0.0:3000/api/health
2025-12-12 00:51:18 [info]: ✅ Database connected
2025-12-12 00:51:18 [info]: ✅ Redis connected
2025-12-12 00:51:18 [info]: 🚀 Server running on port 3000
2025-12-12 00:51:18 [info]: 📡 WebSocket server ready
2025-12-12 00:51:18 [info]: 🌍 Environment: development
2025-12-12 00:51:18 [info]: 🔗 Health check: http://0.0.0.0:3000/api/health
2025-12-12 00:57:45 [info]: ✅ Database connected
2025-12-12 00:57:45 [info]: ✅ Redis connected
2025-12-12 00:57:45 [info]: 🚀 Server running on port 3000
2025-12-12 00:57:45 [info]: 📡 WebSocket server ready
2025-12-12 00:57:45 [info]: 🌍 Environment: development
2025-12-12 00:57:45 [info]: 🔗 Health check: http://0.0.0.0:3000/api/health
2025-12-12 01:00:39 [info]: ✅ Database connected
2025-12-12 01:00:39 [info]: ✅ Redis connected
2025-12-12 01:00:39 [info]: 🚀 Server running on port 3000
2025-12-12 01:00:39 [info]: 📡 WebSocket server ready
2025-12-12 01:00:39 [info]: 🌍 Environment: development
2025-12-12 01:00:39 [info]: 🔗 Health check: http://0.0.0.0:3000/api/health
2025-12-12 02:14:19 [info]: ✅ Database connected
2025-12-12 02:14:19 [info]: ✅ Redis connected
2025-12-12 02:14:19 [info]: 🚀 Server running on port 3000
2025-12-12 02:14:19 [info]: 📡 WebSocket server ready
2025-12-12 02:14:19 [info]: 🌍 Environment: development
2025-12-12 02:14:19 [info]: 🔗 Health check: http://0.0.0.0:3000/api/health
2025-12-12 02:22:22 [info]: ✅ Database connected
2025-12-12 02:34:07 [info]: ✅ Database connected
2025-12-12 02:36:19 [info]: ✅ Database connected
2025-12-12 02:36:19 [info]: ✅ Redis connected
2025-12-12 02:36:19 [info]: 🚀 Server running on port 3000
2025-12-12 02:36:19 [info]: 📡 WebSocket server ready
2025-12-12 02:36:19 [info]: 🌍 Environment: development
2025-12-12 02:36:19 [info]: 🔗 Health check: http://0.0.0.0:3000/api/health
2025-12-12 02:36:30 [info]: ✅ Database connected
2025-12-12 02:36:30 [info]: ✅ Redis connected
2025-12-12 02:36:30 [info]: 🚀 Server running on port 3000
2025-12-12 02:36:30 [info]: 📡 WebSocket server ready
2025-12-12 02:36:30 [info]: 🌍 Environment: development
2025-12-12 02:36:30 [info]: 🔗 Health check: http://0.0.0.0:3000/api/health
2025-12-12 02:36:35 [info]: ✅ Database connected
2025-12-12 02:37:20 [info]: ✅ Database connected
2025-12-12 02:37:20 [info]: ✅ Redis connected
2025-12-12 02:37:20 [info]: 🚀 Server running on port 3000
2025-12-12 02:37:20 [info]: 📡 WebSocket server ready
2025-12-12 02:37:20 [info]: 🌍 Environment: development
2025-12-12 02:37:20 [info]: 🔗 Health check: http://0.0.0.0:3000/api/health
2025-12-12 02:38:04 [info]: ✅ Database connected
2025-12-12 02:38:04 [info]: ✅ Redis connected
2025-12-12 02:38:04 [info]: 🚀 Server running on port 3000
2025-12-12 02:38:04 [info]: 📡 WebSocket server ready
2025-12-12 02:38:04 [info]: 🌍 Environment: development
2025-12-12 02:38:04 [info]: 🔗 Health check: http://0.0.0.0:3000/api/health
2025-12-12 02:39:55 [info]: ✅ Database connected
2025-12-12 02:39:55 [info]: ✅ Redis connected
2025-12-12 02:39:55 [info]: 🚀 Server running on port 3000
2025-12-12 02:39:55 [info]: 📡 WebSocket server ready
2025-12-12 02:39:55 [info]: 🌍 Environment: development
2025-12-12 02:39:55 [info]: 🔗 Health check: http://0.0.0.0:3000/api/health
2025-12-12 02:44:41 [info]: ✅ Database connected
2025-12-12 02:44:41 [info]: ✅ Redis connected
2025-12-12 02:44:41 [info]: 🚀 Server running on port 3000
2025-12-12 02:44:41 [info]: 📡 WebSocket server ready
2025-12-12 02:44:41 [info]: 🌍 Environment: development
2025-12-12 02:44:41 [info]: 🔗 Health check: http://0.0.0.0:3000/api/health
2025-12-12 10:46:20 [info]: ✅ Database connected
2025-12-12 10:46:20 [info]: ✅ Redis connected
2025-12-12 10:46:20 [info]: 🚀 Server running on port 3000
2025-12-12 10:46:20 [info]: 📡 WebSocket server ready
2025-12-12 10:46:20 [info]: 🌍 Environment: development
2025-12-12 10:46:20 [info]: 🔗 Health check: http://0.0.0.0:3000/api/health
2025-12-12 10:57:15 [info]: ✅ Database connected
2025-12-12 10:57:15 [info]: ✅ Redis connected
2025-12-12 10:57:15 [info]: 🚀 Server running on port 3000
2025-12-12 10:57:15 [info]: 📡 WebSocket server ready
2025-12-12 10:57:15 [info]: 🌍 Environment: development
2025-12-12 10:57:15 [info]: 🔗 Health check: http://0.0.0.0:3000/api/health
2025-12-12 11:01:17 [info]: ✅ Database connected
2025-12-12 11:01:17 [info]: ✅ Redis connected
2025-12-12 11:01:17 [info]: 🚀 Server running on port 3000
2025-12-12 11:01:17 [info]: 📡 WebSocket server ready
2025-12-12 11:01:17 [info]: 🌍 Environment: development
2025-12-12 11:01:17 [info]: 🔗 Health check: http://0.0.0.0:3000/api/health
2025-12-12 11:20:52 [info]: ✅ Database connected
2025-12-12 11:20:52 [info]: ✅ Redis connected
2025-12-12 11:20:52 [info]: 🚀 Server running on port 3000
2025-12-12 11:20:52 [info]: 📡 WebSocket server ready
2025-12-12 11:20:52 [info]: 🌍 Environment: development
2025-12-12 11:20:52 [info]: 🔗 Health check: http://0.0.0.0:3000/api/health
2025-12-12 11:26:54 [info]: ✅ Database connected
2025-12-12 11:26:54 [info]: ✅ Redis connected
2025-12-12 11:26:54 [info]: 🚀 Server running on port 3000
2025-12-12 11:26:54 [info]: 📡 WebSocket server ready
2025-12-12 11:26:54 [info]: 🌍 Environment: development
2025-12-12 11:26:54 [info]: 🔗 Health check: http://0.0.0.0:3000/api/health
2025-12-12 11:28:56 [info]: ✅ Database connected
2025-12-12 11:28:56 [info]: ✅ Redis connected
2025-12-12 11:28:56 [info]: 🚀 Server running on port 3000
2025-12-12 11:28:56 [info]: 📡 WebSocket server ready
2025-12-12 11:28:56 [info]: 🌍 Environment: development
2025-12-12 11:28:56 [info]: 🔗 Health check: http://0.0.0.0:3000/api/health
2025-12-12 14:37:31 [info]: ✅ Database connected
2025-12-12 14:37:31 [info]: ✅ Redis connected
2025-12-12 14:37:31 [info]: 🚀 Server running on port 3000
2025-12-12 14:37:31 [info]: 📡 WebSocket server ready
2025-12-12 14:37:31 [info]: 🌍 Environment: development
2025-12-12 14:37:31 [info]: 🔗 Health check: http://0.0.0.0:3000/api/health
2025-12-16 02:45:45 [info]: ✅ Database connected
2025-12-16 02:45:45 [info]: ✅ Redis connected
2025-12-16 02:45:45 [info]: 🚀 Server running on port 3000
2025-12-16 02:45:45 [info]: 📡 WebSocket server ready
2025-12-16 02:45:45 [info]: 🌍 Environment: development
2025-12-16 02:45:45 [info]: 🔗 Health check: http://0.0.0.0:3000/api/health
2025-12-16 19:30:40 [info]: ✅ Database connected
2025-12-16 19:30:42 [info]: ✅ Database connected
2025-12-16 19:31:11 [info]: ✅ Database connected
2025-12-16 19:31:55 [info]: ✅ Database connected
2025-12-16 19:31:55 [info]: ✅ Redis connected
2025-12-16 19:31:55 [info]: 🚀 Server running on port 3000
2025-12-16 19:31:55 [info]: 📡 WebSocket server ready
2025-12-16 19:31:55 [info]: 🌍 Environment: development
2025-12-16 19:31:55 [info]: 🔗 Health check: http://0.0.0.0:3000/api/health
2025-12-16 19:32:09 [info]: ✅ Database connected
2025-12-16 19:32:09 [info]: ✅ Redis connected
2025-12-16 19:32:09 [info]: 🚀 Server running on port 3000
2025-12-16 19:32:09 [info]: 📡 WebSocket server ready
2025-12-16 19:32:09 [info]: 🌍 Environment: development
2025-12-16 19:32:09 [info]: 🔗 Health check: http://0.0.0.0:3000/api/health
2025-12-16 19:45:08 [info]: ✅ Database connected
2025-12-16 19:45:08 [info]: ✅ Redis connected
2025-12-16 19:45:08 [info]: 🚀 Server running on port 3000
2025-12-16 19:45:08 [info]: 📡 WebSocket server ready
2025-12-16 19:45:08 [info]: 🌍 Environment: development
2025-12-16 19:45:08 [info]: 🔗 Health check: http://0.0.0.0:3000/api/health
2025-12-16 19:47:04 [info]: ✅ Database connected
2025-12-16 19:47:04 [info]: ✅ Redis connected
2025-12-16 19:47:04 [info]: 🚀 Server running on port 3000
2025-12-16 19:47:04 [info]: 📡 WebSocket server ready
2025-12-16 19:47:04 [info]: 🌍 Environment: development
2025-12-16 19:47:04 [info]: 🔗 Health check: http://0.0.0.0:3000/api/health
2025-12-16 20:32:10 [info]: ✅ Database connected
2025-12-16 20:32:10 [info]: ✅ Redis connected
2025-12-16 20:32:10 [info]: 🚀 Server running on port 3000
2025-12-16 20:32:10 [info]: 📡 WebSocket server ready
2025-12-16 20:32:10 [info]: 🌍 Environment: development
2025-12-16 20:32:10 [info]: 🔗 Health check: http://0.0.0.0:3000/api/health
2025-12-16 20:32:11 [info]: ✅ Database connected
2025-12-16 20:32:11 [info]: ✅ Redis connected
2025-12-16 20:32:11 [info]: 🚀 Server running on port 3000
2025-12-16 20:32:11 [info]: 📡 WebSocket server ready
2025-12-16 20:32:11 [info]: 🌍 Environment: development
2025-12-16 20:32:11 [info]: 🔗 Health check: http://0.0.0.0:3000/api/health
2025-12-17 01:07:12 [info]: ✅ Database connected
2025-12-17 01:07:12 [info]: ✅ Redis connected
2025-12-17 01:07:12 [info]: 🚀 Server running on port 3000
2025-12-17 01:07:12 [info]: 📡 WebSocket server ready
2025-12-17 01:07:12 [info]: 🌍 Environment: development
2025-12-17 01:07:12 [info]: 🔗 Health check: http://0.0.0.0:3000/api/health
2025-12-17 01:07:13 [info]: ✅ Database connected
2025-12-17 01:07:13 [info]: ✅ Redis connected
2025-12-17 01:07:13 [info]: 🚀 Server running on port 3000
2025-12-17 01:07:13 [info]: 📡 WebSocket server ready
2025-12-17 01:07:13 [info]: 🌍 Environment: development
2025-12-17 01:07:13 [info]: 🔗 Health check: http://0.0.0.0:3000/api/health
2025-12-17 01:08:17 [info]: ✅ Database connected
2025-12-17 01:08:17 [info]: ✅ Redis connected
2025-12-17 01:08:17 [info]: 🚀 Server running on port 3000
2025-12-17 01:08:17 [info]: 📡 WebSocket server ready
2025-12-17 01:08:17 [info]: 🌍 Environment: development
2025-12-17 01:08:17 [info]: 🔗 Health check: http://0.0.0.0:3000/api/health
2025-12-17 01:08:54 [info]: ✅ Database connected
2025-12-17 01:08:54 [info]: ✅ Redis connected
2025-12-17 01:08:54 [info]: 🚀 Server running on port 3000
2025-12-17 01:08:54 [info]: 📡 WebSocket server ready
2025-12-17 01:08:54 [info]: 🌍 Environment: development
2025-12-17 01:08:54 [info]: 🔗 Health check: http://0.0.0.0:3000/api/health
2025-12-17 01:09:04 [info]: ✅ Database connected
2025-12-17 01:09:04 [info]: ✅ Redis connected
2025-12-17 01:09:04 [info]: 🚀 Server running on port 3000
2025-12-17 01:09:04 [info]: 📡 WebSocket server ready
2025-12-17 01:09:04 [info]: 🌍 Environment: development
2025-12-17 01:09:04 [info]: 🔗 Health check: http://0.0.0.0:3000/api/health
2025-12-17 01:09:10 [info]: ✅ Database connected
2025-12-17 01:09:10 [info]: ✅ Redis connected
2025-12-17 01:09:10 [info]: 🚀 Server running on port 3000
2025-12-17 01:09:10 [info]: 📡 WebSocket server ready
2025-12-17 01:09:10 [info]: 🌍 Environment: development
2025-12-17 01:09:10 [info]: 🔗 Health check: http://0.0.0.0:3000/api/health
2025-12-17 01:09:14 [info]: ✅ Database connected
2025-12-17 01:09:14 [info]: ✅ Redis connected
2025-12-17 01:09:14 [info]: 🚀 Server running on port 3000
2025-12-17 01:09:14 [info]: 📡 WebSocket server ready
2025-12-17 01:09:14 [info]: 🌍 Environment: development
2025-12-17 01:09:14 [info]: 🔗 Health check: http://0.0.0.0:3000/api/health
2025-12-17 01:09:17 [info]: ✅ Database connected
2025-12-17 01:09:17 [info]: ✅ Redis connected
2025-12-17 01:09:17 [info]: 🚀 Server running on port 3000
2025-12-17 01:09:17 [info]: 📡 WebSocket server ready
2025-12-17 01:09:17 [info]: 🌍 Environment: development
2025-12-17 01:09:17 [info]: 🔗 Health check: http://0.0.0.0:3000/api/health
2025-12-17 01:09:36 [info]: ✅ Database connected
2025-12-17 01:09:36 [info]: ✅ Redis connected
2025-12-17 01:09:36 [info]: 🚀 Server running on port 3000
2025-12-17 01:09:36 [info]: 📡 WebSocket server ready
2025-12-17 01:09:36 [info]: 🌍 Environment: development
2025-12-17 01:09:36 [info]: 🔗 Health check: http://0.0.0.0:3000/api/health
2025-12-17 01:14:33 [info]: ✅ Database connected
2025-12-17 01:14:33 [info]: ✅ Redis connected
2025-12-17 01:14:33 [info]: 🚀 Server running on port 3000
2025-12-17 01:14:33 [info]: 📡 WebSocket server ready
2025-12-17 01:14:33 [info]: 🌍 Environment: development
2025-12-17 01:14:33 [info]: 🔗 Health check: http://0.0.0.0:3000/api/health
2025-12-17 02:08:31 [info]: ✅ Database connected
2025-12-17 02:08:31 [info]: ✅ Redis connected
2025-12-17 02:08:31 [info]: 🚀 Server running on port 3000
2025-12-17 02:08:31 [info]: 📡 WebSocket server ready
2025-12-17 02:08:31 [info]: 🌍 Environment: development
2025-12-17 02:08:31 [info]: 🔗 Health check: http://0.0.0.0:3000/api/health
2025-12-17 02:08:32 [info]: ✅ Database connected
2025-12-17 02:08:32 [info]: ✅ Redis connected
2025-12-17 02:08:32 [info]: 🚀 Server running on port 3000
2025-12-17 02:08:32 [info]: 📡 WebSocket server ready
2025-12-17 02:08:32 [info]: 🌍 Environment: development
2025-12-17 02:08:32 [info]: 🔗 Health check: http://0.0.0.0:3000/api/health
2025-12-17 02:09:38 [info]: ✅ Database connected
2025-12-17 02:09:38 [info]: ✅ Redis connected
2025-12-17 02:09:38 [info]: 🚀 Server running on port 3000
2025-12-17 02:09:38 [info]: 📡 WebSocket server ready
2025-12-17 02:09:38 [info]: 🌍 Environment: development
2025-12-17 02:09:38 [info]: 🔗 Health check: http://0.0.0.0:3000/api/health
2025-12-17 13:08:49 [info]: ✅ Database connected
2025-12-17 13:08:49 [info]: ✅ Redis connected
2025-12-17 13:08:49 [info]: 🚀 Server running on port 3000
2025-12-17 13:08:49 [info]: 📡 WebSocket server ready
2025-12-17 13:08:49 [info]: 🌍 Environment: development
2025-12-17 13:08:49 [info]: 🔗 Health check: http://0.0.0.0:3000/api/health
2025-12-17 13:16:28 [info]: ✅ Database connected
2025-12-17 13:16:28 [info]: ✅ Redis connected
2025-12-17 13:16:28 [info]: 🚀 Server running on port 3000
2025-12-17 13:16:28 [info]: 📡 WebSocket server ready
2025-12-17 13:16:28 [info]: 🌍 Environment: development
2025-12-17 13:16:28 [info]: 🔗 Health check: http://0.0.0.0:3000/api/health
2025-12-17 13:30:07 [info]: ✅ Database connected
2025-12-17 13:30:07 [info]: ✅ Redis connected
2025-12-17 13:30:07 [info]: 🚀 Server running on port 3000
2025-12-17 13:30:07 [info]: 📡 WebSocket server ready
2025-12-17 13:30:07 [info]: 🌍 Environment: development
2025-12-17 13:30:07 [info]: 🔗 Health check: http://0.0.0.0:3000/api/health
2025-12-17 14:09:34 [info]: ✅ Database connected
2025-12-17 14:09:34 [info]: ✅ Redis connected
2025-12-17 14:09:34 [info]: 🚀 Server running on port 3000
2025-12-17 14:09:34 [info]: 📡 WebSocket server ready
2025-12-17 14:09:34 [info]: 🌍 Environment: development
2025-12-17 14:09:34 [info]: 🔗 Health check: http://0.0.0.0:3000/api/health
2025-12-17 14:33:52 [info]: ✅ Database connected
2025-12-17 14:33:52 [info]: ✅ Redis connected
2025-12-17 14:33:52 [info]: 🚀 Server running on port 3000
2025-12-17 14:33:52 [info]: 📡 WebSocket server ready
2025-12-17 14:33:52 [info]: 🌍 Environment: development
2025-12-17 14:33:52 [info]: 🔗 Health check: http://0.0.0.0:3000/api/health
2025-12-17 14:34:41 [info]: ✅ Database connected
2025-12-17 14:34:41 [info]: ✅ Redis connected
2025-12-17 14:34:41 [info]: 🚀 Server running on port 3000
2025-12-17 14:34:41 [info]: 📡 WebSocket server ready
2025-12-17 14:34:41 [info]: 🌍 Environment: development
2025-12-17 14:34:41 [info]: 🔗 Health check: http://0.0.0.0:3000/api/health
2025-12-17 14:35:21 [info]: ✅ Database connected
2025-12-17 14:35:21 [info]: ✅ Redis connected
2025-12-17 14:35:21 [info]: 🚀 Server running on port 3000
2025-12-17 14:35:21 [info]: 📡 WebSocket server ready
2025-12-17 14:35:21 [info]: 🌍 Environment: development
2025-12-17 14:35:21 [info]: 🔗 Health check: http://0.0.0.0:3000/api/health
2025-12-17 14:36:19 [info]: ✅ Database connected
2025-12-17 14:36:19 [info]: ✅ Redis connected
2025-12-17 14:36:19 [info]: 🚀 Server running on port 3000
2025-12-17 14:36:19 [info]: 📡 WebSocket server ready
2025-12-17 14:36:19 [info]: 🌍 Environment: development
2025-12-17 14:36:19 [info]: 🔗 Health check: http://0.0.0.0:3000/api/health
2025-12-17 14:36:33 [info]: ✅ Database connected
2025-12-17 14:36:33 [info]: ✅ Redis connected
2025-12-17 14:36:33 [info]: 🚀 Server running on port 3000
2025-12-17 14:36:33 [info]: 📡 WebSocket server ready
2025-12-17 14:36:33 [info]: 🌍 Environment: development
2025-12-17 14:36:33 [info]: 🔗 Health check: http://0.0.0.0:3000/api/health
2025-12-17 14:37:43 [info]: ✅ Database connected
2025-12-17 14:37:43 [info]: ✅ Redis connected
2025-12-17 14:37:43 [info]: 🚀 Server running on port 3000
2025-12-17 14:37:43 [info]: 📡 WebSocket server ready
2025-12-17 14:37:43 [info]: 🌍 Environment: development
2025-12-17 14:37:43 [info]: 🔗 Health check: http://0.0.0.0:3000/api/health
2025-12-17 14:37:56 [info]: ✅ Database connected
2025-12-17 14:37:56 [info]: ✅ Redis connected
2025-12-17 14:37:56 [info]: 🚀 Server running on port 3000
2025-12-17 14:37:56 [info]: 📡 WebSocket server ready
2025-12-17 14:37:56 [info]: 🌍 Environment: development
2025-12-17 14:37:56 [info]: 🔗 Health check: http://0.0.0.0:3000/api/health
2025-12-17 14:41:16 [info]: ✅ Database connected
2025-12-17 14:41:16 [info]: ✅ Redis connected
2025-12-17 14:41:16 [info]: 🚀 Server running on port 3000
2025-12-17 14:41:16 [info]: 📡 WebSocket server ready
2025-12-17 14:41:16 [info]: 🌍 Environment: development
2025-12-17 14:41:16 [info]: 🔗 Health check: http://0.0.0.0:3000/api/health
2025-12-17 14:41:38 [info]: ✅ Database connected
2025-12-17 14:41:38 [info]: ✅ Redis connected
2025-12-17 14:41:38 [info]: 🚀 Server running on port 3000
2025-12-17 14:41:38 [info]: 📡 WebSocket server ready
2025-12-17 14:41:38 [info]: 🌍 Environment: development
2025-12-17 14:41:38 [info]: 🔗 Health check: http://0.0.0.0:3000/api/health
2025-12-17 14:41:43 [info]: ✅ Database connected
2025-12-17 14:41:43 [info]: ✅ Redis connected
2025-12-17 14:41:43 [info]: 🚀 Server running on port 3000
2025-12-17 14:41:43 [info]: 📡 WebSocket server ready
2025-12-17 14:41:43 [info]: 🌍 Environment: development
2025-12-17 14:41:43 [info]: 🔗 Health check: http://0.0.0.0:3000/api/health
2025-12-17 14:42:06 [info]: ✅ Database connected
2025-12-17 14:42:06 [info]: ✅ Redis connected
2025-12-17 14:42:06 [info]: 🚀 Server running on port 3000
2025-12-17 14:42:06 [info]: 📡 WebSocket server ready
2025-12-17 14:42:06 [info]: 🌍 Environment: development
2025-12-17 14:42:06 [info]: 🔗 Health check: http://0.0.0.0:3000/api/health
2025-12-17 15:37:57 [info]: ✅ Database connected
2025-12-17 15:37:57 [info]: ✅ Redis connected
2025-12-17 15:37:57 [info]: 🚀 Server running on port 3000
2025-12-17 15:37:57 [info]: 📡 WebSocket server ready
2025-12-17 15:37:57 [info]: 🌍 Environment: development
2025-12-17 15:37:57 [info]: 🔗 Health check: http://0.0.0.0:3000/api/health
2025-12-17 15:37:58 [info]: ✅ Database connected
2025-12-17 15:37:58 [info]: ✅ Redis connected
2025-12-17 15:37:58 [info]: 🚀 Server running on port 3000
2025-12-17 15:37:58 [info]: 📡 WebSocket server ready
2025-12-17 15:37:58 [info]: 🌍 Environment: development
2025-12-17 15:37:58 [info]: 🔗 Health check: http://0.0.0.0:3000/api/health
2025-12-17 15:42:07 [info]: ✅ Database connected
2025-12-17 15:42:07 [info]: ✅ Redis connected
2025-12-17 15:42:07 [info]: 🚀 Server running on port 3000
2025-12-17 15:42:07 [info]: 📡 WebSocket server ready
2025-12-17 15:42:07 [info]: 🌍 Environment: development
2025-12-17 15:42:07 [info]: 🔗 Health check: http://0.0.0.0:3000/api/health
2025-12-17 18:11:31 [info]: ✅ Database connected
2025-12-17 18:11:31 [info]: ✅ Redis connected
2025-12-17 18:11:31 [info]: 🚀 Server running on port 3000
2025-12-17 18:11:31 [info]: 📡 WebSocket server ready
2025-12-17 18:11:31 [info]: 🌍 Environment: development
2025-12-17 18:11:31 [info]: 🔗 Health check: http://0.0.0.0:3000/api/health
2025-12-17 18:11:32 [info]: ✅ Database connected
2025-12-17 18:11:32 [info]: ✅ Redis connected
2025-12-17 18:11:32 [info]: 🚀 Server running on port 3000
2025-12-17 18:11:32 [info]: 📡 WebSocket server ready
2025-12-17 18:11:32 [info]: 🌍 Environment: development
2025-12-17 18:11:32 [info]: 🔗 Health check: http://0.0.0.0:3000/api/health
2025-12-20 18:52:55 [info]: ✅ Database connected
2025-12-20 18:52:55 [info]: ✅ Redis connected
2025-12-20 18:52:55 [info]: 🚀 Server running on port 3000
2025-12-20 18:52:55 [info]: 📡 WebSocket server ready
2025-12-20 18:52:55 [info]: 🌍 Environment: development
2025-12-20 18:52:55 [info]: 🔗 Health check: http://0.0.0.0:3000/api/health
2025-12-20 18:53:04 [info]: ✅ Database connected
2025-12-20 18:53:04 [info]: ✅ Redis connected
2025-12-20 18:53:04 [info]: 🚀 Server running on port 3000
2025-12-20 18:53:04 [info]: 📡 WebSocket server ready
2025-12-20 18:53:04 [info]: 🌍 Environment: development
2025-12-20 18:53:04 [info]: 🔗 Health check: http://0.0.0.0:3000/api/health
2025-12-20 18:55:14 [info]: ✅ Database connected
2025-12-20 18:55:14 [info]: ✅ Redis connected
2025-12-20 18:55:14 [info]: 🚀 Server running on port 3000
2025-12-20 18:55:14 [info]: 📡 WebSocket server ready
2025-12-20 18:55:14 [info]: 🌍 Environment: development
2025-12-20 18:55:14 [info]: 🔗 Health check: http://0.0.0.0:3000/api/health
2025-12-21 13:37:05 [info]: ✅ Database connected
2025-12-21 13:37:05 [info]: ✅ Redis connected
2025-12-21 13:37:05 [info]: 🚀 Server running on port 3000
2025-12-21 13:37:05 [info]: 📡 WebSocket server ready
2025-12-21 13:37:05 [info]: 🌍 Environment: development
2025-12-21 13:37:05 [info]: 🔗 Health check: http://0.0.0.0:3000/api/health
2025-12-21 13:43:06 [info]: ✅ Database connected
2025-12-21 13:43:06 [info]: ✅ Redis connected
2025-12-21 13:43:06 [info]: 🚀 Server running on port 3000
2025-12-21 13:43:06 [info]: 📡 WebSocket server ready
2025-12-21 13:43:06 [info]: 🌍 Environment: development
2025-12-21 13:43:06 [info]: 🔗 Health check: http://0.0.0.0:3000/api/health
2025-12-21 13:43:10 [info]: ✅ Database connected
2025-12-21 13:43:10 [info]: ✅ Redis connected
2025-12-21 13:43:10 [info]: 🚀 Server running on port 3000
2025-12-21 13:43:10 [info]: 📡 WebSocket server ready
2025-12-21 13:43:10 [info]: 🌍 Environment: development
2025-12-21 13:43:10 [info]: 🔗 Health check: http://0.0.0.0:3000/api/health
2025-12-21 13:44:06 [info]: ✅ Database connected
2025-12-21 13:44:06 [info]: ✅ Redis connected
2025-12-21 13:44:06 [info]: 🚀 Server running on port 3000
2025-12-21 13:44:06 [info]: 📡 WebSocket server ready
2025-12-21 13:44:06 [info]: 🌍 Environment: development
2025-12-21 13:44:06 [info]: 🔗 Health check: http://0.0.0.0:3000/api/health
2025-12-21 13:56:40 [info]: ✅ Database connected
2025-12-21 13:56:40 [info]: ✅ Redis connected
2025-12-21 13:56:40 [info]: 🚀 Server running on port 3000
2025-12-21 13:56:40 [info]: 📡 WebSocket server ready
2025-12-21 13:56:40 [info]: 🌍 Environment: development
2025-12-21 13:56:40 [info]: 🔗 Health check: http://0.0.0.0:3000/api/health
2025-12-21 14:32:16 [info]: ✅ Database connected
2025-12-21 14:32:16 [info]: ✅ Redis connected
2025-12-21 14:32:16 [info]: 🚀 Server running on port 3000
2025-12-21 14:32:16 [info]: 📡 WebSocket server ready
2025-12-21 14:32:16 [info]: 🌍 Environment: development
2025-12-21 14:32:16 [info]: 🔗 Health check: http://0.0.0.0:3000/api/health
2025-12-21 17:18:29 [info]: ✅ Database connected
2025-12-21 17:18:29 [info]: ✅ Redis connected
2025-12-21 17:18:30 [info]: 🚀 Server running on port 3000
2025-12-21 17:18:30 [info]: 📡 WebSocket server ready
2025-12-21 17:18:30 [info]: 🌍 Environment: development
2025-12-21 17:18:30 [info]: 🔗 Health check: http://0.0.0.0:3000/api/health
2025-12-21 17:18:31 [info]: ✅ Database connected
2025-12-21 17:18:31 [info]: ✅ Redis connected
2025-12-21 17:18:31 [info]: 🚀 Server running on port 3000
2025-12-21 17:18:31 [info]: 📡 WebSocket server ready
2025-12-21 17:18:31 [info]: 🌍 Environment: development
2025-12-21 17:18:31 [info]: 🔗 Health check: http://0.0.0.0:3000/api/health
2025-12-21 17:51:24 [info]: ✅ Database connected
2025-12-21 17:51:24 [info]: ✅ Redis connected
2025-12-21 17:51:24 [info]: 🚀 Server running on port 3000
2025-12-21 17:51:24 [info]: 📡 WebSocket server ready
2025-12-21 17:51:24 [info]: 🌍 Environment: development
2025-12-21 17:51:24 [info]: 🔗 Health check: http://0.0.0.0:3000/api/health
2025-12-21 17:53:25 [info]: ✅ Database connected
2025-12-21 17:53:25 [info]: ✅ Redis connected
2025-12-21 17:53:25 [info]: 🚀 Server running on port 3000
2025-12-21 17:53:25 [info]: 📡 WebSocket server ready
2025-12-21 17:53:25 [info]: 🌍 Environment: development
2025-12-21 17:53:25 [info]: 🔗 Health check: http://0.0.0.0:3000/api/health
2025-12-21 18:04:01 [info]: ✅ Database connected
2025-12-21 18:04:01 [info]: ✅ Redis connected
2025-12-21 18:04:01 [info]: 🚀 Server running on port 3000
2025-12-21 18:04:01 [info]: 📡 WebSocket server ready
2025-12-21 18:04:01 [info]: 🌍 Environment: development
2025-12-21 18:04:01 [info]: 🔗 Health check: http://0.0.0.0:3000/api/health
2025-12-21 18:04:04 [info]: ✅ Database connected
2025-12-21 18:04:04 [info]: ✅ Redis connected
2025-12-21 18:04:04 [info]: 🚀 Server running on port 3000
2025-12-21 18:04:04 [info]: 📡 WebSocket server ready
2025-12-21 18:04:04 [info]: 🌍 Environment: development
2025-12-21 18:04:04 [info]: 🔗 Health check: http://0.0.0.0:3000/api/health
2025-12-21 18:04:30 [info]: ✅ Database connected
2025-12-21 18:04:30 [info]: ✅ Redis connected
2025-12-21 18:04:30 [info]: 🚀 Server running on port 3000
2025-12-21 18:04:30 [info]: 📡 WebSocket server ready
2025-12-21 18:04:30 [info]: 🌍 Environment: development
2025-12-21 18:04:30 [info]: 🔗 Health check: http://0.0.0.0:3000/api/health
2025-12-21 18:04:44 [info]: ✅ Database connected
2025-12-21 18:04:44 [info]: ✅ Redis connected
2025-12-21 18:04:44 [info]: 🚀 Server running on port 3000
2025-12-21 18:04:44 [info]: 📡 WebSocket server ready
2025-12-21 18:04:44 [info]: 🌍 Environment: development
2025-12-21 18:04:44 [info]: 🔗 Health check: http://0.0.0.0:3000/api/health
2025-12-21 18:05:27 [error]: unhandledRejection: Release called on client which has already been released to the pool.
Error: Release called on client which has already been released to the pool.
    at throwOnDoubleRelease (C:\Users\win\Downloads\Global-Advertising-Platform-d9586aca12844d7c7dbe1a70fb43f4a241df4343\backend\node_modules\pg-pool\index.js:27:9)
    at Client.release (C:\Users\win\Downloads\Global-Advertising-Platform-d9586aca12844d7c7dbe1a70fb43f4a241df4343\backend\node_modules\pg-pool\index.js:338:9)
    at file:///C:/Users/win/Downloads/Global-Advertising-Platform-d9586aca12844d7c7dbe1a70fb43f4a241df4343/backend/routes/territories.js:503:20
    at process.processTicksAndRejections (node:internal/process/task_queues:105:5)
Error: Release called on client which has already been released to the pool.
    at throwOnDoubleRelease (C:\Users\win\Downloads\Global-Advertising-Platform-d9586aca12844d7c7dbe1a70fb43f4a241df4343\backend\node_modules\pg-pool\index.js:27:9)
    at Client.release (C:\Users\win\Downloads\Global-Advertising-Platform-d9586aca12844d7c7dbe1a70fb43f4a241df4343\backend\node_modules\pg-pool\index.js:338:9)
    at file:///C:/Users/win/Downloads/Global-Advertising-Platform-d9586aca12844d7c7dbe1a70fb43f4a241df4343/backend/routes/territories.js:503:20
    at process.processTicksAndRejections (node:internal/process/task_queues:105:5) {"error":{},"rejection":true,"date":"Sun Dec 21 2025 18:05:27 GMT+0900 (대한민국 표준시)","process":{"pid":16660,"uid":null,"gid":null,"cwd":"C:\\Users\\win\\Downloads\\Global-Advertising-Platform-d9586aca12844d7c7dbe1a70fb43f4a241df4343\\backend","execPath":"C:\\Program Files\\nodejs\\node.exe","version":"v22.13.1","argv":["C:\\Program Files\\nodejs\\node.exe","C:\\Users\\win\\Downloads\\Global-Advertising-Platform-d9586aca12844d7c7dbe1a70fb43f4a241df4343\\backend\\server.js"],"memoryUsage":{"rss":138059776,"heapTotal":94105600,"heapUsed":58421968,"external":7498437,"arrayBuffers":3778824}},"os":{"loadavg":[0,0,0],"uptime":1310551.546},"trace":[{"column":9,"file":"C:\\Users\\win\\Downloads\\Global-Advertising-Platform-d9586aca12844d7c7dbe1a70fb43f4a241df4343\\backend\\node_modules\\pg-pool\\index.js","function":"throwOnDoubleRelease","line":27,"method":null,"native":false},{"column":9,"file":"C:\\Users\\win\\Downloads\\Global-Advertising-Platform-d9586aca12844d7c7dbe1a70fb43f4a241df4343\\backend\\node_modules\\pg-pool\\index.js","function":"Client.release","line":338,"method":"release","native":false},{"column":20,"file":"file:///C:/Users/win/Downloads/Global-Advertising-Platform-d9586aca12844d7c7dbe1a70fb43f4a241df4343/backend/routes/territories.js","function":null,"line":503,"method":null,"native":false},{"column":5,"file":"node:internal/process/task_queues","function":"process.processTicksAndRejections","line":105,"method":"processTicksAndRejections","native":false}]}
2025-12-21 18:05:53 [info]: ✅ Database connected
2025-12-21 18:05:53 [info]: ✅ Redis connected
2025-12-21 18:05:53 [info]: 🚀 Server running on port 3000
2025-12-21 18:05:53 [info]: 📡 WebSocket server ready
2025-12-21 18:05:53 [info]: 🌍 Environment: development
2025-12-21 18:05:53 [info]: 🔗 Health check: http://0.0.0.0:3000/api/health
2025-12-21 18:06:13 [info]: ✅ Database connected
2025-12-21 18:06:13 [info]: ✅ Redis connected
2025-12-21 18:06:13 [info]: 🚀 Server running on port 3000
2025-12-21 18:06:13 [info]: 📡 WebSocket server ready
2025-12-21 18:06:13 [info]: 🌍 Environment: development
2025-12-21 18:06:13 [info]: 🔗 Health check: http://0.0.0.0:3000/api/health
2025-12-21 18:06:24 [info]: ✅ Database connected
2025-12-21 18:06:24 [info]: ✅ Redis connected
2025-12-21 18:06:24 [info]: 🚀 Server running on port 3000
2025-12-21 18:06:24 [info]: 📡 WebSocket server ready
2025-12-21 18:06:24 [info]: 🌍 Environment: development
2025-12-21 18:06:24 [info]: 🔗 Health check: http://0.0.0.0:3000/api/health
2025-12-21 18:07:21 [error]: unhandledRejection: Release called on client which has already been released to the pool.
Error: Release called on client which has already been released to the pool.
    at throwOnDoubleRelease (C:\Users\win\Downloads\Global-Advertising-Platform-d9586aca12844d7c7dbe1a70fb43f4a241df4343\backend\node_modules\pg-pool\index.js:27:9)
    at Client.release (C:\Users\win\Downloads\Global-Advertising-Platform-d9586aca12844d7c7dbe1a70fb43f4a241df4343\backend\node_modules\pg-pool\index.js:338:9)
    at file:///C:/Users/win/Downloads/Global-Advertising-Platform-d9586aca12844d7c7dbe1a70fb43f4a241df4343/backend/routes/territories.js:522:20
    at process.processTicksAndRejections (node:internal/process/task_queues:105:5)
Error: Release called on client which has already been released to the pool.
    at throwOnDoubleRelease (C:\Users\win\Downloads\Global-Advertising-Platform-d9586aca12844d7c7dbe1a70fb43f4a241df4343\backend\node_modules\pg-pool\index.js:27:9)
    at Client.release (C:\Users\win\Downloads\Global-Advertising-Platform-d9586aca12844d7c7dbe1a70fb43f4a241df4343\backend\node_modules\pg-pool\index.js:338:9)
    at file:///C:/Users/win/Downloads/Global-Advertising-Platform-d9586aca12844d7c7dbe1a70fb43f4a241df4343/backend/routes/territories.js:522:20
    at process.processTicksAndRejections (node:internal/process/task_queues:105:5) {"error":{},"rejection":true,"date":"Sun Dec 21 2025 18:07:21 GMT+0900 (대한민국 표준시)","process":{"pid":6948,"uid":null,"gid":null,"cwd":"C:\\Users\\win\\Downloads\\Global-Advertising-Platform-d9586aca12844d7c7dbe1a70fb43f4a241df4343\\backend","execPath":"C:\\Program Files\\nodejs\\node.exe","version":"v22.13.1","argv":["C:\\Program Files\\nodejs\\node.exe","C:\\Users\\win\\Downloads\\Global-Advertising-Platform-d9586aca12844d7c7dbe1a70fb43f4a241df4343\\backend\\server.js"],"memoryUsage":{"rss":78467072,"heapTotal":32862208,"heapUsed":29969856,"external":3916051,"arrayBuffers":199697}},"os":{"loadavg":[0,0,0],"uptime":1310665.515},"trace":[{"column":9,"file":"C:\\Users\\win\\Downloads\\Global-Advertising-Platform-d9586aca12844d7c7dbe1a70fb43f4a241df4343\\backend\\node_modules\\pg-pool\\index.js","function":"throwOnDoubleRelease","line":27,"method":null,"native":false},{"column":9,"file":"C:\\Users\\win\\Downloads\\Global-Advertising-Platform-d9586aca12844d7c7dbe1a70fb43f4a241df4343\\backend\\node_modules\\pg-pool\\index.js","function":"Client.release","line":338,"method":"release","native":false},{"column":20,"file":"file:///C:/Users/win/Downloads/Global-Advertising-Platform-d9586aca12844d7c7dbe1a70fb43f4a241df4343/backend/routes/territories.js","function":null,"line":522,"method":null,"native":false},{"column":5,"file":"node:internal/process/task_queues","function":"process.processTicksAndRejections","line":105,"method":"processTicksAndRejections","native":false}]}
2025-12-21 18:07:59 [info]: ✅ Database connected
2025-12-21 18:07:59 [info]: ✅ Redis connected
2025-12-21 18:07:59 [info]: 🚀 Server running on port 3000
2025-12-21 18:07:59 [info]: 📡 WebSocket server ready
2025-12-21 18:07:59 [info]: 🌍 Environment: development
2025-12-21 18:07:59 [info]: 🔗 Health check: http://0.0.0.0:3000/api/health
2025-12-21 18:08:13 [info]: ✅ Database connected
2025-12-21 18:08:13 [info]: ✅ Redis connected
2025-12-21 18:08:13 [info]: 🚀 Server running on port 3000
2025-12-21 18:08:13 [info]: 📡 WebSocket server ready
2025-12-21 18:08:13 [info]: 🌍 Environment: development
2025-12-21 18:08:13 [info]: 🔗 Health check: http://0.0.0.0:3000/api/health
2025-12-21 18:09:02 [error]: unhandledRejection: Release called on client which has already been released to the pool.
Error: Release called on client which has already been released to the pool.
    at throwOnDoubleRelease (C:\Users\win\Downloads\Global-Advertising-Platform-d9586aca12844d7c7dbe1a70fb43f4a241df4343\backend\node_modules\pg-pool\index.js:27:9)
    at Client.release (C:\Users\win\Downloads\Global-Advertising-Platform-d9586aca12844d7c7dbe1a70fb43f4a241df4343\backend\node_modules\pg-pool\index.js:338:9)
    at file:///C:/Users/win/Downloads/Global-Advertising-Platform-d9586aca12844d7c7dbe1a70fb43f4a241df4343/backend/routes/territories.js:535:20
    at process.processTicksAndRejections (node:internal/process/task_queues:105:5)
Error: Release called on client which has already been released to the pool.
    at throwOnDoubleRelease (C:\Users\win\Downloads\Global-Advertising-Platform-d9586aca12844d7c7dbe1a70fb43f4a241df4343\backend\node_modules\pg-pool\index.js:27:9)
    at Client.release (C:\Users\win\Downloads\Global-Advertising-Platform-d9586aca12844d7c7dbe1a70fb43f4a241df4343\backend\node_modules\pg-pool\index.js:338:9)
    at file:///C:/Users/win/Downloads/Global-Advertising-Platform-d9586aca12844d7c7dbe1a70fb43f4a241df4343/backend/routes/territories.js:535:20
    at process.processTicksAndRejections (node:internal/process/task_queues:105:5) {"error":{},"rejection":true,"date":"Sun Dec 21 2025 18:09:02 GMT+0900 (대한민국 표준시)","process":{"pid":13124,"uid":null,"gid":null,"cwd":"C:\\Users\\win\\Downloads\\Global-Advertising-Platform-d9586aca12844d7c7dbe1a70fb43f4a241df4343\\backend","execPath":"C:\\Program Files\\nodejs\\node.exe","version":"v22.13.1","argv":["C:\\Program Files\\nodejs\\node.exe","C:\\Users\\win\\Downloads\\Global-Advertising-Platform-d9586aca12844d7c7dbe1a70fb43f4a241df4343\\backend\\server.js"],"memoryUsage":{"rss":138981376,"heapTotal":95154176,"heapUsed":58201952,"external":7590622,"arrayBuffers":3871201}},"os":{"loadavg":[0,0,0],"uptime":1310766.25},"trace":[{"column":9,"file":"C:\\Users\\win\\Downloads\\Global-Advertising-Platform-d9586aca12844d7c7dbe1a70fb43f4a241df4343\\backend\\node_modules\\pg-pool\\index.js","function":"throwOnDoubleRelease","line":27,"method":null,"native":false},{"column":9,"file":"C:\\Users\\win\\Downloads\\Global-Advertising-Platform-d9586aca12844d7c7dbe1a70fb43f4a241df4343\\backend\\node_modules\\pg-pool\\index.js","function":"Client.release","line":338,"method":"release","native":false},{"column":20,"file":"file:///C:/Users/win/Downloads/Global-Advertising-Platform-d9586aca12844d7c7dbe1a70fb43f4a241df4343/backend/routes/territories.js","function":null,"line":535,"method":null,"native":false},{"column":5,"file":"node:internal/process/task_queues","function":"process.processTicksAndRejections","line":105,"method":"processTicksAndRejections","native":false}]}
2025-12-21 18:10:02 [info]: ✅ Database connected
2025-12-21 18:10:02 [info]: ✅ Redis connected
2025-12-21 18:10:02 [info]: 🚀 Server running on port 3000
2025-12-21 18:10:02 [info]: 📡 WebSocket server ready
2025-12-21 18:10:02 [info]: 🌍 Environment: development
2025-12-21 18:10:02 [info]: 🔗 Health check: http://0.0.0.0:3000/api/health
2025-12-21 18:10:08 [info]: ✅ Database connected
2025-12-21 18:10:08 [info]: ✅ Redis connected
2025-12-21 18:10:08 [info]: 🚀 Server running on port 3000
2025-12-21 18:10:08 [info]: 📡 WebSocket server ready
2025-12-21 18:10:08 [info]: 🌍 Environment: development
2025-12-21 18:10:08 [info]: 🔗 Health check: http://0.0.0.0:3000/api/health
2025-12-21 18:10:15 [info]: ✅ Database connected
2025-12-21 18:10:15 [info]: ✅ Redis connected
2025-12-21 18:10:15 [info]: 🚀 Server running on port 3000
2025-12-21 18:10:15 [info]: 📡 WebSocket server ready
2025-12-21 18:10:15 [info]: 🌍 Environment: development
2025-12-21 18:10:15 [info]: 🔗 Health check: http://0.0.0.0:3000/api/health
2025-12-21 18:10:30 [info]: ✅ Database connected
2025-12-21 18:10:30 [info]: ✅ Redis connected
2025-12-21 18:10:30 [info]: 🚀 Server running on port 3000
2025-12-21 18:10:30 [info]: 📡 WebSocket server ready
2025-12-21 18:10:30 [info]: 🌍 Environment: development
2025-12-21 18:10:30 [info]: 🔗 Health check: http://0.0.0.0:3000/api/health
2025-12-21 18:11:51 [info]: ✅ Database connected
2025-12-21 18:11:51 [info]: ✅ Redis connected
2025-12-21 18:11:51 [info]: 🚀 Server running on port 3000
2025-12-21 18:11:51 [info]: 📡 WebSocket server ready
2025-12-21 18:11:51 [info]: 🌍 Environment: development
2025-12-21 18:11:51 [info]: 🔗 Health check: http://0.0.0.0:3000/api/health
2025-12-21 18:12:05 [info]: ✅ Database connected
2025-12-21 18:12:05 [info]: ✅ Redis connected
2025-12-21 18:12:05 [info]: 🚀 Server running on port 3000
2025-12-21 18:12:05 [info]: 📡 WebSocket server ready
2025-12-21 18:12:05 [info]: 🌍 Environment: development
2025-12-21 18:12:05 [info]: 🔗 Health check: http://0.0.0.0:3000/api/health
2025-12-21 18:52:02 [info]: ✅ Database connected
2025-12-21 18:52:02 [info]: ✅ Redis connected
2025-12-21 18:52:02 [info]: 🚀 Server running on port 3000
2025-12-21 18:52:02 [info]: 📡 WebSocket server ready
2025-12-21 18:52:02 [info]: 🌍 Environment: development
2025-12-21 18:52:02 [info]: 🔗 Health check: http://0.0.0.0:3000/api/health
2025-12-21 19:03:06 [info]: ✅ Database connected
2025-12-21 19:03:06 [info]: ✅ Redis connected
2025-12-21 19:03:06 [info]: 🚀 Server running on port 3000
2025-12-21 19:03:06 [info]: 📡 WebSocket server ready
2025-12-21 19:03:06 [info]: 🌍 Environment: development
2025-12-21 19:03:06 [info]: 🔗 Health check: http://0.0.0.0:3000/api/health
2025-12-21 19:03:32 [error]: unhandledRejection: Release called on client which has already been released to the pool.
Error: Release called on client which has already been released to the pool.
    at throwOnDoubleRelease (C:\Users\win\Downloads\Global-Advertising-Platform-d9586aca12844d7c7dbe1a70fb43f4a241df4343\backend\node_modules\pg-pool\index.js:27:9)
    at Client.release (C:\Users\win\Downloads\Global-Advertising-Platform-d9586aca12844d7c7dbe1a70fb43f4a241df4343\backend\node_modules\pg-pool\index.js:338:9)
    at file:///C:/Users/win/Downloads/Global-Advertising-Platform-d9586aca12844d7c7dbe1a70fb43f4a241df4343/backend/routes/territories.js:538:20
    at process.processTicksAndRejections (node:internal/process/task_queues:105:5)
Error: Release called on client which has already been released to the pool.
    at throwOnDoubleRelease (C:\Users\win\Downloads\Global-Advertising-Platform-d9586aca12844d7c7dbe1a70fb43f4a241df4343\backend\node_modules\pg-pool\index.js:27:9)
    at Client.release (C:\Users\win\Downloads\Global-Advertising-Platform-d9586aca12844d7c7dbe1a70fb43f4a241df4343\backend\node_modules\pg-pool\index.js:338:9)
    at file:///C:/Users/win/Downloads/Global-Advertising-Platform-d9586aca12844d7c7dbe1a70fb43f4a241df4343/backend/routes/territories.js:538:20
    at process.processTicksAndRejections (node:internal/process/task_queues:105:5) {"error":{},"rejection":true,"date":"Sun Dec 21 2025 19:03:32 GMT+0900 (대한민국 표준시)","process":{"pid":35940,"uid":null,"gid":null,"cwd":"C:\\Users\\win\\Downloads\\Global-Advertising-Platform-d9586aca12844d7c7dbe1a70fb43f4a241df4343\\backend","execPath":"C:\\Program Files\\nodejs\\node.exe","version":"v22.13.1","argv":["C:\\Program Files\\nodejs\\node.exe","C:\\Users\\win\\Downloads\\Global-Advertising-Platform-d9586aca12844d7c7dbe1a70fb43f4a241df4343\\backend\\server.js"],"memoryUsage":{"rss":76967936,"heapTotal":32600064,"heapUsed":29981776,"external":3808360,"arrayBuffers":116660}},"os":{"loadavg":[0,0,0],"uptime":1314036.453},"trace":[{"column":9,"file":"C:\\Users\\win\\Downloads\\Global-Advertising-Platform-d9586aca12844d7c7dbe1a70fb43f4a241df4343\\backend\\node_modules\\pg-pool\\index.js","function":"throwOnDoubleRelease","line":27,"method":null,"native":false},{"column":9,"file":"C:\\Users\\win\\Downloads\\Global-Advertising-Platform-d9586aca12844d7c7dbe1a70fb43f4a241df4343\\backend\\node_modules\\pg-pool\\index.js","function":"Client.release","line":338,"method":"release","native":false},{"column":20,"file":"file:///C:/Users/win/Downloads/Global-Advertising-Platform-d9586aca12844d7c7dbe1a70fb43f4a241df4343/backend/routes/territories.js","function":null,"line":538,"method":null,"native":false},{"column":5,"file":"node:internal/process/task_queues","function":"process.processTicksAndRejections","line":105,"method":"processTicksAndRejections","native":false}]}
2025-12-21 19:16:30 [info]: ✅ Database connected
2025-12-21 19:16:30 [info]: ✅ Redis connected
2025-12-21 19:16:30 [info]: 🚀 Server running on port 3000
2025-12-21 19:16:30 [info]: 📡 WebSocket server ready
2025-12-21 19:16:30 [info]: 🌍 Environment: development
2025-12-21 19:16:30 [info]: 🔗 Health check: http://0.0.0.0:3000/api/health
2025-12-21 19:19:25 [info]: ✅ Database connected
2025-12-21 19:19:25 [info]: ✅ Redis connected
2025-12-21 19:19:25 [info]: 🚀 Server running on port 3000
2025-12-21 19:19:25 [info]: 📡 WebSocket server ready
2025-12-21 19:19:25 [info]: 🌍 Environment: development
2025-12-21 19:19:25 [info]: 🔗 Health check: http://0.0.0.0:3000/api/health
2025-12-21 21:03:41 [info]: ✅ Database connected
2025-12-21 21:03:41 [info]: ✅ Redis connected
2025-12-21 21:03:41 [info]: 🚀 Server running on port 3000
2025-12-21 21:03:41 [info]: 📡 WebSocket server ready
2025-12-21 21:03:41 [info]: 🌍 Environment: development
2025-12-21 21:03:41 [info]: 🔗 Health check: http://0.0.0.0:3000/api/health
2025-12-21 21:10:14 [info]: ✅ Database connected
2025-12-21 21:10:14 [info]: ✅ Redis connected
2025-12-21 21:10:14 [info]: 🚀 Server running on port 3000
2025-12-21 21:10:14 [info]: 📡 WebSocket server ready
2025-12-21 21:10:14 [info]: 🌍 Environment: development
2025-12-21 21:10:14 [info]: 🔗 Health check: http://0.0.0.0:3000/api/health
2025-12-21 21:15:44 [info]: ✅ Database connected
2025-12-21 21:15:44 [info]: ✅ Redis connected
2025-12-21 21:15:44 [info]: 🚀 Server running on port 3000
2025-12-21 21:15:44 [info]: 📡 WebSocket server ready
2025-12-21 21:15:44 [info]: 🌍 Environment: development
2025-12-21 21:15:44 [info]: 🔗 Health check: http://0.0.0.0:3000/api/health
2025-12-21 21:23:27 [info]: ✅ Database connected
2025-12-21 21:23:27 [info]: ✅ Redis connected
2025-12-21 21:23:27 [info]: 🚀 Server running on port 3000
2025-12-21 21:23:27 [info]: 📡 WebSocket server ready
2025-12-21 21:23:27 [info]: 🌍 Environment: development
2025-12-21 21:23:27 [info]: 🔗 Health check: http://0.0.0.0:3000/api/health
2025-12-22 00:41:23 [info]: ✅ Database connected
2025-12-22 00:41:23 [info]: ✅ Redis connected
2025-12-22 00:41:23 [info]: 🚀 Server running on port 3000
2025-12-22 00:41:23 [info]: 📡 WebSocket server ready
2025-12-22 00:41:23 [info]: 🌍 Environment: development
2025-12-22 00:41:23 [info]: 🔗 Health check: http://0.0.0.0:3000/api/health
2025-12-22 00:47:56 [info]: ✅ Database connected
2025-12-22 00:47:56 [info]: ✅ Redis connected
2025-12-22 00:47:56 [info]: 🚀 Server running on port 3000
2025-12-22 00:47:56 [info]: 📡 WebSocket server ready
2025-12-22 00:47:56 [info]: 🌍 Environment: development
2025-12-22 00:47:56 [info]: 🔗 Health check: http://0.0.0.0:3000/api/health
2025-12-22 16:41:24 [info]: ✅ Database connected
2025-12-22 16:41:24 [info]: ✅ Redis connected
2025-12-22 16:41:24 [info]: 🚀 Server running on port 3000
2025-12-22 16:41:24 [info]: 📡 WebSocket server ready
2025-12-22 16:41:24 [info]: 🌍 Environment: development
2025-12-22 16:41:24 [info]: 🔗 Health check: http://0.0.0.0:3000/api/health
2025-12-22 16:57:18 [info]: ✅ Database connected
2025-12-22 16:57:18 [info]: ✅ Redis connected
2025-12-22 16:57:18 [info]: 🚀 Server running on port 3000
2025-12-22 16:57:18 [info]: 📡 WebSocket server ready
2025-12-22 16:57:18 [info]: 🌍 Environment: development
2025-12-22 16:57:18 [info]: 🔗 Health check: http://0.0.0.0:3000/api/health
2025-12-22 17:07:07 [info]: ✅ Database connected
2025-12-22 17:07:07 [info]: ✅ Redis connected
2025-12-22 17:07:07 [info]: 🚀 Server running on port 3000
2025-12-22 17:07:07 [info]: 📡 WebSocket server ready
2025-12-22 17:07:07 [info]: 🌍 Environment: development
2025-12-22 17:07:07 [info]: 🔗 Health check: http://0.0.0.0:3000/api/health
2025-12-22 17:10:53 [info]: ✅ Database connected
2025-12-22 17:10:53 [info]: ✅ Redis connected
2025-12-22 17:10:53 [info]: 🚀 Server running on port 3000
2025-12-22 17:10:53 [info]: 📡 WebSocket server ready
2025-12-22 17:10:53 [info]: 🌍 Environment: development
2025-12-22 17:10:53 [info]: 🔗 Health check: http://0.0.0.0:3000/api/health
2025-12-22 17:38:48 [info]: ✅ Database connected
2025-12-22 17:38:48 [info]: ✅ Redis connected
2025-12-22 17:38:48 [info]: 🚀 Server running on port 3000
2025-12-22 17:38:48 [info]: 📡 WebSocket server ready
2025-12-22 17:38:48 [info]: 🌍 Environment: development
2025-12-22 17:38:48 [info]: 🔗 Health check: http://0.0.0.0:3000/api/health
2025-12-22 17:51:16 [info]: ✅ Database connected
2025-12-22 17:51:16 [info]: ✅ Redis connected
2025-12-22 17:51:16 [info]: 🚀 Server running on port 3000
2025-12-22 17:51:16 [info]: 📡 WebSocket server ready
2025-12-22 17:51:16 [info]: 🌍 Environment: development
2025-12-22 17:51:16 [info]: 🔗 Health check: http://0.0.0.0:3000/api/health
2025-12-22 21:53:49 [info]: ✅ Database connected
2025-12-22 21:53:49 [info]: ✅ Redis connected
2025-12-22 21:53:49 [info]: 🚀 Server running on port 3000
2025-12-22 21:53:49 [info]: 📡 WebSocket server ready
2025-12-22 21:53:49 [info]: 🌍 Environment: development
2025-12-22 21:53:49 [info]: 🔗 Health check: http://0.0.0.0:3000/api/health
2025-12-24 22:59:15 [info]: ✅ Database connected
2025-12-24 22:59:15 [info]: ✅ Redis connected
2025-12-24 22:59:15 [info]: 🚀 Server running on port 3000
2025-12-24 22:59:15 [info]: 📡 WebSocket server ready
2025-12-24 22:59:15 [info]: 🌍 Environment: development
2025-12-24 22:59:15 [info]: 🔗 Health check: http://0.0.0.0:3000/api/health
2025-12-24 22:59:36 [info]: ✅ Database connected
2025-12-24 23:03:05 [info]: ✅ Database connected
2025-12-24 23:28:14 [info]: ✅ Database connected
2025-12-25 01:18:56 [info]: ✅ Database connected
2025-12-25 01:29:42 [info]: ✅ Database connected
2025-12-25 01:36:05 [info]: ✅ Database connected
2025-12-25 01:58:33 [info]: ✅ Database connected
2025-12-25 02:01:50 [info]: ✅ Database connected
2025-12-25 02:05:01 [info]: ✅ Database connected
2025-12-25 02:08:48 [info]: ✅ Database connected
2025-12-25 02:11:35 [info]: ✅ Database connected
2025-12-25 02:24:41 [info]: ✅ Database connected
2025-12-25 02:26:58 [info]: ✅ Database connected
2025-12-25 02:28:30 [info]: ✅ Database connected
2025-12-25 02:30:38 [info]: ✅ Database connected
2025-12-25 02:32:23 [info]: ✅ Database connected
2025-12-25 02:33:34 [info]: ✅ Database connected
2025-12-25 02:44:32 [info]: ✅ Database connected
2025-12-25 02:49:00 [info]: ✅ Database connected
2025-12-25 02:51:55 [info]: ✅ Database connected
2025-12-25 02:52:09 [info]: ✅ Database connected
2025-12-25 02:56:29 [info]: ✅ Database connected
2025-12-25 02:56:29 [info]: ✅ Redis connected
2025-12-25 02:56:29 [info]: 🚀 Server running on port 3000
2025-12-25 02:56:29 [info]: 📡 WebSocket server ready
2025-12-25 02:56:29 [info]: 🌍 Environment: development
2025-12-25 02:56:29 [info]: 🔗 Health check: http://0.0.0.0:3000/api/health
2025-12-25 03:09:23 [info]: ✅ Database connected
2025-12-25 03:09:23 [info]: ✅ Redis connected
2025-12-25 03:09:23 [info]: 🚀 Server running on port 3000
2025-12-25 03:09:23 [info]: 📡 WebSocket server ready
2025-12-25 03:09:23 [info]: 🌍 Environment: development
2025-12-25 03:09:23 [info]: 🔗 Health check: http://0.0.0.0:3000/api/health
2025-12-25 03:13:17 [info]: ✅ Database connected
2025-12-25 03:13:17 [info]: ✅ Redis connected
2025-12-25 03:13:17 [info]: 🚀 Server running on port 3000
2025-12-25 03:13:17 [info]: 📡 WebSocket server ready
2025-12-25 03:13:17 [info]: 🌍 Environment: development
2025-12-25 03:13:17 [info]: 🔗 Health check: http://0.0.0.0:3000/api/health
2025-12-25 04:08:05 [info]: ✅ Database connected
2025-12-25 04:08:05 [info]: ✅ Redis connected
2025-12-25 04:08:05 [info]: 🚀 Server running on port 3000
2025-12-25 04:08:05 [info]: 📡 WebSocket server ready
2025-12-25 04:08:05 [info]: 🌍 Environment: development
2025-12-25 04:08:05 [info]: 🔗 Health check: http://0.0.0.0:3000/api/health
2025-12-25 04:10:22 [info]: ✅ Database connected
2025-12-25 04:10:22 [info]: ✅ Redis connected
2025-12-25 04:10:22 [info]: 🚀 Server running on port 3000
2025-12-25 04:10:22 [info]: 📡 WebSocket server ready
2025-12-25 04:10:22 [info]: 🌍 Environment: development
2025-12-25 04:10:22 [info]: 🔗 Health check: http://0.0.0.0:3000/api/health
2025-12-26 00:07:10 [info]: ✅ Database connected
2025-12-26 00:07:10 [info]: ✅ Redis connected
2025-12-26 00:07:10 [info]: 🚀 Server running on port 3000
2025-12-26 00:07:10 [info]: 📡 WebSocket server ready
2025-12-26 00:07:10 [info]: 🌍 Environment: development
2025-12-26 00:07:10 [info]: 🔗 Health check: http://0.0.0.0:3000/api/health
2025-12-27 04:56:43 [info]: ✅ Database connected
2025-12-27 04:56:43 [info]: ✅ Redis connected
2025-12-27 04:56:43 [info]: 🚀 Server running on port 3000
2025-12-27 04:56:43 [info]: 📡 WebSocket server ready
2025-12-27 04:56:43 [info]: 🌍 Environment: development
2025-12-27 04:56:43 [info]: 🔗 Health check: http://0.0.0.0:3000/api/health
2025-12-27 04:57:45 [info]: ✅ Database connected
2025-12-27 04:58:15 [info]: ✅ Database connected
2025-12-27 04:58:15 [info]: ✅ Redis connected
2025-12-27 04:58:15 [info]: 🚀 Server running on port 3000
2025-12-27 04:58:15 [info]: 📡 WebSocket server ready
2025-12-27 04:58:15 [info]: 🌍 Environment: development
2025-12-27 04:58:15 [info]: 🔗 Health check: http://0.0.0.0:3000/api/health
2025-12-27 05:03:39 [info]: ✅ Database connected
2025-12-27 05:05:22 [info]: ✅ Database connected
2025-12-27 05:05:27 [info]: ✅ Database connected
2025-12-27 05:08:50 [info]: ✅ Database connected
2025-12-27 05:08:50 [info]: ✅ Redis connected
2025-12-27 05:08:50 [info]: 🚀 Server running on port 3000
2025-12-27 05:08:50 [info]: 📡 WebSocket server ready
2025-12-27 05:08:50 [info]: 🌍 Environment: development
2025-12-27 05:08:50 [info]: 🔗 Health check: http://0.0.0.0:3000/api/health
2025-12-27 05:13:34 [info]: ✅ Database connected
2025-12-27 05:13:55 [info]: ✅ Database connected
2025-12-27 05:16:29 [info]: ✅ Database connected
2025-12-27 05:18:01 [info]: ✅ Database connected
2025-12-27 05:18:01 [info]: ✅ Redis connected
2025-12-27 05:18:01 [info]: 🚀 Server running on port 3000
2025-12-27 05:18:01 [info]: 📡 WebSocket server ready
2025-12-27 05:18:01 [info]: 🌍 Environment: development
2025-12-27 05:18:01 [info]: 🔗 Health check: http://0.0.0.0:3000/api/health
2025-12-27 05:18:52 [info]: ✅ Database connected
2025-12-27 05:18:52 [info]: ✅ Redis connected
2025-12-27 05:18:52 [info]: 🚀 Server running on port 3000
2025-12-27 05:18:52 [info]: 📡 WebSocket server ready
2025-12-27 05:18:52 [info]: 🌍 Environment: development
2025-12-27 05:18:52 [info]: 🔗 Health check: http://0.0.0.0:3000/api/health
2025-12-27 06:13:49 [info]: ✅ Database connected
2025-12-27 06:13:49 [info]: ✅ Redis connected
2025-12-27 06:13:49 [info]: 🚀 Server running on port 3000
2025-12-27 06:13:49 [info]: 📡 WebSocket server ready
2025-12-27 06:13:49 [info]: 🌍 Environment: development
2025-12-27 06:13:49 [info]: 🔗 Health check: http://0.0.0.0:3000/api/health
2025-12-27 16:19:03 [info]: ✅ Database connected
2025-12-27 16:19:03 [info]: ✅ Redis connected
2025-12-27 16:19:03 [info]: 🚀 Server running on port 3000
2025-12-27 16:19:03 [info]: 📡 WebSocket server ready
2025-12-27 16:19:03 [info]: 🌍 Environment: development
2025-12-27 16:19:03 [info]: 🔗 Health check: http://0.0.0.0:3000/api/health
2025-12-27 16:35:24 [info]: ✅ Database connected
2025-12-27 16:35:24 [info]: 🔄 Running database migrations...
2025-12-27 16:35:24 [info]: ✅ Migrations completed
2025-12-27 16:35:24 [info]: 🔍 Validating database schema...
2025-12-27 16:35:24 [info]: ✅ Schema validation passed
2025-12-27 16:35:24 [info]: ✅ Redis connected
2025-12-27 16:35:24 [info]: 🚀 Server running on port 3000
2025-12-27 16:35:24 [info]: 📡 WebSocket server ready
2025-12-27 16:35:24 [info]: 🌍 Environment: development
2025-12-27 16:35:24 [info]: 🔗 Health check: http://0.0.0.0:3000/api/health
2025-12-27 16:55:08 [info]: ✅ Database connected
2025-12-27 16:55:08 [info]: 🔄 Running database migrations...
2025-12-27 16:55:09 [info]: ✅ Migrations completed
2025-12-27 16:55:09 [info]: 🔍 Validating database schema...
2025-12-27 16:55:09 [info]: ✅ Schema validation passed
2025-12-27 16:55:09 [info]: ✅ Redis connected
2025-12-27 16:55:09 [info]: 🚀 Server running on port 3000
2025-12-27 16:55:09 [info]: 📡 WebSocket server ready
2025-12-27 16:55:09 [info]: 🌍 Environment: development
2025-12-27 16:55:09 [info]: 🔗 Health check: http://0.0.0.0:3000/api/health
2025-12-27 16:55:54 [error]: [Pixels] Tiles save error:
TypeError: redis.hset is not a function
    at file:///C:/Users/win/Downloads/Global-Advertising-Platform-d9586aca12844d7c7dbe1a70fb43f4a241df4343/backend/routes/pixels.js:1084:25
    at process.processTicksAndRejections (node:internal/process/task_queues:105:5) {"error":"redis.hset is not a function","territoryId":"adrar","userId":"bsWpkiRGJNhFuqxABQ4ewTuH5ca2","tilesCount":4}
2025-12-27 17:00:49 [info]: ✅ Database connected
2025-12-27 17:00:49 [info]: 🔄 Running database migrations...
2025-12-27 17:00:49 [info]: ✅ Migrations completed
2025-12-27 17:00:49 [info]: 🔍 Validating database schema...
2025-12-27 17:00:49 [info]: ✅ Schema validation passed
2025-12-27 17:00:49 [info]: ✅ Redis connected
2025-12-27 17:00:49 [info]: 🚀 Server running on port 3000
2025-12-27 17:00:49 [info]: 📡 WebSocket server ready
2025-12-27 17:00:49 [info]: 🌍 Environment: development
2025-12-27 17:00:49 [info]: 🔗 Health check: http://0.0.0.0:3000/api/health
2025-12-27 17:03:05 [error]: [Pixels] Tiles save error:
TypeError: redis.hset is not a function
    at file:///C:/Users/win/Downloads/Global-Advertising-Platform-d9586aca12844d7c7dbe1a70fb43f4a241df4343/backend/routes/pixels.js:1100:25
    at process.processTicksAndRejections (node:internal/process/task_queues:105:5) {"error":"redis.hset is not a function","territoryId":"tamanghasset","userId":"bsWpkiRGJNhFuqxABQ4ewTuH5ca2","tilesCount":4}
2025-12-27 17:15:55 [info]: ✅ Database connected
2025-12-27 17:15:55 [info]: 🔄 Running database migrations...
2025-12-27 17:15:55 [info]: ✅ Migrations completed
2025-12-27 17:15:55 [info]: 🔍 Validating database schema...
2025-12-27 17:15:55 [info]: ✅ Schema validation passed
2025-12-27 17:15:55 [info]: ✅ Redis connected
2025-12-27 17:15:55 [info]: 🚀 Server running on port 3000
2025-12-27 17:15:55 [info]: 📡 WebSocket server ready
2025-12-27 17:15:55 [info]: 🌍 Environment: development
2025-12-27 17:15:55 [info]: 🔗 Health check: http://0.0.0.0:3000/api/health
2025-12-27 17:16:10 [info]: [Pixels] 🔍 GET START {"reqId":"get-1766823370428-yvtdgrfqg","territoryIdRaw":"tamanghasset","territoryIdNormalized":"tamanghasset","redisKey":"pixel_data:tamanghasset","wasDisplayId":false}
2025-12-27 17:16:10 [info]: [Pixels] 🔍 GET retrieved {"reqId":"get-1766823370428-yvtdgrfqg","territoryId":"tamanghasset","redisKey":"pixel_data:tamanghasset","hasData":true,"pixelsLength":0,"filledPixels":0,"revision":21,"dataType":"object"}
2025-12-27 17:16:35 [error]: [Pixels] Tiles save error:
TypeError: redis.hset is not a function
    at file:///C:/Users/win/Downloads/Global-Advertising-Platform-d9586aca12844d7c7dbe1a70fb43f4a241df4343/backend/routes/pixels.js:1244:25
    at process.processTicksAndRejections (node:internal/process/task_queues:105:5) {"error":"redis.hset is not a function","territoryId":"tamanghasset","userId":"bsWpkiRGJNhFuqxABQ4ewTuH5ca2","tilesCount":7}
2025-12-27 17:16:35 [info]: [Pixels] 🔍 POST /pixels START {"reqId":"req-1766823395367-162kp6dky","territoryIdRaw":"tamanghasset","contentLength":35225,"payloadPixelsLen":463,"payloadEncodedLen":0,"isDelta":false,"width":128,"height":128,"pixelsType":"object","pixelsIsArray":true,"bodyKeys":["pixels","width","height"]}
2025-12-27 17:16:35 [info]: [Pixels] 🔍 Territory ID normalized {"reqId":"req-1766823395367-162kp6dky","territoryIdRaw":"tamanghasset","territoryIdNormalized":"tamanghasset","redisKey":"pixel_data:tamanghasset","wasDisplayId":false}
2025-12-27 17:16:35 [info]: [Pixels] 🔍 Before save {"reqId":"req-1766823395367-162kp6dky","territoryId":"tamanghasset","redisKey":"pixel_data:tamanghasset","payloadPixelsLen":463,"finalPixelsLen":463,"finalWidth":128,"finalHeight":128,"revisionToWrite":22,"incomingRevision":21,"isDelta":false}
2025-12-27 17:16:35 [info]: [Pixels] ✅ Save completed {"reqId":"req-1766823395367-162kp6dky","territoryId":"tamanghasset","redisKey":"pixel_data:tamanghasset","payloadPixelsLen":463,"finalPixelsLen":463,"verifiedPixelsLen":463,"storedRevision":22,"updatedAt":"2025-12-27T08:16:35.467Z"}
2025-12-27 17:16:35 [info]: [Pixels] 🔍 GET START {"reqId":"get-1766823395914-csl3zhcq8","territoryIdRaw":"tamanghasset","territoryIdNormalized":"tamanghasset","redisKey":"pixel_data:tamanghasset","wasDisplayId":false}
2025-12-27 17:16:35 [info]: [Pixels] 🔍 GET START {"reqId":"get-1766823395973-z6bnybr6b","territoryIdRaw":"tamanghasset","territoryIdNormalized":"tamanghasset","redisKey":"pixel_data:tamanghasset","wasDisplayId":false}
2025-12-27 17:16:36 [info]: [Pixels] 🔍 GET retrieved {"reqId":"get-1766823395914-csl3zhcq8","territoryId":"tamanghasset","redisKey":"pixel_data:tamanghasset","hasData":true,"pixelsLength":463,"filledPixels":463,"revision":22,"dataType":"object"}
2025-12-27 17:16:36 [info]: [Pixels] 🔍 GET START {"reqId":"get-1766823396020-r5egklji6","territoryIdRaw":"tamanghasset","territoryIdNormalized":"tamanghasset","redisKey":"pixel_data:tamanghasset","wasDisplayId":false}
2025-12-27 17:16:36 [info]: [Pixels] 🔍 GET retrieved {"reqId":"get-1766823396020-r5egklji6","territoryId":"tamanghasset","redisKey":"pixel_data:tamanghasset","hasData":true,"pixelsLength":463,"filledPixels":463,"revision":22,"dataType":"object"}
2025-12-27 17:16:36 [info]: [Pixels] 🔍 GET retrieved {"reqId":"get-1766823395973-z6bnybr6b","territoryId":"tamanghasset","redisKey":"pixel_data:tamanghasset","hasData":true,"pixelsLength":463,"filledPixels":463,"revision":22,"dataType":"object"}
2025-12-27 17:16:50 [info]: [Pixels] 🔍 GET START {"reqId":"get-1766823410478-vhc3t40mo","territoryIdRaw":"tamanghasset","territoryIdNormalized":"tamanghasset","redisKey":"pixel_data:tamanghasset","wasDisplayId":false}
2025-12-27 17:16:50 [info]: [Pixels] 🔍 GET retrieved {"reqId":"get-1766823410478-vhc3t40mo","territoryId":"tamanghasset","redisKey":"pixel_data:tamanghasset","hasData":true,"pixelsLength":463,"filledPixels":463,"revision":22,"dataType":"object"}
2025-12-27 17:16:51 [info]: [Pixels] 🔍 GET START {"reqId":"get-1766823411953-8vqnstaov","territoryIdRaw":"tamanghasset","territoryIdNormalized":"tamanghasset","redisKey":"pixel_data:tamanghasset","wasDisplayId":false}
2025-12-27 17:16:52 [info]: [Pixels] 🔍 GET retrieved {"reqId":"get-1766823411953-8vqnstaov","territoryId":"tamanghasset","redisKey":"pixel_data:tamanghasset","hasData":true,"pixelsLength":463,"filledPixels":463,"revision":22,"dataType":"object"}
2025-12-27 17:19:55 [info]: ✅ Database connected
2025-12-27 17:19:55 [info]: 🔄 Running database migrations...
2025-12-27 17:19:55 [info]: ✅ Migrations completed
2025-12-27 17:19:55 [info]: 🔍 Validating database schema...
2025-12-27 17:19:55 [info]: ✅ Schema validation passed
2025-12-27 17:19:55 [info]: ✅ Redis connected
2025-12-27 17:19:55 [info]: 🚀 Server running on port 3000
2025-12-27 17:19:55 [info]: 📡 WebSocket server ready
2025-12-27 17:19:55 [info]: 🌍 Environment: development
2025-12-27 17:19:55 [info]: 🔗 Health check: http://0.0.0.0:3000/api/health
2025-12-27 17:20:41 [info]: [Pixels] 🔍 POST /tiles START {"reqId":"tiles-1766823641097-i8an2jbh6","territoryIdRaw":"tamanghasset","contentLength":6243,"tilesCount":3,"bodyKeys":["tiles"],"tilesType":"object","tilesIsArray":true,"tilesSample":{"tileId":"tamanghasset:2:6","pixels":[{"x":38,"y":96,"color":"#ff0000"},{"x":39,"y":96,"color":"#ff0000"},{"x":40,"y":96,"color":"#ff0000"},{"x":41,"y":96,"color":"#ff0000"},{"x":42,"y":96,"color":"#ff0000"},{"x":43,"y":96,"color":"#ff0000"},{"x":44,"y":96,"color":"#ff0000"},{"x":37,"y":97,"color":"#ff0000"},{"x":38,"y":97,"color":"#ff0000"},{"x":39,"y":97,"color":"#ff0000"},{"x":40,"y":97,"color":"#ff0000"},{"x":41,"y":97,"color":"#ff0000"},{"x":42,"y":97,"color":"#ff0000"},{"x":43,"y":97,"color":"#ff0000"},{"x":44,"y":97,"color":"#ff0000"},{"x":36,"y":98,"color":"#ff0000"},{"x":37,"y":98,"color":"#ff0000"},{"x":38,"y":98,"color":"#ff0000"},{"x":43,"y":98,"color":"#ff0000"},{"x":44,"y":98,"color":"#ff0000"},{"x":45,"y":98,"color":"#ff0000"},{"x":35,"y":99,"color":"#ff0000"},{"x":36,"y":99,"color":"#ff0000"},{"x":37,"y":99,"color":"#ff0000"},{"x":43,"y":99,"color":"#ff0000"},{"x":44,"y":99,"color":"#ff0000"},{"x":45,"y":99,"color":"#ff0000"},{"x":34,"y":100,"color":"#ff0000"},{"x":35,"y":100,"color":"#ff0000"},{"x":36,"y":100,"color":"#ff0000"},{"x":37,"y":100,"color":"#ff0000"},{"x":43,"y":100,"color":"#ff0000"},{"x":44,"y":100,"color":"#ff0000"},{"x":45,"y":100,"color":"#ff0000"},{"x":46,"y":100,"color":"#ff0000"},{"x":47,"y":100,"color":"#ff0000"},{"x":34,"y":101,"color":"#ff0000"},{"x":35,"y":101,"color":"#ff0000"},{"x":36,"y":101,"color":"#ff0000"},{"x":44,"y":101,"color":"#ff0000"},{"x":45,"y":101,"color":"#ff0000"},{"x":46,"y":101,"color":"#ff0000"},{"x":47,"y":101,"color":"#ff0000"},{"x":34,"y":102,"color":"#ff0000"},{"x":35,"y":102,"color":"#ff0000"},{"x":36,"y":102,"color":"#ff0000"},{"x":44,"y":102,"color":"#ff0000"},{"x":45,"y":102,"color":"#ff0000"},{"x":46,"y":102,"color":"#ff0000"},{"x":47,"y":102,"color":"#ff0000"},{"x":34,"y":103,"color":"#ff0000"},{"x":35,"y":103,"color":"#ff0000"},{"x":36,"y":103,"color":"#ff0000"},{"x":44,"y":103,"color":"#ff0000"},{"x":45,"y":103,"color":"#ff0000"},{"x":46,"y":103,"color":"#ff0000"},{"x":47,"y":103,"color":"#ff0000"},{"x":34,"y":104,"color":"#ff0000"},{"x":35,"y":104,"color":"#ff0000"},{"x":36,"y":104,"color":"#ff0000"},{"x":44,"y":104,"color":"#ff0000"},{"x":45,"y":104,"color":"#ff0000"},{"x":46,"y":104,"color":"#ff0000"},{"x":47,"y":104,"color":"#ff0000"},{"x":34,"y":105,"color":"#ff0000"},{"x":35,"y":105,"color":"#ff0000"},{"x":36,"y":105,"color":"#ff0000"},{"x":44,"y":105,"color":"#ff0000"},{"x":45,"y":105,"color":"#ff0000"},{"x":46,"y":105,"color":"#ff0000"},{"x":34,"y":106,"color":"#ff0000"},{"x":35,"y":106,"color":"#ff0000"},{"x":36,"y":106,"color":"#ff0000"},{"x":44,"y":106,"color":"#ff0000"},{"x":45,"y":106,"color":"#ff0000"},{"x":46,"y":106,"color":"#ff0000"},{"x":35,"y":107,"color":"#ff0000"},{"x":36,"y":107,"color":"#ff0000"},{"x":37,"y":107,"color":"#ff0000"},{"x":44,"y":107,"color":"#ff0000"},{"x":45,"y":107,"color":"#ff0000"},{"x":46,"y":107,"color":"#ff0000"},{"x":35,"y":108,"color":"#ff0000"},{"x":36,"y":108,"color":"#ff0000"},{"x":37,"y":108,"color":"#ff0000"},{"x":44,"y":108,"color":"#ff0000"},{"x":45,"y":108,"color":"#ff0000"},{"x":46,"y":108,"color":"#ff0000"},{"x":35,"y":109,"color":"#ff0000"},{"x":36,"y":109,"color":"#ff0000"},{"x":37,"y":109,"color":"#ff0000"},{"x":45,"y":109,"color":"#ff0000"},{"x":35,"y":110,"color":"#ff0000"},{"x":36,"y":110,"color":"#ff0000"},{"x":37,"y":110,"color":"#ff0000"},{"x":35,"y":111,"color":"#ff0000"},{"x":36,"y":111,"color":"#ff0000"},{"x":37,"y":111,"color":"#ff0000"},{"x":38,"y":111,"color":"#ff0000"}],"revision":0}}
2025-12-27 17:20:41 [error]: [Pixels] ❌ Tiles save error (detailed):
TypeError: redis.hset is not a function
    at file:///C:/Users/win/Downloads/Global-Advertising-Platform-d9586aca12844d7c7dbe1a70fb43f4a241df4343/backend/routes/pixels.js:1263:25
    at process.processTicksAndRejections (node:internal/process/task_queues:105:5) {"reqId":"tiles-1766823641097-i8an2jbh6","territoryId":"tamanghasset","bodyKeys":["tiles"],"tilesCount":3,"userId":"bsWpkiRGJNhFuqxABQ4ewTuH5ca2","error":"redis.hset is not a function","name":"TypeError"}
2025-12-27 17:20:41 [info]: [Pixels] 🔍 POST /pixels START {"reqId":"req-1766823641464-ol9zesrpx","territoryIdRaw":"tamanghasset","contentLength":52352,"payloadPixelsLen":686,"payloadEncodedLen":0,"isDelta":false,"width":128,"height":128,"pixelsType":"object","pixelsIsArray":true,"bodyKeys":["pixels","width","height"]}
2025-12-27 17:20:41 [info]: [Pixels] 🔍 Territory ID normalized {"reqId":"req-1766823641464-ol9zesrpx","territoryIdRaw":"tamanghasset","territoryIdNormalized":"tamanghasset","redisKey":"pixel_data:tamanghasset","wasDisplayId":false}
2025-12-27 17:20:41 [info]: [Pixels] 🔍 Before save {"reqId":"req-1766823641464-ol9zesrpx","territoryId":"tamanghasset","redisKey":"pixel_data:tamanghasset","payloadPixelsLen":686,"finalPixelsLen":686,"finalWidth":128,"finalHeight":128,"revisionToWrite":23,"incomingRevision":22,"isDelta":false}
2025-12-27 17:20:41 [info]: [Pixels] ✅ Save completed {"reqId":"req-1766823641464-ol9zesrpx","territoryId":"tamanghasset","redisKey":"pixel_data:tamanghasset","payloadPixelsLen":686,"finalPixelsLen":686,"verifiedPixelsLen":686,"storedRevision":23,"updatedAt":"2025-12-27T08:20:41.642Z"}
2025-12-27 17:20:42 [info]: [Pixels] 🔍 GET START {"reqId":"get-1766823642202-cwl76zd2e","territoryIdRaw":"tamanghasset","territoryIdNormalized":"tamanghasset","redisKey":"pixel_data:tamanghasset","wasDisplayId":false}
2025-12-27 17:20:42 [info]: [Pixels] 🔍 GET START {"reqId":"get-1766823642241-tpccx3cyn","territoryIdRaw":"tamanghasset","territoryIdNormalized":"tamanghasset","redisKey":"pixel_data:tamanghasset","wasDisplayId":false}
2025-12-27 17:20:42 [info]: [Pixels] 🔍 GET retrieved {"reqId":"get-1766823642202-cwl76zd2e","territoryId":"tamanghasset","redisKey":"pixel_data:tamanghasset","hasData":true,"pixelsLength":686,"filledPixels":686,"revision":23,"dataType":"object"}
2025-12-27 17:20:42 [info]: [Pixels] 🔍 GET START {"reqId":"get-1766823642249-1lo1zxi7l","territoryIdRaw":"tamanghasset","territoryIdNormalized":"tamanghasset","redisKey":"pixel_data:tamanghasset","wasDisplayId":false}
2025-12-27 17:20:42 [info]: [Pixels] 🔍 GET retrieved {"reqId":"get-1766823642249-1lo1zxi7l","territoryId":"tamanghasset","redisKey":"pixel_data:tamanghasset","hasData":true,"pixelsLength":686,"filledPixels":686,"revision":23,"dataType":"object"}
2025-12-27 17:20:42 [info]: [Pixels] 🔍 GET retrieved {"reqId":"get-1766823642241-tpccx3cyn","territoryId":"tamanghasset","redisKey":"pixel_data:tamanghasset","hasData":true,"pixelsLength":686,"filledPixels":686,"revision":23,"dataType":"object"}
2025-12-27 17:20:47 [info]: [Pixels] 🔍 GET START {"reqId":"get-1766823647271-5j6bc84v6","territoryIdRaw":"tamanghasset","territoryIdNormalized":"tamanghasset","redisKey":"pixel_data:tamanghasset","wasDisplayId":false}
2025-12-27 17:20:47 [info]: [Pixels] 🔍 GET retrieved {"reqId":"get-1766823647271-5j6bc84v6","territoryId":"tamanghasset","redisKey":"pixel_data:tamanghasset","hasData":true,"pixelsLength":686,"filledPixels":686,"revision":23,"dataType":"object"}
2025-12-27 17:20:48 [info]: [Pixels] 🔍 GET START {"reqId":"get-1766823648186-uz3hctwsc","territoryIdRaw":"tamanghasset","territoryIdNormalized":"tamanghasset","redisKey":"pixel_data:tamanghasset","wasDisplayId":false}
2025-12-27 17:20:48 [info]: [Pixels] 🔍 GET retrieved {"reqId":"get-1766823648186-uz3hctwsc","territoryId":"tamanghasset","redisKey":"pixel_data:tamanghasset","hasData":true,"pixelsLength":686,"filledPixels":686,"revision":23,"dataType":"object"}
2025-12-27 17:24:02 [info]: [Pixels] 🔍 POST /tiles START {"reqId":"tiles-1766823842481-gxd3fd8qw","territoryIdRaw":"tamanghasset","contentLength":3751,"tilesCount":3,"bodyKeys":["tiles"],"tilesType":"object","tilesIsArray":true,"tilesSample":{"tileId":"tamanghasset:5:4","pixels":[{"x":91,"y":72,"color":"#ff8080"},{"x":85,"y":73,"color":"#ff8080"},{"x":86,"y":73,"color":"#ff8080"},{"x":90,"y":73,"color":"#ff8080"},{"x":91,"y":73,"color":"#ff8080"},{"x":92,"y":73,"color":"#ff8080"},{"x":84,"y":74,"color":"#ff8080"},{"x":85,"y":74,"color":"#ff8080"},{"x":86,"y":74,"color":"#ff8080"},{"x":87,"y":74,"color":"#ff8080"},{"x":90,"y":74,"color":"#ff8080"},{"x":91,"y":74,"color":"#ff8080"},{"x":92,"y":74,"color":"#ff8080"},{"x":80,"y":75,"color":"#ff8080"},{"x":84,"y":75,"color":"#ff8080"},{"x":85,"y":75,"color":"#ff8080"},{"x":86,"y":75,"color":"#ff8080"},{"x":90,"y":75,"color":"#ff8080"},{"x":91,"y":75,"color":"#ff8080"},{"x":92,"y":75,"color":"#ff8080"},{"x":93,"y":75,"color":"#ff8080"},{"x":80,"y":76,"color":"#ff8080"},{"x":81,"y":76,"color":"#ff8080"},{"x":83,"y":76,"color":"#ff8080"},{"x":84,"y":76,"color":"#ff8080"},{"x":85,"y":76,"color":"#ff8080"},{"x":91,"y":76,"color":"#ff8080"},{"x":92,"y":76,"color":"#ff8080"},{"x":93,"y":76,"color":"#ff8080"},{"x":95,"y":76,"color":"#ff8080"},{"x":80,"y":77,"color":"#ff8080"},{"x":81,"y":77,"color":"#ff8080"},{"x":83,"y":77,"color":"#ff8080"},{"x":84,"y":77,"color":"#ff8080"},{"x":85,"y":77,"color":"#ff8080"},{"x":91,"y":77,"color":"#ff8080"},{"x":92,"y":77,"color":"#ff8080"},{"x":93,"y":77,"color":"#ff8080"},{"x":95,"y":77,"color":"#ff8080"},{"x":80,"y":78,"color":"#ff8080"},{"x":81,"y":78,"color":"#ff8080"},{"x":82,"y":78,"color":"#ff8080"},{"x":83,"y":78,"color":"#ff8080"},{"x":84,"y":78,"color":"#ff8080"},{"x":91,"y":78,"color":"#ff8080"},{"x":92,"y":78,"color":"#ff8080"},{"x":93,"y":78,"color":"#ff8080"},{"x":94,"y":78,"color":"#ff8080"},{"x":95,"y":78,"color":"#ff8080"},{"x":80,"y":79,"color":"#ff8080"},{"x":81,"y":79,"color":"#ff8080"},{"x":82,"y":79,"color":"#ff8080"},{"x":83,"y":79,"color":"#ff8080"},{"x":91,"y":79,"color":"#ff8080"},{"x":92,"y":79,"color":"#ff8080"},{"x":93,"y":79,"color":"#ff8080"},{"x":94,"y":79,"color":"#ff8080"},{"x":95,"y":79,"color":"#ff8080"}],"revision":0}}
2025-12-27 17:24:02 [error]: [Pixels] ❌ Tiles save error (detailed):
TypeError: redis.hset is not a function
    at file:///C:/Users/win/Downloads/Global-Advertising-Platform-d9586aca12844d7c7dbe1a70fb43f4a241df4343/backend/routes/pixels.js:1263:25
    at process.processTicksAndRejections (node:internal/process/task_queues:105:5) {"reqId":"tiles-1766823842481-gxd3fd8qw","territoryId":"tamanghasset","bodyKeys":["tiles"],"tilesCount":3,"userId":"bsWpkiRGJNhFuqxABQ4ewTuH5ca2","error":"redis.hset is not a function","name":"TypeError"}
2025-12-27 17:24:02 [info]: [Pixels] 🔍 POST /pixels START {"reqId":"req-1766823842845-bkyoa1zz1","territoryIdRaw":"tamanghasset","contentLength":60644,"payloadPixelsLen":795,"payloadEncodedLen":0,"isDelta":false,"width":128,"height":128,"pixelsType":"object","pixelsIsArray":true,"bodyKeys":["pixels","width","height"]}
2025-12-27 17:24:02 [info]: [Pixels] 🔍 Territory ID normalized {"reqId":"req-1766823842845-bkyoa1zz1","territoryIdRaw":"tamanghasset","territoryIdNormalized":"tamanghasset","redisKey":"pixel_data:tamanghasset","wasDisplayId":false}
2025-12-27 17:24:03 [info]: [Pixels] 🔍 Before save {"reqId":"req-1766823842845-bkyoa1zz1","territoryId":"tamanghasset","redisKey":"pixel_data:tamanghasset","payloadPixelsLen":795,"finalPixelsLen":795,"finalWidth":128,"finalHeight":128,"revisionToWrite":24,"incomingRevision":23,"isDelta":false}
2025-12-27 17:24:03 [info]: [Pixels] ✅ Save completed {"reqId":"req-1766823842845-bkyoa1zz1","territoryId":"tamanghasset","redisKey":"pixel_data:tamanghasset","payloadPixelsLen":795,"finalPixelsLen":795,"verifiedPixelsLen":795,"storedRevision":24,"updatedAt":"2025-12-27T08:24:03.025Z"}
2025-12-27 17:24:03 [info]: [Pixels] 🔍 GET START {"reqId":"get-1766823843603-saqmhxj0l","territoryIdRaw":"tamanghasset","territoryIdNormalized":"tamanghasset","redisKey":"pixel_data:tamanghasset","wasDisplayId":false}
2025-12-27 17:24:03 [info]: [Pixels] 🔍 GET retrieved {"reqId":"get-1766823843603-saqmhxj0l","territoryId":"tamanghasset","redisKey":"pixel_data:tamanghasset","hasData":true,"pixelsLength":795,"filledPixels":795,"revision":24,"dataType":"object"}
2025-12-27 17:24:03 [info]: [Pixels] 🔍 GET START {"reqId":"get-1766823843701-wi56q9ywa","territoryIdRaw":"tamanghasset","territoryIdNormalized":"tamanghasset","redisKey":"pixel_data:tamanghasset","wasDisplayId":false}
2025-12-27 17:24:03 [info]: [Pixels] 🔍 GET retrieved {"reqId":"get-1766823843701-wi56q9ywa","territoryId":"tamanghasset","redisKey":"pixel_data:tamanghasset","hasData":true,"pixelsLength":795,"filledPixels":795,"revision":24,"dataType":"object"}
2025-12-27 17:24:03 [info]: [Pixels] 🔍 GET START {"reqId":"get-1766823843750-c354ygmo9","territoryIdRaw":"tamanghasset","territoryIdNormalized":"tamanghasset","redisKey":"pixel_data:tamanghasset","wasDisplayId":false}
2025-12-27 17:24:03 [info]: [Pixels] 🔍 GET retrieved {"reqId":"get-1766823843750-c354ygmo9","territoryId":"tamanghasset","redisKey":"pixel_data:tamanghasset","hasData":true,"pixelsLength":795,"filledPixels":795,"revision":24,"dataType":"object"}
2025-12-27 17:25:19 [info]: ✅ Database connected
2025-12-27 17:25:19 [info]: 🔄 Running database migrations...
2025-12-27 17:25:19 [info]: ✅ Migrations completed
2025-12-27 17:25:19 [info]: 🔍 Validating database schema...
2025-12-27 17:25:19 [info]: ✅ Schema validation passed
2025-12-27 17:25:19 [info]: ✅ Redis connected
2025-12-27 17:25:19 [info]: 🚀 Server running on port 3000
2025-12-27 17:25:19 [info]: 📡 WebSocket server ready
2025-12-27 17:25:19 [info]: 🌍 Environment: development
2025-12-27 17:25:19 [info]: 🔗 Health check: http://0.0.0.0:3000/api/health
2025-12-27 17:26:02 [info]: [Pixels] 🔍 POST /tiles START {"reqId":"tiles-1766823962037-78xbnwlw2","territoryIdRaw":"tamanghasset","contentLength":3845,"tilesCount":3,"bodyKeys":["tiles"],"tilesType":"object","tilesIsArray":true,"tilesSample":{"tileId":"tamanghasset:1:1","pixels":[{"x":18,"y":16,"color":"#4f72f3"},{"x":19,"y":16,"color":"#4f72f3"},{"x":20,"y":16,"color":"#4f72f3"},{"x":21,"y":16,"color":"#4f72f3"},{"x":22,"y":16,"color":"#4f72f3"},{"x":17,"y":17,"color":"#4f72f3"},{"x":18,"y":17,"color":"#4f72f3"},{"x":19,"y":17,"color":"#4f72f3"},{"x":20,"y":17,"color":"#4f72f3"},{"x":21,"y":17,"color":"#4f72f3"},{"x":22,"y":17,"color":"#4f72f3"},{"x":23,"y":17,"color":"#4f72f3"},{"x":17,"y":18,"color":"#4f72f3"},{"x":18,"y":18,"color":"#4f72f3"},{"x":19,"y":18,"color":"#4f72f3"},{"x":21,"y":18,"color":"#4f72f3"},{"x":22,"y":18,"color":"#4f72f3"},{"x":23,"y":18,"color":"#4f72f3"},{"x":16,"y":19,"color":"#4f72f3"},{"x":17,"y":19,"color":"#4f72f3"},{"x":18,"y":19,"color":"#4f72f3"},{"x":21,"y":19,"color":"#4f72f3"},{"x":22,"y":19,"color":"#4f72f3"},{"x":23,"y":19,"color":"#4f72f3"},{"x":31,"y":19,"color":"#4f72f3"},{"x":16,"y":20,"color":"#4f72f3"},{"x":17,"y":20,"color":"#4f72f3"},{"x":21,"y":20,"color":"#4f72f3"},{"x":22,"y":20,"color":"#4f72f3"},{"x":23,"y":20,"color":"#4f72f3"},{"x":30,"y":20,"color":"#4f72f3"},{"x":31,"y":20,"color":"#4f72f3"},{"x":16,"y":21,"color":"#4f72f3"},{"x":17,"y":21,"color":"#4f72f3"},{"x":22,"y":21,"color":"#4f72f3"},{"x":23,"y":21,"color":"#4f72f3"},{"x":24,"y":21,"color":"#4f72f3"},{"x":29,"y":21,"color":"#4f72f3"},{"x":30,"y":21,"color":"#4f72f3"},{"x":31,"y":21,"color":"#4f72f3"},{"x":16,"y":22,"color":"#4f72f3"},{"x":23,"y":22,"color":"#4f72f3"},{"x":29,"y":22,"color":"#4f72f3"},{"x":30,"y":22,"color":"#4f72f3"},{"x":31,"y":22,"color":"#4f72f3"},{"x":28,"y":23,"color":"#4f72f3"},{"x":29,"y":23,"color":"#4f72f3"},{"x":30,"y":23,"color":"#4f72f3"},{"x":27,"y":24,"color":"#4f72f3"},{"x":28,"y":24,"color":"#4f72f3"},{"x":29,"y":24,"color":"#4f72f3"},{"x":30,"y":24,"color":"#4f72f3"},{"x":28,"y":25,"color":"#4f72f3"},{"x":29,"y":25,"color":"#4f72f3"}],"revision":0}}
2025-12-27 17:26:02 [info]: [Pixels] 🔍 POST /pixels START {"reqId":"req-1766823962902-6nnhbx85j","territoryIdRaw":"tamanghasset","contentLength":69764,"payloadPixelsLen":915,"payloadEncodedLen":0,"isDelta":false,"width":128,"height":128,"pixelsType":"object","pixelsIsArray":true,"bodyKeys":["pixels","width","height"]}
2025-12-27 17:26:02 [info]: [Pixels] 🔍 Territory ID normalized {"reqId":"req-1766823962902-6nnhbx85j","territoryIdRaw":"tamanghasset","territoryIdNormalized":"tamanghasset","redisKey":"pixel_data:tamanghasset","wasDisplayId":false}
2025-12-27 17:26:02 [info]: [Pixels] 🔍 GET START {"reqId":"get-1766823962952-4z3nuiuuj","territoryIdRaw":"tamanghasset","territoryIdNormalized":"tamanghasset","redisKey":"pixel_data:tamanghasset","wasDisplayId":false}
2025-12-27 17:26:03 [info]: [Pixels] 🔍 GET retrieved {"reqId":"get-1766823962952-4z3nuiuuj","territoryId":"tamanghasset","redisKey":"pixel_data:tamanghasset","hasData":true,"pixelsLength":795,"filledPixels":795,"revision":24,"dataType":"object"}
2025-12-27 17:26:03 [info]: [Pixels] 🔍 Before save {"reqId":"req-1766823962902-6nnhbx85j","territoryId":"tamanghasset","redisKey":"pixel_data:tamanghasset","payloadPixelsLen":915,"finalPixelsLen":915,"finalWidth":128,"finalHeight":128,"revisionToWrite":25,"incomingRevision":24,"isDelta":false}
2025-12-27 17:26:03 [info]: [Pixels] ✅ Save completed {"reqId":"req-1766823962902-6nnhbx85j","territoryId":"tamanghasset","redisKey":"pixel_data:tamanghasset","payloadPixelsLen":915,"finalPixelsLen":915,"verifiedPixelsLen":915,"storedRevision":25,"updatedAt":"2025-12-27T08:26:03.182Z"}
2025-12-27 17:26:04 [info]: [Pixels] 🔍 GET START {"reqId":"get-1766823964078-wakpcnld8","territoryIdRaw":"tamanghasset","territoryIdNormalized":"tamanghasset","redisKey":"pixel_data:tamanghasset","wasDisplayId":false}
2025-12-27 17:26:04 [info]: [Pixels] 🔍 GET START {"reqId":"get-1766823964105-hzcgzm49b","territoryIdRaw":"tamanghasset","territoryIdNormalized":"tamanghasset","redisKey":"pixel_data:tamanghasset","wasDisplayId":false}
2025-12-27 17:26:04 [info]: [Pixels] 🔍 GET START {"reqId":"get-1766823964117-377v4lxn3","territoryIdRaw":"tamanghasset","territoryIdNormalized":"tamanghasset","redisKey":"pixel_data:tamanghasset","wasDisplayId":false}
2025-12-27 17:26:04 [info]: [Pixels] 🔍 GET retrieved {"reqId":"get-1766823964078-wakpcnld8","territoryId":"tamanghasset","redisKey":"pixel_data:tamanghasset","hasData":true,"pixelsLength":915,"filledPixels":915,"revision":25,"dataType":"object"}
2025-12-27 17:26:04 [info]: [Pixels] 🔍 GET retrieved {"reqId":"get-1766823964105-hzcgzm49b","territoryId":"tamanghasset","redisKey":"pixel_data:tamanghasset","hasData":true,"pixelsLength":915,"filledPixels":915,"revision":25,"dataType":"object"}
2025-12-27 17:26:04 [info]: [Pixels] 🔍 GET retrieved {"reqId":"get-1766823964117-377v4lxn3","territoryId":"tamanghasset","redisKey":"pixel_data:tamanghasset","hasData":true,"pixelsLength":915,"filledPixels":915,"revision":25,"dataType":"object"}
2025-12-27 17:26:06 [info]: [Pixels] 🔍 GET START {"reqId":"get-1766823966655-6t4rsc395","territoryIdRaw":"tamanghasset","territoryIdNormalized":"tamanghasset","redisKey":"pixel_data:tamanghasset","wasDisplayId":false}
2025-12-27 17:26:06 [info]: [Pixels] 🔍 GET retrieved {"reqId":"get-1766823966655-6t4rsc395","territoryId":"tamanghasset","redisKey":"pixel_data:tamanghasset","hasData":true,"pixelsLength":915,"filledPixels":915,"revision":25,"dataType":"object"}
2025-12-27 17:26:08 [info]: [Pixels] 🔍 GET START {"reqId":"get-1766823968139-81mwle5hk","territoryIdRaw":"tamanghasset","territoryIdNormalized":"tamanghasset","redisKey":"pixel_data:tamanghasset","wasDisplayId":false}
2025-12-27 17:26:08 [info]: [Pixels] 🔍 GET retrieved {"reqId":"get-1766823968139-81mwle5hk","territoryId":"tamanghasset","redisKey":"pixel_data:tamanghasset","hasData":true,"pixelsLength":915,"filledPixels":915,"revision":25,"dataType":"object"}
2025-12-28 01:03:29 [info]: [Pixels] 🔍 GET START {"reqId":"get-1766851409315-82hunw8l6","territoryIdRaw":"tamanghasset","territoryIdNormalized":"tamanghasset","redisKey":"pixel_data:tamanghasset","wasDisplayId":false}
2025-12-28 01:03:29 [info]: [Pixels] 🔍 GET START {"reqId":"get-1766851409343-dmxwp67xy","territoryIdRaw":"tamanghasset","territoryIdNormalized":"tamanghasset","redisKey":"pixel_data:tamanghasset","wasDisplayId":false}
2025-12-28 01:03:29 [info]: [Pixels] 🔍 GET retrieved {"reqId":"get-1766851409315-82hunw8l6","territoryId":"tamanghasset","redisKey":"pixel_data:tamanghasset","hasData":true,"pixelsLength":915,"filledPixels":915,"revision":25,"dataType":"object"}
2025-12-28 01:03:29 [info]: [Pixels] 🔍 GET retrieved {"reqId":"get-1766851409343-dmxwp67xy","territoryId":"tamanghasset","redisKey":"pixel_data:tamanghasset","hasData":true,"pixelsLength":915,"filledPixels":915,"revision":25,"dataType":"object"}
2025-12-28 01:23:36 [info]: [Pixels] 🔍 GET START {"reqId":"get-1766852616802-ud6v24ir1","territoryIdRaw":"adrar","territoryIdNormalized":"adrar","redisKey":"pixel_data:adrar","wasDisplayId":false}
2025-12-28 01:23:36 [info]: [Pixels] 🔍 GET START {"reqId":"get-1766852616823-adkg95cni","territoryIdRaw":"tamanghasset","territoryIdNormalized":"tamanghasset","redisKey":"pixel_data:tamanghasset","wasDisplayId":false}
2025-12-28 01:23:36 [info]: [Pixels] 🔍 GET retrieved {"reqId":"get-1766852616802-ud6v24ir1","territoryId":"adrar","redisKey":"pixel_data:adrar","hasData":true,"pixelsLength":385,"filledPixels":385,"revision":42,"dataType":"object"}
2025-12-28 01:23:36 [info]: [Pixels] 🔍 GET retrieved {"reqId":"get-1766852616823-adkg95cni","territoryId":"tamanghasset","redisKey":"pixel_data:tamanghasset","hasData":true,"pixelsLength":915,"filledPixels":915,"revision":25,"dataType":"object"}
2025-12-28 01:30:46 [info]: [Pixels] 🔍 POST /tiles START {"reqId":"tiles-1766853046649-132lmsc5c","territoryIdRaw":"tamanghasset","contentLength":16953,"tilesCount":9,"bodyKeys":["tiles"],"tilesType":"object","tilesIsArray":true,"tilesSample":{"tileId":"tamanghasset:4:3","pixels":[{"x":64,"y":60,"color":"#f37100"},{"x":65,"y":60,"color":"#f37100"},{"x":64,"y":61,"color":"#f37100"},{"x":65,"y":61,"color":"#f37100"},{"x":64,"y":62,"color":"#f37100"},{"x":65,"y":62,"color":"#f37100"},{"x":69,"y":62,"color":"#f47100"},{"x":64,"y":63,"color":"#f37100"},{"x":65,"y":63,"color":"#f37100"},{"x":68,"y":63,"color":"#f37100"},{"x":69,"y":63,"color":"#f37100"},{"x":70,"y":63,"color":"#f37100"}],"revision":0}}
2025-12-28 01:30:49 [info]: [Pixels] 🔍 POST /pixels START {"reqId":"req-1766853049430-zez50dtio","territoryIdRaw":"tamanghasset","contentLength":41661,"payloadPixelsLen":484,"payloadEncodedLen":0,"isDelta":false,"width":128,"height":128,"pixelsType":"object","pixelsIsArray":true,"bodyKeys":["pixels","width","height"]}
2025-12-28 01:30:49 [info]: [Pixels] 🔍 Territory ID normalized {"reqId":"req-1766853049430-zez50dtio","territoryIdRaw":"tamanghasset","territoryIdNormalized":"tamanghasset","redisKey":"pixel_data:tamanghasset","wasDisplayId":false}
2025-12-28 01:30:49 [info]: [Pixels] 🔍 Before save {"reqId":"req-1766853049430-zez50dtio","territoryId":"tamanghasset","redisKey":"pixel_data:tamanghasset","payloadPixelsLen":484,"finalPixelsLen":484,"finalWidth":128,"finalHeight":128,"revisionToWrite":26,"incomingRevision":25,"isDelta":false}
2025-12-28 01:30:49 [info]: [Pixels] ✅ Save completed {"reqId":"req-1766853049430-zez50dtio","territoryId":"tamanghasset","redisKey":"pixel_data:tamanghasset","payloadPixelsLen":484,"finalPixelsLen":484,"verifiedPixelsLen":484,"storedRevision":26,"updatedAt":"2025-12-27T16:30:49.674Z"}
2025-12-28 01:30:50 [info]: [Pixels] 🔍 GET START {"reqId":"get-1766853050147-0isd295vv","territoryIdRaw":"tamanghasset","territoryIdNormalized":"tamanghasset","redisKey":"pixel_data:tamanghasset","wasDisplayId":false}
2025-12-28 01:30:50 [info]: [Pixels] 🔍 GET START {"reqId":"get-1766853050184-n3rwau3tz","territoryIdRaw":"tamanghasset","territoryIdNormalized":"tamanghasset","redisKey":"pixel_data:tamanghasset","wasDisplayId":false}
2025-12-28 01:30:50 [info]: [Pixels] 🔍 GET retrieved {"reqId":"get-1766853050147-0isd295vv","territoryId":"tamanghasset","redisKey":"pixel_data:tamanghasset","hasData":true,"pixelsLength":484,"filledPixels":484,"revision":26,"dataType":"object"}
2025-12-28 01:30:50 [info]: [Pixels] 🔍 GET START {"reqId":"get-1766853050192-lcr6jr3pt","territoryIdRaw":"tamanghasset","territoryIdNormalized":"tamanghasset","redisKey":"pixel_data:tamanghasset","wasDisplayId":false}
2025-12-28 01:30:50 [info]: [Pixels] 🔍 GET retrieved {"reqId":"get-1766853050184-n3rwau3tz","territoryId":"tamanghasset","redisKey":"pixel_data:tamanghasset","hasData":true,"pixelsLength":484,"filledPixels":484,"revision":26,"dataType":"object"}
2025-12-28 01:30:50 [info]: [Pixels] 🔍 GET retrieved {"reqId":"get-1766853050192-lcr6jr3pt","territoryId":"tamanghasset","redisKey":"pixel_data:tamanghasset","hasData":true,"pixelsLength":484,"filledPixels":484,"revision":26,"dataType":"object"}
2025-12-28 01:30:51 [info]: [Pixels] 🔍 GET START {"reqId":"get-1766853051410-bib9ou3cj","territoryIdRaw":"tamanghasset","territoryIdNormalized":"tamanghasset","redisKey":"pixel_data:tamanghasset","wasDisplayId":false}
2025-12-28 01:30:51 [info]: [Pixels] 🔍 GET START {"reqId":"get-1766853051440-akbw1smot","territoryIdRaw":"tamanghasset","territoryIdNormalized":"tamanghasset","redisKey":"pixel_data:tamanghasset","wasDisplayId":false}
2025-12-28 01:30:51 [info]: [Pixels] 🔍 GET START {"reqId":"get-1766853051563-3pdfk0bdb","territoryIdRaw":"tamanghasset","territoryIdNormalized":"tamanghasset","redisKey":"pixel_data:tamanghasset","wasDisplayId":false}
2025-12-28 01:30:51 [info]: [Pixels] 🔍 GET START {"reqId":"get-1766853051566-tkiuch8r3","territoryIdRaw":"tamanghasset","territoryIdNormalized":"tamanghasset","redisKey":"pixel_data:tamanghasset","wasDisplayId":false}
2025-12-28 01:30:51 [info]: [Pixels] 🔍 GET retrieved {"reqId":"get-1766853051563-3pdfk0bdb","territoryId":"tamanghasset","redisKey":"pixel_data:tamanghasset","hasData":true,"pixelsLength":484,"filledPixels":484,"revision":26,"dataType":"object"}
2025-12-28 01:30:51 [info]: [Pixels] 🔍 GET retrieved {"reqId":"get-1766853051566-tkiuch8r3","territoryId":"tamanghasset","redisKey":"pixel_data:tamanghasset","hasData":true,"pixelsLength":484,"filledPixels":484,"revision":26,"dataType":"object"}
2025-12-28 01:30:51 [info]: [Pixels] 🔍 GET retrieved {"reqId":"get-1766853051410-bib9ou3cj","territoryId":"tamanghasset","redisKey":"pixel_data:tamanghasset","hasData":true,"pixelsLength":484,"filledPixels":484,"revision":26,"dataType":"object"}
2025-12-28 01:30:51 [info]: [Pixels] 🔍 GET retrieved {"reqId":"get-1766853051440-akbw1smot","territoryId":"tamanghasset","redisKey":"pixel_data:tamanghasset","hasData":true,"pixelsLength":484,"filledPixels":484,"revision":26,"dataType":"object"}
2025-12-28 01:48:19 [info]: [Pixels] 🔍 POST /tiles START {"reqId":"tiles-1766854099774-p9027kcan","territoryIdRaw":"tamanghasset","contentLength":18245,"tilesCount":9,"bodyKeys":["tiles"],"tilesType":"object","tilesIsArray":true,"tilesSample":{"tileId":"tamanghasset:4:4","pixels":[{"x":72,"y":65,"color":"#f37000"},{"x":73,"y":65,"color":"#f37100"},{"x":72,"y":66,"color":"#f37100"},{"x":73,"y":66,"color":"#f37100"},{"x":74,"y":66,"color":"#f37100"},{"x":67,"y":67,"color":"#f47100"},{"x":68,"y":67,"color":"#f47100"},{"x":72,"y":67,"color":"#f37100"},{"x":73,"y":67,"color":"#f37100"},{"x":74,"y":67,"color":"#f37000"},{"x":67,"y":68,"color":"#f37100"},{"x":68,"y":68,"color":"#f37100"},{"x":69,"y":68,"color":"#f37100"},{"x":72,"y":68,"color":"#f37000"},{"x":73,"y":68,"color":"#f37100"},{"x":74,"y":68,"color":"#f47000"},{"x":78,"y":68,"color":"#f37100"},{"x":79,"y":68,"color":"#f37100"},{"x":67,"y":69,"color":"#f37100"},{"x":68,"y":69,"color":"#f37100"},{"x":69,"y":69,"color":"#f37100"},{"x":70,"y":69,"color":"#f37000"},{"x":72,"y":69,"color":"#f47100"},{"x":73,"y":69,"color":"#f37100"},{"x":74,"y":69,"color":"#f37100"},{"x":77,"y":69,"color":"#f37100"},{"x":78,"y":69,"color":"#f37100"},{"x":79,"y":69,"color":"#f37000"},{"x":68,"y":70,"color":"#f37100"},{"x":69,"y":70,"color":"#f37100"},{"x":70,"y":70,"color":"#f37100"},{"x":72,"y":70,"color":"#f27100"},{"x":73,"y":70,"color":"#f37100"},{"x":74,"y":70,"color":"#f37000"},{"x":76,"y":70,"color":"#f37100"},{"x":77,"y":70,"color":"#f37100"},{"x":78,"y":70,"color":"#f47000"},{"x":69,"y":71,"color":"#f37100"},{"x":70,"y":71,"color":"#f37100"},{"x":71,"y":71,"color":"#f37100"},{"x":72,"y":71,"color":"#f37000"},{"x":73,"y":71,"color":"#f37100"},{"x":75,"y":71,"color":"#f37100"},{"x":76,"y":71,"color":"#f37100"},{"x":77,"y":71,"color":"#f37100"},{"x":70,"y":72,"color":"#f37100"},{"x":71,"y":72,"color":"#f37100"},{"x":72,"y":72,"color":"#f37100"},{"x":73,"y":72,"color":"#f37100"},{"x":74,"y":72,"color":"#f37100"},{"x":75,"y":72,"color":"#f37100"},{"x":76,"y":72,"color":"#f37000"},{"x":71,"y":73,"color":"#f37100"},{"x":72,"y":73,"color":"#f37100"},{"x":73,"y":73,"color":"#f37100"},{"x":74,"y":73,"color":"#f37100"},{"x":75,"y":73,"color":"#f37100"},{"x":74,"y":74,"color":"#f37100"},{"x":75,"y":74,"color":"#f37100"},{"x":76,"y":74,"color":"#f37100"},{"x":77,"y":74,"color":"#f37100"},{"x":78,"y":74,"color":"#f37100"},{"x":79,"y":74,"color":"#f37100"},{"x":64,"y":75,"color":"#000000"},{"x":65,"y":75,"color":"#000000"},{"x":66,"y":75,"color":"#000000"},{"x":67,"y":75,"color":"#000000"},{"x":68,"y":75,"color":"#000000"},{"x":69,"y":75,"color":"#000000"},{"x":70,"y":75,"color":"#000000"},{"x":71,"y":75,"color":"#000000"},{"x":72,"y":75,"color":"#000000"},{"x":74,"y":75,"color":"#f37100"},{"x":75,"y":75,"color":"#f37000"},{"x":64,"y":76,"color":"#000000"},{"x":65,"y":76,"color":"#000000"},{"x":66,"y":76,"color":"#000000"},{"x":67,"y":76,"color":"#000000"},{"x":68,"y":76,"color":"#000000"},{"x":69,"y":76,"color":"#000000"},{"x":70,"y":76,"color":"#000000"},{"x":71,"y":76,"color":"#000000"},{"x":72,"y":76,"color":"#000000"},{"x":74,"y":76,"color":"#f37100"},{"x":75,"y":76,"color":"#f37100"},{"x":66,"y":77,"color":"#000000"},{"x":67,"y":77,"color":"#000000"},{"x":69,"y":77,"color":"#000000"},{"x":70,"y":77,"color":"#000000"},{"x":71,"y":77,"color":"#000000"},{"x":75,"y":77,"color":"#f37100"},{"x":76,"y":77,"color":"#f37100"},{"x":66,"y":78,"color":"#000000"},{"x":67,"y":78,"color":"#000000"},{"x":69,"y":78,"color":"#000000"},{"x":70,"y":78,"color":"#000000"},{"x":71,"y":78,"color":"#000000"},{"x":76,"y":78,"color":"#f37100"},{"x":77,"y":78,"color":"#f37100"},{"x":64,"y":79,"color":"#000000"},{"x":65,"y":79,"color":"#000000"},{"x":66,"y":79,"color":"#000000"},{"x":67,"y":79,"color":"#000000"},{"x":68,"y":79,"color":"#000000"},{"x":69,"y":79,"color":"#000000"},{"x":70,"y":79,"color":"#000000"},{"x":71,"y":79,"color":"#000000"},{"x":72,"y":79,"color":"#000000"},{"x":77,"y":79,"color":"#f37100"},{"x":78,"y":79,"color":"#f37100"}],"revision":0}}
2025-12-28 01:48:20 [info]: [Pixels] 🔍 POST /pixels START {"reqId":"req-1766854100767-me0xznvdo","territoryIdRaw":"tamanghasset","contentLength":44929,"payloadPixelsLen":522,"payloadEncodedLen":0,"isDelta":false,"width":128,"height":128,"pixelsType":"object","pixelsIsArray":true,"bodyKeys":["pixels","width","height"]}
2025-12-28 01:48:20 [info]: [Pixels] 🔍 Territory ID normalized {"reqId":"req-1766854100767-me0xznvdo","territoryIdRaw":"tamanghasset","territoryIdNormalized":"tamanghasset","redisKey":"pixel_data:tamanghasset","wasDisplayId":false}
2025-12-28 01:48:20 [info]: [Pixels] 🔍 Before save {"reqId":"req-1766854100767-me0xznvdo","territoryId":"tamanghasset","redisKey":"pixel_data:tamanghasset","payloadPixelsLen":522,"finalPixelsLen":522,"finalWidth":128,"finalHeight":128,"revisionToWrite":27,"incomingRevision":26,"isDelta":false}
2025-12-28 01:48:21 [info]: [Pixels] ✅ Save completed {"reqId":"req-1766854100767-me0xznvdo","territoryId":"tamanghasset","redisKey":"pixel_data:tamanghasset","payloadPixelsLen":522,"finalPixelsLen":522,"verifiedPixelsLen":522,"storedRevision":27,"updatedAt":"2025-12-27T16:48:20.954Z"}
2025-12-28 01:48:21 [info]: [Pixels] 🔍 GET START {"reqId":"get-1766854101542-zculburqc","territoryIdRaw":"tamanghasset","territoryIdNormalized":"tamanghasset","redisKey":"pixel_data:tamanghasset","wasDisplayId":false}
2025-12-28 01:48:21 [info]: [Pixels] 🔍 GET retrieved {"reqId":"get-1766854101542-zculburqc","territoryId":"tamanghasset","redisKey":"pixel_data:tamanghasset","hasData":true,"pixelsLength":522,"filledPixels":522,"revision":27,"dataType":"object"}
2025-12-28 01:48:21 [info]: [Pixels] 🔍 GET START {"reqId":"get-1766854101634-0mnqea8jn","territoryIdRaw":"tamanghasset","territoryIdNormalized":"tamanghasset","redisKey":"pixel_data:tamanghasset","wasDisplayId":false}
2025-12-28 01:48:21 [info]: [Pixels] 🔍 GET retrieved {"reqId":"get-1766854101634-0mnqea8jn","territoryId":"tamanghasset","redisKey":"pixel_data:tamanghasset","hasData":true,"pixelsLength":522,"filledPixels":522,"revision":27,"dataType":"object"}
2025-12-28 01:48:21 [info]: [Pixels] 🔍 GET START {"reqId":"get-1766854101684-hwhzs81qb","territoryIdRaw":"tamanghasset","territoryIdNormalized":"tamanghasset","redisKey":"pixel_data:tamanghasset","wasDisplayId":false}
2025-12-28 01:48:21 [info]: [Pixels] 🔍 GET retrieved {"reqId":"get-1766854101684-hwhzs81qb","territoryId":"tamanghasset","redisKey":"pixel_data:tamanghasset","hasData":true,"pixelsLength":522,"filledPixels":522,"revision":27,"dataType":"object"}
2025-12-28 01:48:23 [info]: [Pixels] 🔍 GET START {"reqId":"get-1766854103257-fwkgy4bvu","territoryIdRaw":"tamanghasset","territoryIdNormalized":"tamanghasset","redisKey":"pixel_data:tamanghasset","wasDisplayId":false}
2025-12-28 01:48:23 [info]: [Pixels] 🔍 GET START {"reqId":"get-1766854103281-80df5yd97","territoryIdRaw":"tamanghasset","territoryIdNormalized":"tamanghasset","redisKey":"pixel_data:tamanghasset","wasDisplayId":false}
2025-12-28 01:48:23 [info]: [Pixels] 🔍 GET retrieved {"reqId":"get-1766854103257-fwkgy4bvu","territoryId":"tamanghasset","redisKey":"pixel_data:tamanghasset","hasData":true,"pixelsLength":522,"filledPixels":522,"revision":27,"dataType":"object"}
2025-12-28 01:48:23 [info]: [Pixels] 🔍 GET retrieved {"reqId":"get-1766854103281-80df5yd97","territoryId":"tamanghasset","redisKey":"pixel_data:tamanghasset","hasData":true,"pixelsLength":522,"filledPixels":522,"revision":27,"dataType":"object"}
2025-12-28 15:45:54 [info]: ✅ Database connected
2025-12-28 15:45:54 [info]: 🔄 Running database migrations...
2025-12-28 15:45:55 [info]: ✅ Migrations completed
2025-12-28 15:45:55 [info]: 🔍 Validating database schema...
2025-12-28 15:45:55 [info]: ✅ Schema validation passed
2025-12-28 15:45:55 [info]: ✅ Redis connected
2025-12-28 15:45:55 [info]: 🚀 Server running on port 3000
2025-12-28 15:45:55 [info]: 📡 WebSocket server ready
2025-12-28 15:45:55 [info]: 🌍 Environment: development
2025-12-28 15:45:55 [info]: 🔗 Health check: http://0.0.0.0:3000/api/health
2025-12-28 15:52:48 [info]: ✅ Database connected
2025-12-28 15:52:48 [info]: 🔄 Running database migrations...
2025-12-28 15:52:48 [info]: ✅ Migrations completed
2025-12-28 15:52:48 [info]: 🔍 Validating database schema...
2025-12-28 15:52:48 [info]: ✅ Schema validation passed
2025-12-28 15:52:48 [info]: ✅ Redis connected
2025-12-28 15:52:48 [info]: 🚀 Server running on port 3000
2025-12-28 15:52:48 [info]: 📡 WebSocket server ready
2025-12-28 15:52:48 [info]: 🌍 Environment: development
2025-12-28 15:52:48 [info]: 🔗 Health check: http://0.0.0.0:3000/api/health
2025-12-28 16:46:40 [info]: ✅ Database connected
2025-12-28 16:46:40 [info]: 🔄 Running database migrations...
2025-12-28 16:46:40 [info]: ✅ Migrations completed
2025-12-28 16:46:40 [info]: 🔍 Validating database schema...
2025-12-28 16:46:40 [info]: ✅ Schema validation passed
2025-12-28 16:46:40 [info]: ✅ Redis connected
2025-12-28 16:46:41 [info]: 🚀 Server running on port 3000
2025-12-28 16:46:41 [info]: 📡 WebSocket server ready
2025-12-28 16:46:41 [info]: 🌍 Environment: development
2025-12-28 16:46:41 [info]: 🔗 Health check: http://0.0.0.0:3000/api/health
2025-12-29 06:13:37 [info]: ✅ Database connected
2025-12-29 06:13:37 [info]: 🔄 Running database migrations...
2025-12-29 06:13:37 [info]: ✅ Migrations completed
2025-12-29 06:13:37 [info]: 🔍 Validating database schema...
2025-12-29 06:13:37 [info]: ✅ Schema validation passed
2025-12-29 06:13:37 [info]: ✅ Redis connected
2025-12-29 06:13:37 [info]: 🚀 Server running on port 3000
2025-12-29 06:13:37 [info]: 📡 WebSocket server ready
2025-12-29 06:13:37 [info]: 🌍 Environment: development
2025-12-29 06:13:37 [info]: 🔗 Health check: http://0.0.0.0:3000/api/health
2025-12-29 07:27:05 [info]: ✅ Database connected
2025-12-29 07:27:05 [info]: 🔄 Running database migrations...
2025-12-29 07:27:05 [info]: ✅ Migrations completed
2025-12-29 07:27:05 [info]: 🔍 Validating database schema...
2025-12-29 07:27:05 [info]: ✅ Schema validation passed
2025-12-29 07:27:05 [info]: ✅ Redis connected
2025-12-29 07:27:05 [info]: 🚀 Server running on port 3000
2025-12-29 07:27:05 [info]: 📡 WebSocket server ready
2025-12-29 07:27:05 [info]: 🌍 Environment: development
2025-12-29 07:27:05 [info]: 🔗 Health check: http://0.0.0.0:3000/api/health
2025-12-29 07:34:28 [info]: ✅ Database connected
2025-12-29 07:34:28 [info]: 🔄 Running database migrations...
2025-12-29 07:34:28 [info]: ✅ Migrations completed
2025-12-29 07:34:28 [info]: 🔍 Validating database schema...
2025-12-29 07:34:28 [info]: ✅ Schema validation passed
2025-12-29 07:34:28 [info]: ✅ Redis connected
2025-12-29 07:34:28 [info]: 🚀 Server running on port 3000
2025-12-29 07:34:28 [info]: 📡 WebSocket server ready
2025-12-29 07:34:28 [info]: 🌍 Environment: development
2025-12-29 07:34:28 [info]: 🔗 Health check: http://0.0.0.0:3000/api/health
2025-12-29 08:38:43 [info]: [Pixels] 🔍 GET START {"reqId":"get-1766965123645-kwdhsvjqs","territoryIdRaw":"adrar","territoryIdNormalized":"adrar","redisKey":"pixel_data:adrar","wasDisplayId":false}
2025-12-29 08:38:43 [info]: [Pixels] 🔍 GET START {"reqId":"get-1766965123681-zuaegiufu","territoryIdRaw":"tamanghasset","territoryIdNormalized":"tamanghasset","redisKey":"pixel_data:tamanghasset","wasDisplayId":false}
2025-12-29 08:38:43 [info]: [Pixels] 🔍 GET retrieved {"reqId":"get-1766965123645-kwdhsvjqs","territoryId":"adrar","redisKey":"pixel_data:adrar","hasData":true,"pixelsLength":385,"filledPixels":385,"revision":42,"dataType":"object"}
2025-12-29 08:38:43 [info]: [Pixels] 🔍 GET retrieved {"reqId":"get-1766965123681-zuaegiufu","territoryId":"tamanghasset","redisKey":"pixel_data:tamanghasset","hasData":true,"pixelsLength":522,"filledPixels":522,"revision":27,"dataType":"object"}
2025-12-29 09:37:26 [info]: [Pixels] 🔍 GET START {"reqId":"get-1766968646383-usvpmd1ga","territoryIdRaw":"tamanghasset","territoryIdNormalized":"tamanghasset","redisKey":"pixel_data:tamanghasset","wasDisplayId":false}
2025-12-29 09:37:26 [info]: [Pixels] 🔍 GET START {"reqId":"get-1766968646389-izxo96fmy","territoryIdRaw":"adrar","territoryIdNormalized":"adrar","redisKey":"pixel_data:adrar","wasDisplayId":false}
2025-12-29 09:37:26 [info]: [Pixels] 🔍 GET retrieved {"reqId":"get-1766968646383-usvpmd1ga","territoryId":"tamanghasset","redisKey":"pixel_data:tamanghasset","hasData":true,"pixelsLength":522,"filledPixels":522,"revision":27,"dataType":"object"}
2025-12-29 09:37:26 [info]: [Pixels] 🔍 GET retrieved {"reqId":"get-1766968646389-izxo96fmy","territoryId":"adrar","redisKey":"pixel_data:adrar","hasData":true,"pixelsLength":385,"filledPixels":385,"revision":42,"dataType":"object"}
2025-12-29 09:39:00 [info]: ✅ Database connected
2025-12-29 09:39:00 [info]: 🔄 Running database migrations...
2025-12-29 09:39:00 [info]: ✅ Migrations completed
2025-12-29 09:39:00 [info]: 🔍 Validating database schema...
2025-12-29 09:39:00 [info]: ✅ Schema validation passed
2025-12-29 09:39:00 [info]: ✅ Redis connected
2025-12-29 09:39:00 [info]: 🚀 Server running on port 3000
2025-12-29 09:39:00 [info]: 📡 WebSocket server ready
2025-12-29 09:39:00 [info]: 🌍 Environment: development
2025-12-29 09:39:00 [info]: 🔗 Health check: http://0.0.0.0:3000/api/health
2025-12-29 09:39:34 [info]: [Pixels] 🔍 GET START {"reqId":"get-1766968774656-epv9uexdz","territoryIdRaw":"adrar","territoryIdNormalized":"adrar","redisKey":"pixel_data:adrar","wasDisplayId":false}
2025-12-29 09:39:34 [info]: [Pixels] 🔍 GET START {"reqId":"get-1766968774739-rokdnj836","territoryIdRaw":"tamanghasset","territoryIdNormalized":"tamanghasset","redisKey":"pixel_data:tamanghasset","wasDisplayId":false}
2025-12-29 09:39:34 [info]: [Pixels] 🔍 GET retrieved {"reqId":"get-1766968774656-epv9uexdz","territoryId":"adrar","redisKey":"pixel_data:adrar","hasData":true,"pixelsLength":385,"filledPixels":385,"revision":42,"dataType":"object"}
2025-12-29 09:39:34 [info]: [Pixels] 🔍 GET retrieved {"reqId":"get-1766968774739-rokdnj836","territoryId":"tamanghasset","redisKey":"pixel_data:tamanghasset","hasData":true,"pixelsLength":522,"filledPixels":522,"revision":27,"dataType":"object"}
2025-12-29 09:43:22 [info]: ✅ Database connected
2025-12-29 09:43:22 [info]: 🔄 Running database migrations...
2025-12-29 09:43:22 [info]: ✅ Migrations completed
2025-12-29 09:43:22 [info]: 🔍 Validating database schema...
2025-12-29 09:43:22 [info]: ✅ Schema validation passed
2025-12-29 09:43:22 [info]: ✅ Redis connected
2025-12-29 09:43:22 [info]: 🚀 Server running on port 3000
2025-12-29 09:43:22 [info]: 📡 WebSocket server ready
2025-12-29 09:43:22 [info]: 🌍 Environment: development
2025-12-29 09:43:22 [info]: 🔗 Health check: http://0.0.0.0:3000/api/health
2025-12-29 09:45:23 [info]: ✅ Database connected
2025-12-29 09:45:23 [info]: 🔄 Running database migrations...
2025-12-29 09:45:23 [info]: ✅ Migrations completed
2025-12-29 09:45:23 [info]: 🔍 Validating database schema...
2025-12-29 09:45:23 [info]: ✅ Schema validation passed
2025-12-29 09:45:23 [info]: ✅ Redis connected
2025-12-29 09:45:23 [info]: 🚀 Server running on port 3000
2025-12-29 09:45:23 [info]: 📡 WebSocket server ready
2025-12-29 09:45:23 [info]: 🌍 Environment: development
2025-12-29 09:45:23 [info]: 🔗 Health check: http://0.0.0.0:3000/api/health
2025-12-29 10:38:03 [info]: ✅ Database connected
2025-12-29 10:38:03 [info]: 🔄 Running database migrations...
2025-12-29 10:38:03 [info]: ✅ Migrations completed
2025-12-29 10:38:03 [info]: 🔍 Validating database schema...
2025-12-29 10:38:04 [info]: ✅ Schema validation passed
2025-12-29 10:38:04 [info]: ✅ Redis connected
2025-12-29 10:38:04 [info]: 🚀 Server running on port 3000
2025-12-29 10:38:04 [info]: 📡 WebSocket server ready
2025-12-29 10:38:04 [info]: 🌍 Environment: development
2025-12-29 10:38:04 [info]: 🔗 Health check: http://0.0.0.0:3000/api/health
2025-12-29 13:14:50 [info]: ✅ Database connected
2025-12-29 13:14:50 [info]: 🔄 Running database migrations...
2025-12-29 13:14:50 [info]: ✅ Migrations completed
2025-12-29 13:14:50 [info]: 🔍 Validating database schema...
2025-12-29 13:14:50 [info]: ✅ Schema validation passed
2025-12-29 13:14:50 [info]: ✅ Redis connected
2025-12-29 13:14:50 [info]: 🚀 Server running on port 3000
2025-12-29 13:14:50 [info]: 📡 WebSocket server ready
2025-12-29 13:14:50 [info]: 🌍 Environment: development
2025-12-29 13:14:50 [info]: 🔗 Health check: http://0.0.0.0:3000/api/health
2025-12-29 13:26:28 [info]: ✅ Database connected
2025-12-29 13:26:28 [info]: 🔄 Running database migrations...
2025-12-29 13:26:28 [info]: ✅ Migrations completed
2025-12-29 13:26:28 [info]: 🔍 Validating database schema...
2025-12-29 13:26:28 [info]: ✅ Schema validation passed
2025-12-29 13:26:28 [info]: ✅ Redis connected
2025-12-29 13:26:28 [info]: 🚀 Server running on port 3000
2025-12-29 13:26:28 [info]: 📡 WebSocket server ready
2025-12-29 13:26:28 [info]: 🌍 Environment: development
2025-12-29 13:26:28 [info]: 🔗 Health check: http://0.0.0.0:3000/api/health
2025-12-29 13:29:44 [info]: ✅ Database connected
2025-12-29 13:29:44 [info]: 🔄 Running database migrations...
2025-12-29 13:29:44 [info]: ✅ Migrations completed
2025-12-29 13:29:44 [info]: 🔍 Validating database schema...
2025-12-29 13:29:44 [info]: ✅ Schema validation passed
2025-12-29 13:29:44 [info]: ✅ Redis connected
2025-12-29 13:29:44 [info]: 🚀 Server running on port 3000
2025-12-29 13:29:44 [info]: 📡 WebSocket server ready
2025-12-29 13:29:44 [info]: 🌍 Environment: development
2025-12-29 13:29:44 [info]: 🔗 Health check: http://0.0.0.0:3000/api/health
2025-12-29 13:29:59 [error]: unhandledRejection: auctionId is not defined
ReferenceError: auctionId is not defined
    at file:///C:/Users/win/Downloads/Global-Advertising-Platform-d9586aca12844d7c7dbe1a70fb43f4a241df4343/backend/routes/admin.js:894:46
    at process.processTicksAndRejections (node:internal/process/task_queues:105:5)
ReferenceError: auctionId is not defined
    at file:///C:/Users/win/Downloads/Global-Advertising-Platform-d9586aca12844d7c7dbe1a70fb43f4a241df4343/backend/routes/admin.js:894:46
    at process.processTicksAndRejections (node:internal/process/task_queues:105:5) {"error":{},"rejection":true,"date":"Mon Dec 29 2025 13:29:59 GMT+0900 (대한민국 표준시)","process":{"pid":11248,"uid":null,"gid":null,"cwd":"C:\\Users\\win\\Downloads\\Global-Advertising-Platform-d9586aca12844d7c7dbe1a70fb43f4a241df4343\\backend","execPath":"C:\\Program Files\\nodejs\\node.exe","version":"v22.13.1","argv":["C:\\Program Files\\nodejs\\node.exe","C:\\Users\\win\\Downloads\\Global-Advertising-Platform-d9586aca12844d7c7dbe1a70fb43f4a241df4343\\backend\\server.js"],"memoryUsage":{"rss":82677760,"heapTotal":32739328,"heapUsed":30471712,"external":3854335,"arrayBuffers":163019}},"os":{"loadavg":[0,0,0],"uptime":340199.906},"trace":[{"column":46,"file":"file:///C:/Users/win/Downloads/Global-Advertising-Platform-d9586aca12844d7c7dbe1a70fb43f4a241df4343/backend/routes/admin.js","function":null,"line":894,"method":null,"native":false},{"column":5,"file":"node:internal/process/task_queues","function":"process.processTicksAndRejections","line":105,"method":"processTicksAndRejections","native":false}]}
2025-12-29 13:32:39 [info]: ✅ Database connected
2025-12-29 13:32:39 [info]: 🔄 Running database migrations...
2025-12-29 13:32:39 [info]: ✅ Migrations completed
2025-12-29 13:32:39 [info]: 🔍 Validating database schema...
2025-12-29 13:32:39 [info]: ✅ Schema validation passed
2025-12-29 13:32:39 [info]: ✅ Redis connected
2025-12-29 13:32:39 [info]: 🚀 Server running on port 3000
2025-12-29 13:32:39 [info]: 📡 WebSocket server ready
2025-12-29 13:32:39 [info]: 🌍 Environment: development
2025-12-29 13:32:39 [info]: 🔗 Health check: http://0.0.0.0:3000/api/health
2025-12-29 13:32:53 [error]: unhandledRejection: auctionId is not defined
ReferenceError: auctionId is not defined
    at file:///C:/Users/win/Downloads/Global-Advertising-Platform-d9586aca12844d7c7dbe1a70fb43f4a241df4343/backend/routes/admin.js:893:46
    at process.processTicksAndRejections (node:internal/process/task_queues:105:5)
ReferenceError: auctionId is not defined
    at file:///C:/Users/win/Downloads/Global-Advertising-Platform-d9586aca12844d7c7dbe1a70fb43f4a241df4343/backend/routes/admin.js:893:46
    at process.processTicksAndRejections (node:internal/process/task_queues:105:5) {"error":{},"rejection":true,"date":"Mon Dec 29 2025 13:32:53 GMT+0900 (대한민국 표준시)","process":{"pid":28188,"uid":null,"gid":null,"cwd":"C:\\Users\\win\\Downloads\\Global-Advertising-Platform-d9586aca12844d7c7dbe1a70fb43f4a241df4343\\backend","execPath":"C:\\Program Files\\nodejs\\node.exe","version":"v22.13.1","argv":["C:\\Program Files\\nodejs\\node.exe","C:\\Users\\win\\Downloads\\Global-Advertising-Platform-d9586aca12844d7c7dbe1a70fb43f4a241df4343\\backend\\server.js"],"memoryUsage":{"rss":130277376,"heapTotal":85430272,"heapUsed":50391864,"external":3939215,"arrayBuffers":138671}},"os":{"loadavg":[0,0,0],"uptime":340374.062},"trace":[{"column":46,"file":"file:///C:/Users/win/Downloads/Global-Advertising-Platform-d9586aca12844d7c7dbe1a70fb43f4a241df4343/backend/routes/admin.js","function":null,"line":893,"method":null,"native":false},{"column":5,"file":"node:internal/process/task_queues","function":"process.processTicksAndRejections","line":105,"method":"processTicksAndRejections","native":false}]}
2025-12-29 14:06:04 [info]: ✅ Database connected
2025-12-29 14:06:04 [info]: 🔄 Running database migrations...
2025-12-29 14:06:04 [info]: ✅ Migrations completed
2025-12-29 14:06:04 [info]: 🔍 Validating database schema...
2025-12-29 14:06:04 [info]: ✅ Schema validation passed
2025-12-29 14:06:04 [info]: ✅ Redis connected
2025-12-29 14:06:04 [info]: 🚀 Server running on port 3000
2025-12-29 14:06:04 [info]: 📡 WebSocket server ready
2025-12-29 14:06:04 [info]: 🌍 Environment: development
2025-12-29 14:06:04 [info]: 🔗 Health check: http://0.0.0.0:3000/api/health
2025-12-29 14:06:36 [error]: unhandledRejection: auctionId is not defined
ReferenceError: auctionId is not defined
    at file:///C:/Users/win/Downloads/Global-Advertising-Platform-d9586aca12844d7c7dbe1a70fb43f4a241df4343/backend/routes/admin.js:936:46
    at process.processTicksAndRejections (node:internal/process/task_queues:105:5)
ReferenceError: auctionId is not defined
    at file:///C:/Users/win/Downloads/Global-Advertising-Platform-d9586aca12844d7c7dbe1a70fb43f4a241df4343/backend/routes/admin.js:936:46
    at process.processTicksAndRejections (node:internal/process/task_queues:105:5) {"error":{},"rejection":true,"date":"Mon Dec 29 2025 14:06:36 GMT+0900 (대한민국 표준시)","process":{"pid":17896,"uid":null,"gid":null,"cwd":"C:\\Users\\win\\Downloads\\Global-Advertising-Platform-d9586aca12844d7c7dbe1a70fb43f4a241df4343\\backend","execPath":"C:\\Program Files\\nodejs\\node.exe","version":"v22.13.1","argv":["C:\\Program Files\\nodejs\\node.exe","C:\\Users\\win\\Downloads\\Global-Advertising-Platform-d9586aca12844d7c7dbe1a70fb43f4a241df4343\\backend\\server.js"],"memoryUsage":{"rss":126685184,"heapTotal":80187392,"heapUsed":54111640,"external":3940556,"arrayBuffers":230563}},"os":{"loadavg":[0,0,0],"uptime":342396.437},"trace":[{"column":46,"file":"file:///C:/Users/win/Downloads/Global-Advertising-Platform-d9586aca12844d7c7dbe1a70fb43f4a241df4343/backend/routes/admin.js","function":null,"line":936,"method":null,"native":false},{"column":5,"file":"node:internal/process/task_queues","function":"process.processTicksAndRejections","line":105,"method":"processTicksAndRejections","native":false}]}
2025-12-29 14:08:20 [info]: ✅ Database connected
2025-12-29 14:08:20 [info]: 🔄 Running database migrations...
2025-12-29 14:08:20 [info]: ✅ Migrations completed
2025-12-29 14:08:20 [info]: 🔍 Validating database schema...
2025-12-29 14:08:20 [info]: ✅ Schema validation passed
2025-12-29 14:08:20 [info]: ✅ Redis connected
2025-12-29 14:08:20 [info]: 🚀 Server running on port 3000
2025-12-29 14:08:20 [info]: 📡 WebSocket server ready
2025-12-29 14:08:20 [info]: 🌍 Environment: development
2025-12-29 14:08:20 [info]: 🔗 Health check: http://0.0.0.0:3000/api/health
2025-12-29 14:08:36 [error]: unhandledRejection: auctionId is not defined
ReferenceError: auctionId is not defined
    at file:///C:/Users/win/Downloads/Global-Advertising-Platform-d9586aca12844d7c7dbe1a70fb43f4a241df4343/backend/routes/admin.js:936:46
    at process.processTicksAndRejections (node:internal/process/task_queues:105:5)
ReferenceError: auctionId is not defined
    at file:///C:/Users/win/Downloads/Global-Advertising-Platform-d9586aca12844d7c7dbe1a70fb43f4a241df4343/backend/routes/admin.js:936:46
    at process.processTicksAndRejections (node:internal/process/task_queues:105:5) {"error":{},"rejection":true,"date":"Mon Dec 29 2025 14:08:36 GMT+0900 (대한민국 표준시)","process":{"pid":18528,"uid":null,"gid":null,"cwd":"C:\\Users\\win\\Downloads\\Global-Advertising-Platform-d9586aca12844d7c7dbe1a70fb43f4a241df4343\\backend","execPath":"C:\\Program Files\\nodejs\\node.exe","version":"v22.13.1","argv":["C:\\Program Files\\nodejs\\node.exe","C:\\Users\\win\\Downloads\\Global-Advertising-Platform-d9586aca12844d7c7dbe1a70fb43f4a241df4343\\backend\\server.js"],"memoryUsage":{"rss":126156800,"heapTotal":80449536,"heapUsed":53997008,"external":3949579,"arrayBuffers":239586}},"os":{"loadavg":[0,0,0],"uptime":342516.5},"trace":[{"column":46,"file":"file:///C:/Users/win/Downloads/Global-Advertising-Platform-d9586aca12844d7c7dbe1a70fb43f4a241df4343/backend/routes/admin.js","function":null,"line":936,"method":null,"native":false},{"column":5,"file":"node:internal/process/task_queues","function":"process.processTicksAndRejections","line":105,"method":"processTicksAndRejections","native":false}]}
2025-12-29 14:08:53 [info]: ✅ Database connected
2025-12-29 14:08:53 [info]: 🔄 Running database migrations...
2025-12-29 14:08:53 [info]: ✅ Migrations completed
2025-12-29 14:08:53 [info]: 🔍 Validating database schema...
2025-12-29 14:08:53 [info]: ✅ Schema validation passed
2025-12-29 14:08:53 [info]: ✅ Redis connected
2025-12-29 14:08:53 [info]: 🚀 Server running on port 3000
2025-12-29 14:08:53 [info]: 📡 WebSocket server ready
2025-12-29 14:08:53 [info]: 🌍 Environment: development
2025-12-29 14:08:53 [info]: 🔗 Health check: http://0.0.0.0:3000/api/health
2025-12-29 14:09:10 [error]: unhandledRejection: auctionId is not defined
ReferenceError: auctionId is not defined
    at file:///C:/Users/win/Downloads/Global-Advertising-Platform-d9586aca12844d7c7dbe1a70fb43f4a241df4343/backend/routes/admin.js:936:46
    at process.processTicksAndRejections (node:internal/process/task_queues:105:5)
ReferenceError: auctionId is not defined
    at file:///C:/Users/win/Downloads/Global-Advertising-Platform-d9586aca12844d7c7dbe1a70fb43f4a241df4343/backend/routes/admin.js:936:46
    at process.processTicksAndRejections (node:internal/process/task_queues:105:5) {"error":{},"rejection":true,"date":"Mon Dec 29 2025 14:09:10 GMT+0900 (대한민국 표준시)","process":{"pid":31136,"uid":null,"gid":null,"cwd":"C:\\Users\\win\\Downloads\\Global-Advertising-Platform-d9586aca12844d7c7dbe1a70fb43f4a241df4343\\backend","execPath":"C:\\Program Files\\nodejs\\node.exe","version":"v22.13.1","argv":["C:\\Program Files\\nodejs\\node.exe","C:\\Users\\win\\Downloads\\Global-Advertising-Platform-d9586aca12844d7c7dbe1a70fb43f4a241df4343\\backend\\server.js"],"memoryUsage":{"rss":126251008,"heapTotal":80187392,"heapUsed":53368416,"external":3930595,"arrayBuffers":220602}},"os":{"loadavg":[0,0,0],"uptime":342550.312},"trace":[{"column":46,"file":"file:///C:/Users/win/Downloads/Global-Advertising-Platform-d9586aca12844d7c7dbe1a70fb43f4a241df4343/backend/routes/admin.js","function":null,"line":936,"method":null,"native":false},{"column":5,"file":"node:internal/process/task_queues","function":"process.processTicksAndRejections","line":105,"method":"processTicksAndRejections","native":false}]}
2025-12-29 14:41:04 [info]: ✅ Database connected
2025-12-29 14:41:04 [info]: 🔄 Running database migrations...
2025-12-29 14:41:04 [info]: ✅ Migrations completed
2025-12-29 14:41:04 [info]: 🔍 Validating database schema...
2025-12-29 14:41:04 [info]: ✅ Schema validation passed
2025-12-29 14:41:04 [info]: ✅ Redis connected
2025-12-29 14:41:04 [info]: 🚀 Server running on port 3000
2025-12-29 14:41:04 [info]: 📡 WebSocket server ready
2025-12-29 14:41:04 [info]: 🌍 Environment: development
2025-12-29 14:41:04 [info]: 🔗 Health check: http://0.0.0.0:3000/api/health
2025-12-29 17:18:17 [info]: [Pixels] 🔍 GET START {"reqId":"get-1766996297406-9qqgal399","territoryIdRaw":"orientale","territoryIdNormalized":"orientale","redisKey":"pixel_data:orientale","wasDisplayId":false}
2025-12-29 17:18:17 [info]: [Pixels] 🔍 GET retrieved {"reqId":"get-1766996297406-9qqgal399","territoryId":"orientale","redisKey":"pixel_data:orientale","hasData":false,"pixelsLength":0,"filledPixels":0,"revision":0,"dataType":"object"}
2025-12-29 22:34:52 [info]: ✅ Database connected
2025-12-29 22:34:52 [info]: 🔄 Running database migrations...
2025-12-29 22:34:52 [info]: ✅ Migrations completed
2025-12-29 22:34:52 [info]: 🔍 Validating database schema...
2025-12-29 22:34:52 [info]: ✅ Schema validation passed
2025-12-29 22:34:52 [info]: ✅ Redis connected
2025-12-29 22:34:52 [info]: 🚀 Server running on port 3000
2025-12-29 22:34:52 [info]: 📡 WebSocket server ready
2025-12-29 22:34:52 [info]: 🌍 Environment: development
2025-12-29 22:34:52 [info]: 🔗 Health check: http://0.0.0.0:3000/api/health
2025-12-30 11:39:21 [info]: [Pixels] 🔍 POST /tiles START {"reqId":"tiles-1767062361668-iomx7399l","territoryIdRaw":"tamanghasset","contentLength":2295,"tilesCount":2,"bodyKeys":["tiles"],"tilesType":"object","tilesIsArray":true,"tilesSample":{"tileId":"tamanghasset:1:2","pixels":[{"x":29,"y":39,"color":"#ec3232"},{"x":30,"y":39,"color":"#ec3232"},{"x":31,"y":39,"color":"#ec3232"},{"x":20,"y":40,"color":"#ec3232"},{"x":21,"y":40,"color":"#ec3232"},{"x":22,"y":40,"color":"#ec3232"},{"x":23,"y":40,"color":"#ec3232"},{"x":28,"y":40,"color":"#ec3232"},{"x":29,"y":40,"color":"#ec3232"},{"x":18,"y":41,"color":"#ec3232"},{"x":19,"y":41,"color":"#ec3232"},{"x":23,"y":41,"color":"#ec3232"},{"x":27,"y":41,"color":"#ec3232"},{"x":17,"y":42,"color":"#ec3232"},{"x":18,"y":42,"color":"#ec3232"},{"x":24,"y":42,"color":"#ec3232"},{"x":26,"y":42,"color":"#ec3232"},{"x":17,"y":43,"color":"#ec3232"},{"x":24,"y":43,"color":"#ec3232"},{"x":26,"y":43,"color":"#ec3232"},{"x":17,"y":44,"color":"#ec3232"},{"x":24,"y":44,"color":"#ec3232"},{"x":25,"y":44,"color":"#ec3232"},{"x":26,"y":44,"color":"#ec3232"},{"x":31,"y":44,"color":"#ec3232"},{"x":17,"y":45,"color":"#ec3232"},{"x":25,"y":45,"color":"#ec3232"},{"x":31,"y":45,"color":"#ec3232"},{"x":17,"y":46,"color":"#ec3232"},{"x":31,"y":46,"color":"#ec3232"},{"x":17,"y":47,"color":"#ec3232"},{"x":18,"y":47,"color":"#ec3232"},{"x":31,"y":47,"color":"#ec3232"}],"revision":0}}
2025-12-30 11:39:22 [info]: [Pixels] 🔍 POST /pixels START {"reqId":"req-1767062362229-92xgy8sve","territoryIdRaw":"tamanghasset","contentLength":50949,"payloadPixelsLen":592,"payloadEncodedLen":0,"isDelta":false,"width":128,"height":128,"pixelsType":"object","pixelsIsArray":true,"bodyKeys":["pixels","width","height"]}
2025-12-30 11:39:22 [info]: [Pixels] 🔍 Territory ID normalized {"reqId":"req-1767062362229-92xgy8sve","territoryIdRaw":"tamanghasset","territoryIdNormalized":"tamanghasset","redisKey":"pixel_data:tamanghasset","wasDisplayId":false}
2025-12-30 11:39:22 [info]: [Pixels] 🔍 Before save {"reqId":"req-1767062362229-92xgy8sve","territoryId":"tamanghasset","redisKey":"pixel_data:tamanghasset","payloadPixelsLen":592,"finalPixelsLen":592,"finalWidth":128,"finalHeight":128,"revisionToWrite":28,"incomingRevision":0,"isDelta":false}
2025-12-30 11:39:22 [info]: [Pixels] ✅ Save completed {"reqId":"req-1767062362229-92xgy8sve","territoryId":"tamanghasset","redisKey":"pixel_data:tamanghasset","payloadPixelsLen":592,"finalPixelsLen":592,"verifiedPixelsLen":592,"storedRevision":28,"updatedAt":"2025-12-30T02:39:22.329Z"}
2025-12-30 11:39:22 [info]: [Pixels] 🔍 GET START {"reqId":"get-1767062362934-5wnt1ethv","territoryIdRaw":"tamanghasset","territoryIdNormalized":"tamanghasset","redisKey":"pixel_data:tamanghasset","wasDisplayId":false}
2025-12-30 11:39:22 [info]: [Pixels] 🔍 GET START {"reqId":"get-1767062362981-n51ifx1wy","territoryIdRaw":"tamanghasset","territoryIdNormalized":"tamanghasset","redisKey":"pixel_data:tamanghasset","wasDisplayId":false}
2025-12-30 11:39:22 [info]: [Pixels] 🔍 GET retrieved {"reqId":"get-1767062362934-5wnt1ethv","territoryId":"tamanghasset","redisKey":"pixel_data:tamanghasset","hasData":true,"pixelsLength":592,"filledPixels":592,"revision":28,"dataType":"object"}
2025-12-30 11:39:23 [info]: [Pixels] 🔍 GET START {"reqId":"get-1767062363046-ifjwcehp2","territoryIdRaw":"tamanghasset","territoryIdNormalized":"tamanghasset","redisKey":"pixel_data:tamanghasset","wasDisplayId":false}
2025-12-30 11:39:23 [info]: [Pixels] 🔍 GET retrieved {"reqId":"get-1767062363046-ifjwcehp2","territoryId":"tamanghasset","redisKey":"pixel_data:tamanghasset","hasData":true,"pixelsLength":592,"filledPixels":592,"revision":28,"dataType":"object"}
2025-12-30 11:39:23 [info]: [Pixels] 🔍 GET retrieved {"reqId":"get-1767062362981-n51ifx1wy","territoryId":"tamanghasset","redisKey":"pixel_data:tamanghasset","hasData":true,"pixelsLength":592,"filledPixels":592,"revision":28,"dataType":"object"}
2025-12-30 11:39:26 [info]: [Pixels] 🔍 GET START {"reqId":"get-1767062366500-tmirk0jul","territoryIdRaw":"tamanghasset","territoryIdNormalized":"tamanghasset","redisKey":"pixel_data:tamanghasset","wasDisplayId":false}
2025-12-30 11:39:26 [info]: [Pixels] 🔍 GET START {"reqId":"get-1767062366682-h567rqb71","territoryIdRaw":"tamanghasset","territoryIdNormalized":"tamanghasset","redisKey":"pixel_data:tamanghasset","wasDisplayId":false}
2025-12-30 11:39:26 [info]: [Pixels] 🔍 GET retrieved {"reqId":"get-1767062366500-tmirk0jul","territoryId":"tamanghasset","redisKey":"pixel_data:tamanghasset","hasData":true,"pixelsLength":592,"filledPixels":592,"revision":28,"dataType":"object"}
2025-12-30 11:39:26 [info]: [Pixels] 🔍 GET retrieved {"reqId":"get-1767062366682-h567rqb71","territoryId":"tamanghasset","redisKey":"pixel_data:tamanghasset","hasData":true,"pixelsLength":592,"filledPixels":592,"revision":28,"dataType":"object"}
2026-01-01 11:42:32 [info]: [Pixels] 🔍 GET START {"reqId":"get-1767235352938-g9q2qm8c0","territoryIdRaw":"tamanghasset","territoryIdNormalized":"tamanghasset","redisKey":"pixel_data:tamanghasset","wasDisplayId":false}
2026-01-01 11:42:32 [info]: [Pixels] 🔍 GET START {"reqId":"get-1767235352948-jxwu3jkyw","territoryIdRaw":"adrar","territoryIdNormalized":"adrar","redisKey":"pixel_data:adrar","wasDisplayId":false}
2026-01-01 11:42:33 [info]: [Pixels] 🔍 GET retrieved {"reqId":"get-1767235352938-g9q2qm8c0","territoryId":"tamanghasset","redisKey":"pixel_data:tamanghasset","hasData":true,"pixelsLength":592,"filledPixels":592,"revision":28,"dataType":"object"}
2026-01-01 11:42:33 [info]: [Pixels] 🔍 GET retrieved {"reqId":"get-1767235352948-jxwu3jkyw","territoryId":"adrar","redisKey":"pixel_data:adrar","hasData":true,"pixelsLength":385,"filledPixels":385,"revision":42,"dataType":"object"}
2026-01-01 11:44:55 [info]: [Pixels] 🔍 GET START {"reqId":"get-1767235495028-igkyxqb60","territoryIdRaw":"adrar","territoryIdNormalized":"adrar","redisKey":"pixel_data:adrar","wasDisplayId":false}
2026-01-01 11:44:55 [info]: [Pixels] 🔍 GET retrieved {"reqId":"get-1767235495028-igkyxqb60","territoryId":"adrar","redisKey":"pixel_data:adrar","hasData":true,"pixelsLength":385,"filledPixels":385,"revision":42,"dataType":"object"}
2026-01-01 11:44:55 [info]: [Pixels] 🔍 GET START {"reqId":"get-1767235495171-j11iuq5g2","territoryIdRaw":"tamanghasset","territoryIdNormalized":"tamanghasset","redisKey":"pixel_data:tamanghasset","wasDisplayId":false}
2026-01-01 11:44:55 [info]: [Pixels] 🔍 GET retrieved {"reqId":"get-1767235495171-j11iuq5g2","territoryId":"tamanghasset","redisKey":"pixel_data:tamanghasset","hasData":true,"pixelsLength":592,"filledPixels":592,"revision":28,"dataType":"object"}
2026-01-01 11:45:06 [info]: [Pixels] 🔍 GET START {"reqId":"get-1767235506914-i8ewsxofd","territoryIdRaw":"tiris-zemmour","territoryIdNormalized":"tiris-zemmour","redisKey":"pixel_data:tiris-zemmour","wasDisplayId":false}
2026-01-01 11:45:07 [info]: [Pixels] 🔍 GET retrieved {"reqId":"get-1767235506914-i8ewsxofd","territoryId":"tiris-zemmour","redisKey":"pixel_data:tiris-zemmour","hasData":false,"pixelsLength":0,"filledPixels":0,"revision":0,"dataType":"object"}
2026-01-01 17:16:35 [info]: [Pixels] 🔍 GET START {"reqId":"get-1767255395495-924ecuxjk","territoryIdRaw":"adrar","territoryIdNormalized":"adrar","redisKey":"pixel_data:adrar","wasDisplayId":false}
2026-01-01 17:16:35 [info]: [Pixels] 🔍 GET START {"reqId":"get-1767255395498-4c13g545f","territoryIdRaw":"tamanghasset","territoryIdNormalized":"tamanghasset","redisKey":"pixel_data:tamanghasset","wasDisplayId":false}
2026-01-01 17:16:35 [info]: [Pixels] 🔍 GET retrieved {"reqId":"get-1767255395495-924ecuxjk","territoryId":"adrar","redisKey":"pixel_data:adrar","hasData":true,"pixelsLength":385,"filledPixels":385,"revision":42,"dataType":"object"}
2026-01-01 17:16:35 [info]: [Pixels] 🔍 GET retrieved {"reqId":"get-1767255395498-4c13g545f","territoryId":"tamanghasset","redisKey":"pixel_data:tamanghasset","hasData":true,"pixelsLength":592,"filledPixels":592,"revision":28,"dataType":"object"}
2026-01-20 23:31:22 [info]: ✅ Database connected
2026-01-20 23:31:22 [info]: 🔄 Running database migrations...
2026-01-20 23:31:22 [info]: ✅ Migrations completed
2026-01-20 23:31:22 [info]: 🔍 Validating database schema...
2026-01-20 23:31:22 [info]: ✅ Schema validation passed
2026-01-22 01:25:41 [info]: ✅ Database connected
2026-01-22 01:25:41 [info]: 🔄 Running database migrations...
2026-01-22 01:25:41 [info]: ✅ Migrations completed
2026-01-22 01:25:41 [info]: 🔍 Validating database schema...
2026-01-22 01:25:41 [info]: ✅ Schema validation passed
2026-01-22 01:33:17 [info]: ✅ Database connected
2026-01-22 01:33:17 [info]: 🔄 Running database migrations...
2026-01-22 01:33:17 [info]: ✅ Migrations completed
2026-01-22 01:33:17 [info]: 🔍 Validating database schema...
2026-01-22 01:33:17 [info]: ✅ Schema validation passed
2026-01-22 01:33:17 [info]: ✅ Redis connected
2026-01-22 01:33:17 [info]: 🚀 Server running on port 3000
2026-01-22 01:33:17 [info]: 📡 WebSocket server ready
2026-01-22 01:33:17 [info]: 🌍 Environment: development
2026-01-22 01:33:17 [info]: 🔗 Health check: http://0.0.0.0:3000/api/health
2026-01-22 01:34:37 [info]: ✅ Database connected
2026-01-22 01:34:37 [info]: 🔄 Running database migrations...
2026-01-22 01:34:37 [info]: ✅ Migrations completed
2026-01-22 01:34:37 [info]: 🔍 Validating database schema...
2026-01-22 01:34:37 [info]: ✅ Schema validation passed
2026-01-22 01:34:37 [info]: ✅ Redis connected
2026-01-22 01:34:37 [info]: 🚀 Server running on port 8001
2026-01-22 01:34:37 [info]: 📡 WebSocket server ready
2026-01-22 01:34:37 [info]: 🌍 Environment: development
2026-01-22 01:34:37 [info]: 🔗 Health check: http://0.0.0.0:8001/api/health
2026-01-22 01:36:13 [info]: [Pixels] 🔍 GET START {"reqId":"get-1769013373227-tz45mwe2o","territoryIdRaw":"adrar","territoryIdNormalized":"adrar","redisKey":"pixel_data:adrar","wasDisplayId":false}
2026-01-22 01:36:13 [info]: [Pixels] 🔍 GET START {"reqId":"get-1769013373231-qzk0iyvmk","territoryIdRaw":"tamanghasset","territoryIdNormalized":"tamanghasset","redisKey":"pixel_data:tamanghasset","wasDisplayId":false}
2026-01-22 01:36:13 [info]: [Pixels] 🔍 GET retrieved {"reqId":"get-1769013373227-tz45mwe2o","territoryId":"adrar","redisKey":"pixel_data:adrar","hasData":true,"pixelsLength":385,"filledPixels":385,"revision":42,"dataType":"object"}
2026-01-22 01:36:13 [info]: [Pixels] 🔍 GET retrieved {"reqId":"get-1769013373231-qzk0iyvmk","territoryId":"tamanghasset","redisKey":"pixel_data:tamanghasset","hasData":true,"pixelsLength":592,"filledPixels":592,"revision":28,"dataType":"object"}
2026-01-22 01:36:57 [info]: [Pixels] 🔍 GET START {"reqId":"get-1769013417189-j38c4qdim","territoryIdRaw":"qubec","territoryIdNormalized":"qubec","redisKey":"pixel_data:qubec","wasDisplayId":false}
2026-01-22 01:36:57 [info]: [Pixels] 🔍 GET retrieved {"reqId":"get-1769013417189-j38c4qdim","territoryId":"qubec","redisKey":"pixel_data:qubec","hasData":false,"pixelsLength":0,"filledPixels":0,"revision":0,"dataType":"object"}
2026-01-22 16:38:11 [info]: [Pixels] 🔍 GET START {"reqId":"get-1769067491180-3nhp8bypk","territoryIdRaw":"kansas","territoryIdNormalized":"kansas","redisKey":"pixel_data:kansas","wasDisplayId":false}
2026-01-22 16:38:11 [info]: [Pixels] 🔍 GET retrieved {"reqId":"get-1769067491180-3nhp8bypk","territoryId":"kansas","redisKey":"pixel_data:kansas","hasData":false,"pixelsLength":0,"filledPixels":0,"revision":0,"dataType":"object"}
2026-01-22 16:41:00 [info]: [Pixels] 🔍 GET START {"reqId":"get-1769067660552-qrlvracv2","territoryIdRaw":"california","territoryIdNormalized":"california","redisKey":"pixel_data:california","wasDisplayId":false}
2026-01-22 16:41:00 [info]: [Pixels] 🔍 GET retrieved {"reqId":"get-1769067660552-qrlvracv2","territoryId":"california","redisKey":"pixel_data:california","hasData":false,"pixelsLength":0,"filledPixels":0,"revision":0,"dataType":"object"}
2026-01-22 16:42:16 [info]: [Pixels] 🔍 GET START {"reqId":"get-1769067736756-hskib3vfj","territoryIdRaw":"california","territoryIdNormalized":"california","redisKey":"pixel_data:california","wasDisplayId":false}
2026-01-22 16:42:16 [info]: [Pixels] 🔍 GET retrieved {"reqId":"get-1769067736756-hskib3vfj","territoryId":"california","redisKey":"pixel_data:california","hasData":false,"pixelsLength":0,"filledPixels":0,"revision":0,"dataType":"object"}
2026-01-22 17:00:42 [info]: ✅ Database connected
2026-01-22 17:00:42 [info]: 🔄 Running database migrations...
2026-01-22 17:00:42 [info]: ✅ Migrations completed
2026-01-22 17:00:42 [info]: 🔍 Validating database schema...
2026-01-22 17:00:43 [info]: ✅ Schema validation passed
2026-01-22 17:00:43 [info]: ✅ Redis connected
2026-01-22 17:00:43 [info]: 🚀 Server running on port 8001
2026-01-22 17:00:43 [info]: 📡 WebSocket server ready
2026-01-22 17:00:43 [info]: 🌍 Environment: development
2026-01-22 17:00:43 [info]: 🔗 Health check: http://0.0.0.0:8001/api/health
2026-01-22 17:04:15 [info]: ✅ Database connected
2026-01-22 17:04:15 [info]: 🔄 Running database migrations...
2026-01-22 17:04:16 [info]: ✅ Migrations completed
2026-01-22 17:04:16 [info]: 🔍 Validating database schema...
2026-01-22 17:04:16 [info]: ✅ Schema validation passed
2026-01-22 17:04:16 [info]: ✅ Redis connected
2026-01-22 17:04:16 [info]: 🚀 Server running on port 8001
2026-01-22 17:04:16 [info]: 📡 WebSocket server ready
2026-01-22 17:04:16 [info]: 🌍 Environment: development
2026-01-22 17:04:16 [info]: 🔗 Health check: http://0.0.0.0:8001/api/health
2026-01-22 18:14:36 [info]: [Pixels] 🔍 GET START {"reqId":"get-1769073276148-sc4diadwk","territoryIdRaw":"california","territoryIdNormalized":"california","redisKey":"pixel_data:california","wasDisplayId":false}
2026-01-22 18:14:36 [info]: [Pixels] 🔍 GET retrieved {"reqId":"get-1769073276148-sc4diadwk","territoryId":"california","redisKey":"pixel_data:california","hasData":false,"pixelsLength":0,"filledPixels":0,"revision":0,"dataType":"object"}
2026-01-22 18:14:40 [info]: [Pixels] 🔍 GET START {"reqId":"get-1769073280685-klgsqvs34","territoryIdRaw":"california","territoryIdNormalized":"california","redisKey":"pixel_data:california","wasDisplayId":false}
2026-01-22 18:14:40 [info]: [Pixels] 🔍 GET retrieved {"reqId":"get-1769073280685-klgsqvs34","territoryId":"california","redisKey":"pixel_data:california","hasData":false,"pixelsLength":0,"filledPixels":0,"revision":0,"dataType":"object"}
2026-01-22 18:26:28 [info]: [Pixels] 🔍 GET START {"reqId":"get-1769073988724-z6sx8yn8a","territoryIdRaw":"california","territoryIdNormalized":"california","redisKey":"pixel_data:california","wasDisplayId":false}
2026-01-22 18:26:28 [info]: [Pixels] 🔍 GET retrieved {"reqId":"get-1769073988724-z6sx8yn8a","territoryId":"california","redisKey":"pixel_data:california","hasData":false,"pixelsLength":0,"filledPixels":0,"revision":0,"dataType":"object"}
2026-01-22 18:28:16 [info]: [Pixels] 🔍 GET START {"reqId":"get-1769074096269-zizhuh22f","territoryIdRaw":"california","territoryIdNormalized":"california","redisKey":"pixel_data:california","wasDisplayId":false}
2026-01-22 18:28:16 [info]: [Pixels] 🔍 GET retrieved {"reqId":"get-1769074096269-zizhuh22f","territoryId":"california","redisKey":"pixel_data:california","hasData":false,"pixelsLength":0,"filledPixels":0,"revision":0,"dataType":"object"}
2026-01-22 18:28:16 [info]: [Pixels] 🔍 GET START {"reqId":"get-1769074096974-7sy1wlo0b","territoryIdRaw":"california","territoryIdNormalized":"california","redisKey":"pixel_data:california","wasDisplayId":false}
2026-01-22 18:28:17 [info]: [Pixels] 🔍 GET retrieved {"reqId":"get-1769074096974-7sy1wlo0b","territoryId":"california","redisKey":"pixel_data:california","hasData":false,"pixelsLength":0,"filledPixels":0,"revision":0,"dataType":"object"}
2026-01-22 22:37:21 [info]: [Pixels] 🔍 GET START {"reqId":"get-1769089041894-651cvep5r","territoryIdRaw":"california","territoryIdNormalized":"california","redisKey":"pixel_data:california","wasDisplayId":false}
2026-01-22 22:37:21 [info]: [Pixels] 🔍 GET retrieved {"reqId":"get-1769089041894-651cvep5r","territoryId":"california","redisKey":"pixel_data:california","hasData":false,"pixelsLength":0,"filledPixels":0,"revision":0,"dataType":"object"}
2026-01-22 22:47:41 [info]: [Pixels] 🔍 GET START {"reqId":"get-1769089661786-5y2mrc7q0","territoryIdRaw":"california","territoryIdNormalized":"california","redisKey":"pixel_data:california","wasDisplayId":false}
2026-01-22 22:47:41 [info]: [Pixels] 🔍 GET retrieved {"reqId":"get-1769089661786-5y2mrc7q0","territoryId":"california","redisKey":"pixel_data:california","hasData":false,"pixelsLength":0,"filledPixels":0,"revision":0,"dataType":"object"}
2026-01-22 22:55:00 [info]: [Pixels] 🔍 GET START {"reqId":"get-1769090100973-ia9cwet0g","territoryIdRaw":"california","territoryIdNormalized":"california","redisKey":"pixel_data:california","wasDisplayId":false}
2026-01-22 22:55:01 [info]: [Pixels] 🔍 GET retrieved {"reqId":"get-1769090100973-ia9cwet0g","territoryId":"california","redisKey":"pixel_data:california","hasData":false,"pixelsLength":0,"filledPixels":0,"revision":0,"dataType":"object"}
2026-01-27 11:17:48 [info]: ✅ Database connected
2026-01-27 11:17:48 [info]: 🔄 Running database migrations...
2026-01-27 11:17:48 [info]: ✅ Migrations completed
2026-01-27 11:17:48 [info]: 🔍 Validating database schema...
2026-01-27 11:17:48 [info]: ✅ Schema validation passed
2026-01-27 11:17:48 [info]: ✅ Redis connected
2026-01-27 11:17:48 [info]: 🚀 Server running on port 8001
2026-01-27 11:17:48 [info]: 📡 WebSocket server ready
2026-01-27 11:17:48 [info]: 🌍 Environment: development
2026-01-27 11:17:48 [info]: 🔗 Health check: http://0.0.0.0:8001/api/health
2026-01-27 11:18:13 [info]: [Pixels] 🔍 GET START {"reqId":"get-1769480293329-7nwtp9u6l","territoryIdRaw":"tamanghasset","territoryIdNormalized":"tamanghasset","redisKey":"pixel_data:tamanghasset","wasDisplayId":false}
2026-01-27 11:18:13 [info]: [Pixels] 🔍 GET retrieved {"reqId":"get-1769480293329-7nwtp9u6l","territoryId":"tamanghasset","redisKey":"pixel_data:tamanghasset","hasData":true,"pixelsLength":592,"filledPixels":592,"revision":28,"dataType":"object"}
2026-01-27 11:18:13 [info]: [Pixels] 🔍 GET START {"reqId":"get-1769480293407-tr1j2xw5m","territoryIdRaw":"adrar","territoryIdNormalized":"adrar","redisKey":"pixel_data:adrar","wasDisplayId":false}
2026-01-27 11:18:13 [info]: [Pixels] 🔍 GET retrieved {"reqId":"get-1769480293407-tr1j2xw5m","territoryId":"adrar","redisKey":"pixel_data:adrar","hasData":true,"pixelsLength":385,"filledPixels":385,"revision":42,"dataType":"object"}
2026-01-27 11:18:17 [info]: [Pixels] 🔍 GET START {"reqId":"get-1769480297234-njmk1v4j3","territoryIdRaw":"california","territoryIdNormalized":"california","redisKey":"pixel_data:california","wasDisplayId":false}
2026-01-27 11:18:17 [info]: [Pixels] 🔍 GET retrieved {"reqId":"get-1769480297234-njmk1v4j3","territoryId":"california","redisKey":"pixel_data:california","hasData":false,"pixelsLength":0,"filledPixels":0,"revision":0,"dataType":"object"}
2026-01-27 11:19:29 [info]: [Pixels] 🔍 GET START {"reqId":"get-1769480369769-6p5xselz1","territoryIdRaw":"california","territoryIdNormalized":"california","redisKey":"pixel_data:california","wasDisplayId":false}
2026-01-27 11:19:29 [info]: [Pixels] 🔍 GET retrieved {"reqId":"get-1769480369769-6p5xselz1","territoryId":"california","redisKey":"pixel_data:california","hasData":false,"pixelsLength":0,"filledPixels":0,"revision":0,"dataType":"object"}
2026-01-27 11:23:16 [info]: [Pixels] 🔍 GET START {"reqId":"get-1769480596560-trkieyb1j","territoryIdRaw":"california","territoryIdNormalized":"california","redisKey":"pixel_data:california","wasDisplayId":false}
2026-01-27 11:23:16 [info]: [Pixels] 🔍 GET retrieved {"reqId":"get-1769480596560-trkieyb1j","territoryId":"california","redisKey":"pixel_data:california","hasData":false,"pixelsLength":0,"filledPixels":0,"revision":0,"dataType":"object"}
2026-01-27 11:24:08 [info]: [Pixels] 🔍 GET START {"reqId":"get-1769480648489-pft44cb8c","territoryIdRaw":"california","territoryIdNormalized":"california","redisKey":"pixel_data:california","wasDisplayId":false}
2026-01-27 11:24:08 [info]: [Pixels] 🔍 GET retrieved {"reqId":"get-1769480648489-pft44cb8c","territoryId":"california","redisKey":"pixel_data:california","hasData":false,"pixelsLength":0,"filledPixels":0,"revision":0,"dataType":"object"}
2026-01-27 11:24:10 [info]: [Pixels] 🔍 GET START {"reqId":"get-1769480650603-dvr5pjzxw","territoryIdRaw":"nevada","territoryIdNormalized":"nevada","redisKey":"pixel_data:nevada","wasDisplayId":false}
2026-01-27 11:24:10 [info]: [Pixels] 🔍 GET retrieved {"reqId":"get-1769480650603-dvr5pjzxw","territoryId":"nevada","redisKey":"pixel_data:nevada","hasData":false,"pixelsLength":0,"filledPixels":0,"revision":0,"dataType":"object"}
2026-01-27 11:26:26 [info]: [Pixels] 🔍 GET START {"reqId":"get-1769480786851-9uz2sed87","territoryIdRaw":"california","territoryIdNormalized":"california","redisKey":"pixel_data:california","wasDisplayId":false}
2026-01-27 11:26:26 [info]: [Pixels] 🔍 GET retrieved {"reqId":"get-1769480786851-9uz2sed87","territoryId":"california","redisKey":"pixel_data:california","hasData":false,"pixelsLength":0,"filledPixels":0,"revision":0,"dataType":"object"}
2026-01-27 11:42:19 [info]: [Pixels] 🔍 GET START {"reqId":"get-1769481739391-7tdw4hq31","territoryIdRaw":"california","territoryIdNormalized":"california","redisKey":"pixel_data:california","wasDisplayId":false}
2026-01-27 11:42:19 [info]: [Pixels] 🔍 GET retrieved {"reqId":"get-1769481739391-7tdw4hq31","territoryId":"california","redisKey":"pixel_data:california","hasData":false,"pixelsLength":0,"filledPixels":0,"revision":0,"dataType":"object"}
2026-01-27 11:45:34 [info]: [Pixels] 🔍 GET START {"reqId":"get-1769481934242-4zewpwk5h","territoryIdRaw":"california","territoryIdNormalized":"california","redisKey":"pixel_data:california","wasDisplayId":false}
2026-01-27 11:45:34 [info]: [Pixels] 🔍 GET retrieved {"reqId":"get-1769481934242-4zewpwk5h","territoryId":"california","redisKey":"pixel_data:california","hasData":false,"pixelsLength":0,"filledPixels":0,"revision":0,"dataType":"object"}
2026-01-27 11:49:06 [info]: [Pixels] 🔍 GET START {"reqId":"get-1769482146310-r59t2nwmp","territoryIdRaw":"california","territoryIdNormalized":"california","redisKey":"pixel_data:california","wasDisplayId":false}
2026-01-27 11:49:06 [info]: [Pixels] 🔍 GET retrieved {"reqId":"get-1769482146310-r59t2nwmp","territoryId":"california","redisKey":"pixel_data:california","hasData":false,"pixelsLength":0,"filledPixels":0,"revision":0,"dataType":"object"}
2026-01-27 11:52:01 [info]: [Pixels] 🔍 GET START {"reqId":"get-1769482321254-b7uq9cyjh","territoryIdRaw":"california","territoryIdNormalized":"california","redisKey":"pixel_data:california","wasDisplayId":false}
2026-01-27 11:52:01 [info]: [Pixels] 🔍 GET retrieved {"reqId":"get-1769482321254-b7uq9cyjh","territoryId":"california","redisKey":"pixel_data:california","hasData":false,"pixelsLength":0,"filledPixels":0,"revision":0,"dataType":"object"}
2026-01-27 11:54:35 [info]: [Pixels] 🔍 GET START {"reqId":"get-1769482475029-lx8wvr9st","territoryIdRaw":"california","territoryIdNormalized":"california","redisKey":"pixel_data:california","wasDisplayId":false}
2026-01-27 11:54:35 [info]: [Pixels] 🔍 GET retrieved {"reqId":"get-1769482475029-lx8wvr9st","territoryId":"california","redisKey":"pixel_data:california","hasData":false,"pixelsLength":0,"filledPixels":0,"revision":0,"dataType":"object"}
2026-01-27 11:55:42 [error]: [Error]
PayloadTooLargeError: request entity too large
    at readStream (C:\Users\win\Downloads\Global-Advertising-Platform-d9586aca12844d7c7dbe1a70fb43f4a241df4343\backend\node_modules\raw-body\index.js:163:17)
    at getRawBody (C:\Users\win\Downloads\Global-Advertising-Platform-d9586aca12844d7c7dbe1a70fb43f4a241df4343\backend\node_modules\raw-body\index.js:116:12)
    at read (C:\Users\win\Downloads\Global-Advertising-Platform-d9586aca12844d7c7dbe1a70fb43f4a241df4343\backend\node_modules\body-parser\lib\read.js:79:3)
    at jsonParser (C:\Users\win\Downloads\Global-Advertising-Platform-d9586aca12844d7c7dbe1a70fb43f4a241df4343\backend\node_modules\body-parser\lib\types\json.js:138:5)
    at Layer.handle [as handle_request] (C:\Users\win\Downloads\Global-Advertising-Platform-d9586aca12844d7c7dbe1a70fb43f4a241df4343\backend\node_modules\express\lib\router\layer.js:95:5)
    at trim_prefix (C:\Users\win\Downloads\Global-Advertising-Platform-d9586aca12844d7c7dbe1a70fb43f4a241df4343\backend\node_modules\express\lib\router\index.js:328:13)
    at C:\Users\win\Downloads\Global-Advertising-Platform-d9586aca12844d7c7dbe1a70fb43f4a241df4343\backend\node_modules\express\lib\router\index.js:286:9
    at Function.process_params (C:\Users\win\Downloads\Global-Advertising-Platform-d9586aca12844d7c7dbe1a70fb43f4a241df4343\backend\node_modules\express\lib\router\index.js:346:12)
    at next (C:\Users\win\Downloads\Global-Advertising-Platform-d9586aca12844d7c7dbe1a70fb43f4a241df4343\backend\node_modules\express\lib\router\index.js:280:10)
    at cors (C:\Users\win\Downloads\Global-Advertising-Platform-d9586aca12844d7c7dbe1a70fb43f4a241df4343\backend\node_modules\cors\lib\index.js:188:7) {"error":"request entity too large","path":"/api/territories/california/pixels/tiles"}
2026-01-27 11:55:42 [error]: [Error]
PayloadTooLargeError: request entity too large
    at readStream (C:\Users\win\Downloads\Global-Advertising-Platform-d9586aca12844d7c7dbe1a70fb43f4a241df4343\backend\node_modules\raw-body\index.js:163:17)
    at getRawBody (C:\Users\win\Downloads\Global-Advertising-Platform-d9586aca12844d7c7dbe1a70fb43f4a241df4343\backend\node_modules\raw-body\index.js:116:12)
    at read (C:\Users\win\Downloads\Global-Advertising-Platform-d9586aca12844d7c7dbe1a70fb43f4a241df4343\backend\node_modules\body-parser\lib\read.js:79:3)
    at jsonParser (C:\Users\win\Downloads\Global-Advertising-Platform-d9586aca12844d7c7dbe1a70fb43f4a241df4343\backend\node_modules\body-parser\lib\types\json.js:138:5)
    at Layer.handle [as handle_request] (C:\Users\win\Downloads\Global-Advertising-Platform-d9586aca12844d7c7dbe1a70fb43f4a241df4343\backend\node_modules\express\lib\router\layer.js:95:5)
    at trim_prefix (C:\Users\win\Downloads\Global-Advertising-Platform-d9586aca12844d7c7dbe1a70fb43f4a241df4343\backend\node_modules\express\lib\router\index.js:328:13)
    at C:\Users\win\Downloads\Global-Advertising-Platform-d9586aca12844d7c7dbe1a70fb43f4a241df4343\backend\node_modules\express\lib\router\index.js:286:9
    at Function.process_params (C:\Users\win\Downloads\Global-Advertising-Platform-d9586aca12844d7c7dbe1a70fb43f4a241df4343\backend\node_modules\express\lib\router\index.js:346:12)
    at next (C:\Users\win\Downloads\Global-Advertising-Platform-d9586aca12844d7c7dbe1a70fb43f4a241df4343\backend\node_modules\express\lib\router\index.js:280:10)
    at cors (C:\Users\win\Downloads\Global-Advertising-Platform-d9586aca12844d7c7dbe1a70fb43f4a241df4343\backend\node_modules\cors\lib\index.js:188:7) {"error":"request entity too large","path":"/api/territories/california/pixels"}
2026-01-27 11:55:47 [error]: [Error]
PayloadTooLargeError: request entity too large
    at readStream (C:\Users\win\Downloads\Global-Advertising-Platform-d9586aca12844d7c7dbe1a70fb43f4a241df4343\backend\node_modules\raw-body\index.js:163:17)
    at getRawBody (C:\Users\win\Downloads\Global-Advertising-Platform-d9586aca12844d7c7dbe1a70fb43f4a241df4343\backend\node_modules\raw-body\index.js:116:12)
    at read (C:\Users\win\Downloads\Global-Advertising-Platform-d9586aca12844d7c7dbe1a70fb43f4a241df4343\backend\node_modules\body-parser\lib\read.js:79:3)
    at jsonParser (C:\Users\win\Downloads\Global-Advertising-Platform-d9586aca12844d7c7dbe1a70fb43f4a241df4343\backend\node_modules\body-parser\lib\types\json.js:138:5)
    at Layer.handle [as handle_request] (C:\Users\win\Downloads\Global-Advertising-Platform-d9586aca12844d7c7dbe1a70fb43f4a241df4343\backend\node_modules\express\lib\router\layer.js:95:5)
    at trim_prefix (C:\Users\win\Downloads\Global-Advertising-Platform-d9586aca12844d7c7dbe1a70fb43f4a241df4343\backend\node_modules\express\lib\router\index.js:328:13)
    at C:\Users\win\Downloads\Global-Advertising-Platform-d9586aca12844d7c7dbe1a70fb43f4a241df4343\backend\node_modules\express\lib\router\index.js:286:9
    at Function.process_params (C:\Users\win\Downloads\Global-Advertising-Platform-d9586aca12844d7c7dbe1a70fb43f4a241df4343\backend\node_modules\express\lib\router\index.js:346:12)
    at next (C:\Users\win\Downloads\Global-Advertising-Platform-d9586aca12844d7c7dbe1a70fb43f4a241df4343\backend\node_modules\express\lib\router\index.js:280:10)
    at cors (C:\Users\win\Downloads\Global-Advertising-Platform-d9586aca12844d7c7dbe1a70fb43f4a241df4343\backend\node_modules\cors\lib\index.js:188:7) {"error":"request entity too large","path":"/api/territories/california/pixels"}
2026-01-27 11:55:53 [error]: [Error]
PayloadTooLargeError: request entity too large
    at readStream (C:\Users\win\Downloads\Global-Advertising-Platform-d9586aca12844d7c7dbe1a70fb43f4a241df4343\backend\node_modules\raw-body\index.js:163:17)
    at getRawBody (C:\Users\win\Downloads\Global-Advertising-Platform-d9586aca12844d7c7dbe1a70fb43f4a241df4343\backend\node_modules\raw-body\index.js:116:12)
    at read (C:\Users\win\Downloads\Global-Advertising-Platform-d9586aca12844d7c7dbe1a70fb43f4a241df4343\backend\node_modules\body-parser\lib\read.js:79:3)
    at jsonParser (C:\Users\win\Downloads\Global-Advertising-Platform-d9586aca12844d7c7dbe1a70fb43f4a241df4343\backend\node_modules\body-parser\lib\types\json.js:138:5)
    at Layer.handle [as handle_request] (C:\Users\win\Downloads\Global-Advertising-Platform-d9586aca12844d7c7dbe1a70fb43f4a241df4343\backend\node_modules\express\lib\router\layer.js:95:5)
    at trim_prefix (C:\Users\win\Downloads\Global-Advertising-Platform-d9586aca12844d7c7dbe1a70fb43f4a241df4343\backend\node_modules\express\lib\router\index.js:328:13)
    at C:\Users\win\Downloads\Global-Advertising-Platform-d9586aca12844d7c7dbe1a70fb43f4a241df4343\backend\node_modules\express\lib\router\index.js:286:9
    at Function.process_params (C:\Users\win\Downloads\Global-Advertising-Platform-d9586aca12844d7c7dbe1a70fb43f4a241df4343\backend\node_modules\express\lib\router\index.js:346:12)
    at next (C:\Users\win\Downloads\Global-Advertising-Platform-d9586aca12844d7c7dbe1a70fb43f4a241df4343\backend\node_modules\express\lib\router\index.js:280:10)
    at cors (C:\Users\win\Downloads\Global-Advertising-Platform-d9586aca12844d7c7dbe1a70fb43f4a241df4343\backend\node_modules\cors\lib\index.js:188:7) {"error":"request entity too large","path":"/api/territories/california/pixels"}
2026-01-27 11:55:58 [error]: [Error]
PayloadTooLargeError: request entity too large
    at readStream (C:\Users\win\Downloads\Global-Advertising-Platform-d9586aca12844d7c7dbe1a70fb43f4a241df4343\backend\node_modules\raw-body\index.js:163:17)
    at getRawBody (C:\Users\win\Downloads\Global-Advertising-Platform-d9586aca12844d7c7dbe1a70fb43f4a241df4343\backend\node_modules\raw-body\index.js:116:12)
    at read (C:\Users\win\Downloads\Global-Advertising-Platform-d9586aca12844d7c7dbe1a70fb43f4a241df4343\backend\node_modules\body-parser\lib\read.js:79:3)
    at jsonParser (C:\Users\win\Downloads\Global-Advertising-Platform-d9586aca12844d7c7dbe1a70fb43f4a241df4343\backend\node_modules\body-parser\lib\types\json.js:138:5)
    at Layer.handle [as handle_request] (C:\Users\win\Downloads\Global-Advertising-Platform-d9586aca12844d7c7dbe1a70fb43f4a241df4343\backend\node_modules\express\lib\router\layer.js:95:5)
    at trim_prefix (C:\Users\win\Downloads\Global-Advertising-Platform-d9586aca12844d7c7dbe1a70fb43f4a241df4343\backend\node_modules\express\lib\router\index.js:328:13)
    at C:\Users\win\Downloads\Global-Advertising-Platform-d9586aca12844d7c7dbe1a70fb43f4a241df4343\backend\node_modules\express\lib\router\index.js:286:9
    at Function.process_params (C:\Users\win\Downloads\Global-Advertising-Platform-d9586aca12844d7c7dbe1a70fb43f4a241df4343\backend\node_modules\express\lib\router\index.js:346:12)
    at next (C:\Users\win\Downloads\Global-Advertising-Platform-d9586aca12844d7c7dbe1a70fb43f4a241df4343\backend\node_modules\express\lib\router\index.js:280:10)
    at cors (C:\Users\win\Downloads\Global-Advertising-Platform-d9586aca12844d7c7dbe1a70fb43f4a241df4343\backend\node_modules\cors\lib\index.js:188:7) {"error":"request entity too large","path":"/api/territories/california/pixels"}
2026-01-27 11:56:04 [error]: [Error]
PayloadTooLargeError: request entity too large
    at readStream (C:\Users\win\Downloads\Global-Advertising-Platform-d9586aca12844d7c7dbe1a70fb43f4a241df4343\backend\node_modules\raw-body\index.js:163:17)
    at getRawBody (C:\Users\win\Downloads\Global-Advertising-Platform-d9586aca12844d7c7dbe1a70fb43f4a241df4343\backend\node_modules\raw-body\index.js:116:12)
    at read (C:\Users\win\Downloads\Global-Advertising-Platform-d9586aca12844d7c7dbe1a70fb43f4a241df4343\backend\node_modules\body-parser\lib\read.js:79:3)
    at jsonParser (C:\Users\win\Downloads\Global-Advertising-Platform-d9586aca12844d7c7dbe1a70fb43f4a241df4343\backend\node_modules\body-parser\lib\types\json.js:138:5)
    at Layer.handle [as handle_request] (C:\Users\win\Downloads\Global-Advertising-Platform-d9586aca12844d7c7dbe1a70fb43f4a241df4343\backend\node_modules\express\lib\router\layer.js:95:5)
    at trim_prefix (C:\Users\win\Downloads\Global-Advertising-Platform-d9586aca12844d7c7dbe1a70fb43f4a241df4343\backend\node_modules\express\lib\router\index.js:328:13)
    at C:\Users\win\Downloads\Global-Advertising-Platform-d9586aca12844d7c7dbe1a70fb43f4a241df4343\backend\node_modules\express\lib\router\index.js:286:9
    at Function.process_params (C:\Users\win\Downloads\Global-Advertising-Platform-d9586aca12844d7c7dbe1a70fb43f4a241df4343\backend\node_modules\express\lib\router\index.js:346:12)
    at next (C:\Users\win\Downloads\Global-Advertising-Platform-d9586aca12844d7c7dbe1a70fb43f4a241df4343\backend\node_modules\express\lib\router\index.js:280:10)
    at cors (C:\Users\win\Downloads\Global-Advertising-Platform-d9586aca12844d7c7dbe1a70fb43f4a241df4343\backend\node_modules\cors\lib\index.js:188:7) {"error":"request entity too large","path":"/api/territories/california/pixels"}
2026-01-27 11:56:10 [error]: [Error]
PayloadTooLargeError: request entity too large
    at readStream (C:\Users\win\Downloads\Global-Advertising-Platform-d9586aca12844d7c7dbe1a70fb43f4a241df4343\backend\node_modules\raw-body\index.js:163:17)
    at getRawBody (C:\Users\win\Downloads\Global-Advertising-Platform-d9586aca12844d7c7dbe1a70fb43f4a241df4343\backend\node_modules\raw-body\index.js:116:12)
    at read (C:\Users\win\Downloads\Global-Advertising-Platform-d9586aca12844d7c7dbe1a70fb43f4a241df4343\backend\node_modules\body-parser\lib\read.js:79:3)
    at jsonParser (C:\Users\win\Downloads\Global-Advertising-Platform-d9586aca12844d7c7dbe1a70fb43f4a241df4343\backend\node_modules\body-parser\lib\types\json.js:138:5)
    at Layer.handle [as handle_request] (C:\Users\win\Downloads\Global-Advertising-Platform-d9586aca12844d7c7dbe1a70fb43f4a241df4343\backend\node_modules\express\lib\router\layer.js:95:5)
    at trim_prefix (C:\Users\win\Downloads\Global-Advertising-Platform-d9586aca12844d7c7dbe1a70fb43f4a241df4343\backend\node_modules\express\lib\router\index.js:328:13)
    at C:\Users\win\Downloads\Global-Advertising-Platform-d9586aca12844d7c7dbe1a70fb43f4a241df4343\backend\node_modules\express\lib\router\index.js:286:9
    at Function.process_params (C:\Users\win\Downloads\Global-Advertising-Platform-d9586aca12844d7c7dbe1a70fb43f4a241df4343\backend\node_modules\express\lib\router\index.js:346:12)
    at next (C:\Users\win\Downloads\Global-Advertising-Platform-d9586aca12844d7c7dbe1a70fb43f4a241df4343\backend\node_modules\express\lib\router\index.js:280:10)
    at cors (C:\Users\win\Downloads\Global-Advertising-Platform-d9586aca12844d7c7dbe1a70fb43f4a241df4343\backend\node_modules\cors\lib\index.js:188:7) {"error":"request entity too large","path":"/api/territories/california/pixels"}
2026-01-27 11:56:16 [error]: [Error]
PayloadTooLargeError: request entity too large
    at readStream (C:\Users\win\Downloads\Global-Advertising-Platform-d9586aca12844d7c7dbe1a70fb43f4a241df4343\backend\node_modules\raw-body\index.js:163:17)
    at getRawBody (C:\Users\win\Downloads\Global-Advertising-Platform-d9586aca12844d7c7dbe1a70fb43f4a241df4343\backend\node_modules\raw-body\index.js:116:12)
    at read (C:\Users\win\Downloads\Global-Advertising-Platform-d9586aca12844d7c7dbe1a70fb43f4a241df4343\backend\node_modules\body-parser\lib\read.js:79:3)
    at jsonParser (C:\Users\win\Downloads\Global-Advertising-Platform-d9586aca12844d7c7dbe1a70fb43f4a241df4343\backend\node_modules\body-parser\lib\types\json.js:138:5)
    at Layer.handle [as handle_request] (C:\Users\win\Downloads\Global-Advertising-Platform-d9586aca12844d7c7dbe1a70fb43f4a241df4343\backend\node_modules\express\lib\router\layer.js:95:5)
    at trim_prefix (C:\Users\win\Downloads\Global-Advertising-Platform-d9586aca12844d7c7dbe1a70fb43f4a241df4343\backend\node_modules\express\lib\router\index.js:328:13)
    at C:\Users\win\Downloads\Global-Advertising-Platform-d9586aca12844d7c7dbe1a70fb43f4a241df4343\backend\node_modules\express\lib\router\index.js:286:9
    at Function.process_params (C:\Users\win\Downloads\Global-Advertising-Platform-d9586aca12844d7c7dbe1a70fb43f4a241df4343\backend\node_modules\express\lib\router\index.js:346:12)
    at next (C:\Users\win\Downloads\Global-Advertising-Platform-d9586aca12844d7c7dbe1a70fb43f4a241df4343\backend\node_modules\express\lib\router\index.js:280:10)
    at cors (C:\Users\win\Downloads\Global-Advertising-Platform-d9586aca12844d7c7dbe1a70fb43f4a241df4343\backend\node_modules\cors\lib\index.js:188:7) {"error":"request entity too large","path":"/api/territories/california/pixels"}
2026-01-27 11:56:22 [error]: [Error]
PayloadTooLargeError: request entity too large
    at readStream (C:\Users\win\Downloads\Global-Advertising-Platform-d9586aca12844d7c7dbe1a70fb43f4a241df4343\backend\node_modules\raw-body\index.js:163:17)
    at getRawBody (C:\Users\win\Downloads\Global-Advertising-Platform-d9586aca12844d7c7dbe1a70fb43f4a241df4343\backend\node_modules\raw-body\index.js:116:12)
    at read (C:\Users\win\Downloads\Global-Advertising-Platform-d9586aca12844d7c7dbe1a70fb43f4a241df4343\backend\node_modules\body-parser\lib\read.js:79:3)
    at jsonParser (C:\Users\win\Downloads\Global-Advertising-Platform-d9586aca12844d7c7dbe1a70fb43f4a241df4343\backend\node_modules\body-parser\lib\types\json.js:138:5)
    at Layer.handle [as handle_request] (C:\Users\win\Downloads\Global-Advertising-Platform-d9586aca12844d7c7dbe1a70fb43f4a241df4343\backend\node_modules\express\lib\router\layer.js:95:5)
    at trim_prefix (C:\Users\win\Downloads\Global-Advertising-Platform-d9586aca12844d7c7dbe1a70fb43f4a241df4343\backend\node_modules\express\lib\router\index.js:328:13)
    at C:\Users\win\Downloads\Global-Advertising-Platform-d9586aca12844d7c7dbe1a70fb43f4a241df4343\backend\node_modules\express\lib\router\index.js:286:9
    at Function.process_params (C:\Users\win\Downloads\Global-Advertising-Platform-d9586aca12844d7c7dbe1a70fb43f4a241df4343\backend\node_modules\express\lib\router\index.js:346:12)
    at next (C:\Users\win\Downloads\Global-Advertising-Platform-d9586aca12844d7c7dbe1a70fb43f4a241df4343\backend\node_modules\express\lib\router\index.js:280:10)
    at cors (C:\Users\win\Downloads\Global-Advertising-Platform-d9586aca12844d7c7dbe1a70fb43f4a241df4343\backend\node_modules\cors\lib\index.js:188:7) {"error":"request entity too large","path":"/api/territories/california/pixels"}
2026-01-27 11:56:28 [error]: [Error]
PayloadTooLargeError: request entity too large
    at readStream (C:\Users\win\Downloads\Global-Advertising-Platform-d9586aca12844d7c7dbe1a70fb43f4a241df4343\backend\node_modules\raw-body\index.js:163:17)
    at getRawBody (C:\Users\win\Downloads\Global-Advertising-Platform-d9586aca12844d7c7dbe1a70fb43f4a241df4343\backend\node_modules\raw-body\index.js:116:12)
    at read (C:\Users\win\Downloads\Global-Advertising-Platform-d9586aca12844d7c7dbe1a70fb43f4a241df4343\backend\node_modules\body-parser\lib\read.js:79:3)
    at jsonParser (C:\Users\win\Downloads\Global-Advertising-Platform-d9586aca12844d7c7dbe1a70fb43f4a241df4343\backend\node_modules\body-parser\lib\types\json.js:138:5)
    at Layer.handle [as handle_request] (C:\Users\win\Downloads\Global-Advertising-Platform-d9586aca12844d7c7dbe1a70fb43f4a241df4343\backend\node_modules\express\lib\router\layer.js:95:5)
    at trim_prefix (C:\Users\win\Downloads\Global-Advertising-Platform-d9586aca12844d7c7dbe1a70fb43f4a241df4343\backend\node_modules\express\lib\router\index.js:328:13)
    at C:\Users\win\Downloads\Global-Advertising-Platform-d9586aca12844d7c7dbe1a70fb43f4a241df4343\backend\node_modules\express\lib\router\index.js:286:9
    at Function.process_params (C:\Users\win\Downloads\Global-Advertising-Platform-d9586aca12844d7c7dbe1a70fb43f4a241df4343\backend\node_modules\express\lib\router\index.js:346:12)
    at next (C:\Users\win\Downloads\Global-Advertising-Platform-d9586aca12844d7c7dbe1a70fb43f4a241df4343\backend\node_modules\express\lib\router\index.js:280:10)
    at cors (C:\Users\win\Downloads\Global-Advertising-Platform-d9586aca12844d7c7dbe1a70fb43f4a241df4343\backend\node_modules\cors\lib\index.js:188:7) {"error":"request entity too large","path":"/api/territories/california/pixels"}
2026-01-27 11:56:34 [error]: [Error]
PayloadTooLargeError: request entity too large
    at readStream (C:\Users\win\Downloads\Global-Advertising-Platform-d9586aca12844d7c7dbe1a70fb43f4a241df4343\backend\node_modules\raw-body\index.js:163:17)
    at getRawBody (C:\Users\win\Downloads\Global-Advertising-Platform-d9586aca12844d7c7dbe1a70fb43f4a241df4343\backend\node_modules\raw-body\index.js:116:12)
    at read (C:\Users\win\Downloads\Global-Advertising-Platform-d9586aca12844d7c7dbe1a70fb43f4a241df4343\backend\node_modules\body-parser\lib\read.js:79:3)
    at jsonParser (C:\Users\win\Downloads\Global-Advertising-Platform-d9586aca12844d7c7dbe1a70fb43f4a241df4343\backend\node_modules\body-parser\lib\types\json.js:138:5)
    at Layer.handle [as handle_request] (C:\Users\win\Downloads\Global-Advertising-Platform-d9586aca12844d7c7dbe1a70fb43f4a241df4343\backend\node_modules\express\lib\router\layer.js:95:5)
    at trim_prefix (C:\Users\win\Downloads\Global-Advertising-Platform-d9586aca12844d7c7dbe1a70fb43f4a241df4343\backend\node_modules\express\lib\router\index.js:328:13)
    at C:\Users\win\Downloads\Global-Advertising-Platform-d9586aca12844d7c7dbe1a70fb43f4a241df4343\backend\node_modules\express\lib\router\index.js:286:9
    at Function.process_params (C:\Users\win\Downloads\Global-Advertising-Platform-d9586aca12844d7c7dbe1a70fb43f4a241df4343\backend\node_modules\express\lib\router\index.js:346:12)
    at next (C:\Users\win\Downloads\Global-Advertising-Platform-d9586aca12844d7c7dbe1a70fb43f4a241df4343\backend\node_modules\express\lib\router\index.js:280:10)
    at cors (C:\Users\win\Downloads\Global-Advertising-Platform-d9586aca12844d7c7dbe1a70fb43f4a241df4343\backend\node_modules\cors\lib\index.js:188:7) {"error":"request entity too large","path":"/api/territories/california/pixels"}
2026-01-27 11:56:40 [error]: [Error]
PayloadTooLargeError: request entity too large
    at readStream (C:\Users\win\Downloads\Global-Advertising-Platform-d9586aca12844d7c7dbe1a70fb43f4a241df4343\backend\node_modules\raw-body\index.js:163:17)
    at getRawBody (C:\Users\win\Downloads\Global-Advertising-Platform-d9586aca12844d7c7dbe1a70fb43f4a241df4343\backend\node_modules\raw-body\index.js:116:12)
    at read (C:\Users\win\Downloads\Global-Advertising-Platform-d9586aca12844d7c7dbe1a70fb43f4a241df4343\backend\node_modules\body-parser\lib\read.js:79:3)
    at jsonParser (C:\Users\win\Downloads\Global-Advertising-Platform-d9586aca12844d7c7dbe1a70fb43f4a241df4343\backend\node_modules\body-parser\lib\types\json.js:138:5)
    at Layer.handle [as handle_request] (C:\Users\win\Downloads\Global-Advertising-Platform-d9586aca12844d7c7dbe1a70fb43f4a241df4343\backend\node_modules\express\lib\router\layer.js:95:5)
    at trim_prefix (C:\Users\win\Downloads\Global-Advertising-Platform-d9586aca12844d7c7dbe1a70fb43f4a241df4343\backend\node_modules\express\lib\router\index.js:328:13)
    at C:\Users\win\Downloads\Global-Advertising-Platform-d9586aca12844d7c7dbe1a70fb43f4a241df4343\backend\node_modules\express\lib\router\index.js:286:9
    at Function.process_params (C:\Users\win\Downloads\Global-Advertising-Platform-d9586aca12844d7c7dbe1a70fb43f4a241df4343\backend\node_modules\express\lib\router\index.js:346:12)
    at next (C:\Users\win\Downloads\Global-Advertising-Platform-d9586aca12844d7c7dbe1a70fb43f4a241df4343\backend\node_modules\express\lib\router\index.js:280:10)
    at cors (C:\Users\win\Downloads\Global-Advertising-Platform-d9586aca12844d7c7dbe1a70fb43f4a241df4343\backend\node_modules\cors\lib\index.js:188:7) {"error":"request entity too large","path":"/api/territories/california/pixels"}
2026-01-27 11:56:46 [error]: [Error]
PayloadTooLargeError: request entity too large
    at readStream (C:\Users\win\Downloads\Global-Advertising-Platform-d9586aca12844d7c7dbe1a70fb43f4a241df4343\backend\node_modules\raw-body\index.js:163:17)
    at getRawBody (C:\Users\win\Downloads\Global-Advertising-Platform-d9586aca12844d7c7dbe1a70fb43f4a241df4343\backend\node_modules\raw-body\index.js:116:12)
    at read (C:\Users\win\Downloads\Global-Advertising-Platform-d9586aca12844d7c7dbe1a70fb43f4a241df4343\backend\node_modules\body-parser\lib\read.js:79:3)
    at jsonParser (C:\Users\win\Downloads\Global-Advertising-Platform-d9586aca12844d7c7dbe1a70fb43f4a241df4343\backend\node_modules\body-parser\lib\types\json.js:138:5)
    at Layer.handle [as handle_request] (C:\Users\win\Downloads\Global-Advertising-Platform-d9586aca12844d7c7dbe1a70fb43f4a241df4343\backend\node_modules\express\lib\router\layer.js:95:5)
    at trim_prefix (C:\Users\win\Downloads\Global-Advertising-Platform-d9586aca12844d7c7dbe1a70fb43f4a241df4343\backend\node_modules\express\lib\router\index.js:328:13)
    at C:\Users\win\Downloads\Global-Advertising-Platform-d9586aca12844d7c7dbe1a70fb43f4a241df4343\backend\node_modules\express\lib\router\index.js:286:9
    at Function.process_params (C:\Users\win\Downloads\Global-Advertising-Platform-d9586aca12844d7c7dbe1a70fb43f4a241df4343\backend\node_modules\express\lib\router\index.js:346:12)
    at next (C:\Users\win\Downloads\Global-Advertising-Platform-d9586aca12844d7c7dbe1a70fb43f4a241df4343\backend\node_modules\express\lib\router\index.js:280:10)
    at cors (C:\Users\win\Downloads\Global-Advertising-Platform-d9586aca12844d7c7dbe1a70fb43f4a241df4343\backend\node_modules\cors\lib\index.js:188:7) {"error":"request entity too large","path":"/api/territories/california/pixels"}
2026-01-27 11:56:52 [error]: [Error]
PayloadTooLargeError: request entity too large
    at readStream (C:\Users\win\Downloads\Global-Advertising-Platform-d9586aca12844d7c7dbe1a70fb43f4a241df4343\backend\node_modules\raw-body\index.js:163:17)
    at getRawBody (C:\Users\win\Downloads\Global-Advertising-Platform-d9586aca12844d7c7dbe1a70fb43f4a241df4343\backend\node_modules\raw-body\index.js:116:12)
    at read (C:\Users\win\Downloads\Global-Advertising-Platform-d9586aca12844d7c7dbe1a70fb43f4a241df4343\backend\node_modules\body-parser\lib\read.js:79:3)
    at jsonParser (C:\Users\win\Downloads\Global-Advertising-Platform-d9586aca12844d7c7dbe1a70fb43f4a241df4343\backend\node_modules\body-parser\lib\types\json.js:138:5)
    at Layer.handle [as handle_request] (C:\Users\win\Downloads\Global-Advertising-Platform-d9586aca12844d7c7dbe1a70fb43f4a241df4343\backend\node_modules\express\lib\router\layer.js:95:5)
    at trim_prefix (C:\Users\win\Downloads\Global-Advertising-Platform-d9586aca12844d7c7dbe1a70fb43f4a241df4343\backend\node_modules\express\lib\router\index.js:328:13)
    at C:\Users\win\Downloads\Global-Advertising-Platform-d9586aca12844d7c7dbe1a70fb43f4a241df4343\backend\node_modules\express\lib\router\index.js:286:9
    at Function.process_params (C:\Users\win\Downloads\Global-Advertising-Platform-d9586aca12844d7c7dbe1a70fb43f4a241df4343\backend\node_modules\express\lib\router\index.js:346:12)
    at next (C:\Users\win\Downloads\Global-Advertising-Platform-d9586aca12844d7c7dbe1a70fb43f4a241df4343\backend\node_modules\express\lib\router\index.js:280:10)
    at cors (C:\Users\win\Downloads\Global-Advertising-Platform-d9586aca12844d7c7dbe1a70fb43f4a241df4343\backend\node_modules\cors\lib\index.js:188:7) {"error":"request entity too large","path":"/api/territories/california/pixels"}
2026-01-27 11:56:58 [error]: [Error]
PayloadTooLargeError: request entity too large
    at readStream (C:\Users\win\Downloads\Global-Advertising-Platform-d9586aca12844d7c7dbe1a70fb43f4a241df4343\backend\node_modules\raw-body\index.js:163:17)
    at getRawBody (C:\Users\win\Downloads\Global-Advertising-Platform-d9586aca12844d7c7dbe1a70fb43f4a241df4343\backend\node_modules\raw-body\index.js:116:12)
    at read (C:\Users\win\Downloads\Global-Advertising-Platform-d9586aca12844d7c7dbe1a70fb43f4a241df4343\backend\node_modules\body-parser\lib\read.js:79:3)
    at jsonParser (C:\Users\win\Downloads\Global-Advertising-Platform-d9586aca12844d7c7dbe1a70fb43f4a241df4343\backend\node_modules\body-parser\lib\types\json.js:138:5)
    at Layer.handle [as handle_request] (C:\Users\win\Downloads\Global-Advertising-Platform-d9586aca12844d7c7dbe1a70fb43f4a241df4343\backend\node_modules\express\lib\router\layer.js:95:5)
    at trim_prefix (C:\Users\win\Downloads\Global-Advertising-Platform-d9586aca12844d7c7dbe1a70fb43f4a241df4343\backend\node_modules\express\lib\router\index.js:328:13)
    at C:\Users\win\Downloads\Global-Advertising-Platform-d9586aca12844d7c7dbe1a70fb43f4a241df4343\backend\node_modules\express\lib\router\index.js:286:9
    at Function.process_params (C:\Users\win\Downloads\Global-Advertising-Platform-d9586aca12844d7c7dbe1a70fb43f4a241df4343\backend\node_modules\express\lib\router\index.js:346:12)
    at next (C:\Users\win\Downloads\Global-Advertising-Platform-d9586aca12844d7c7dbe1a70fb43f4a241df4343\backend\node_modules\express\lib\router\index.js:280:10)
    at cors (C:\Users\win\Downloads\Global-Advertising-Platform-d9586aca12844d7c7dbe1a70fb43f4a241df4343\backend\node_modules\cors\lib\index.js:188:7) {"error":"request entity too large","path":"/api/territories/california/pixels"}
2026-01-27 11:57:03 [error]: [Error]
PayloadTooLargeError: request entity too large
    at readStream (C:\Users\win\Downloads\Global-Advertising-Platform-d9586aca12844d7c7dbe1a70fb43f4a241df4343\backend\node_modules\raw-body\index.js:163:17)
    at getRawBody (C:\Users\win\Downloads\Global-Advertising-Platform-d9586aca12844d7c7dbe1a70fb43f4a241df4343\backend\node_modules\raw-body\index.js:116:12)
    at read (C:\Users\win\Downloads\Global-Advertising-Platform-d9586aca12844d7c7dbe1a70fb43f4a241df4343\backend\node_modules\body-parser\lib\read.js:79:3)
    at jsonParser (C:\Users\win\Downloads\Global-Advertising-Platform-d9586aca12844d7c7dbe1a70fb43f4a241df4343\backend\node_modules\body-parser\lib\types\json.js:138:5)
    at Layer.handle [as handle_request] (C:\Users\win\Downloads\Global-Advertising-Platform-d9586aca12844d7c7dbe1a70fb43f4a241df4343\backend\node_modules\express\lib\router\layer.js:95:5)
    at trim_prefix (C:\Users\win\Downloads\Global-Advertising-Platform-d9586aca12844d7c7dbe1a70fb43f4a241df4343\backend\node_modules\express\lib\router\index.js:328:13)
    at C:\Users\win\Downloads\Global-Advertising-Platform-d9586aca12844d7c7dbe1a70fb43f4a241df4343\backend\node_modules\express\lib\router\index.js:286:9
    at Function.process_params (C:\Users\win\Downloads\Global-Advertising-Platform-d9586aca12844d7c7dbe1a70fb43f4a241df4343\backend\node_modules\express\lib\router\index.js:346:12)
    at next (C:\Users\win\Downloads\Global-Advertising-Platform-d9586aca12844d7c7dbe1a70fb43f4a241df4343\backend\node_modules\express\lib\router\index.js:280:10)
    at cors (C:\Users\win\Downloads\Global-Advertising-Platform-d9586aca12844d7c7dbe1a70fb43f4a241df4343\backend\node_modules\cors\lib\index.js:188:7) {"error":"request entity too large","path":"/api/territories/california/pixels"}
2026-01-27 11:57:09 [error]: [Error]
PayloadTooLargeError: request entity too large
    at readStream (C:\Users\win\Downloads\Global-Advertising-Platform-d9586aca12844d7c7dbe1a70fb43f4a241df4343\backend\node_modules\raw-body\index.js:163:17)
    at getRawBody (C:\Users\win\Downloads\Global-Advertising-Platform-d9586aca12844d7c7dbe1a70fb43f4a241df4343\backend\node_modules\raw-body\index.js:116:12)
    at read (C:\Users\win\Downloads\Global-Advertising-Platform-d9586aca12844d7c7dbe1a70fb43f4a241df4343\backend\node_modules\body-parser\lib\read.js:79:3)
    at jsonParser (C:\Users\win\Downloads\Global-Advertising-Platform-d9586aca12844d7c7dbe1a70fb43f4a241df4343\backend\node_modules\body-parser\lib\types\json.js:138:5)
    at Layer.handle [as handle_request] (C:\Users\win\Downloads\Global-Advertising-Platform-d9586aca12844d7c7dbe1a70fb43f4a241df4343\backend\node_modules\express\lib\router\layer.js:95:5)
    at trim_prefix (C:\Users\win\Downloads\Global-Advertising-Platform-d9586aca12844d7c7dbe1a70fb43f4a241df4343\backend\node_modules\express\lib\router\index.js:328:13)
    at C:\Users\win\Downloads\Global-Advertising-Platform-d9586aca12844d7c7dbe1a70fb43f4a241df4343\backend\node_modules\express\lib\router\index.js:286:9
    at Function.process_params (C:\Users\win\Downloads\Global-Advertising-Platform-d9586aca12844d7c7dbe1a70fb43f4a241df4343\backend\node_modules\express\lib\router\index.js:346:12)
    at next (C:\Users\win\Downloads\Global-Advertising-Platform-d9586aca12844d7c7dbe1a70fb43f4a241df4343\backend\node_modules\express\lib\router\index.js:280:10)
    at cors (C:\Users\win\Downloads\Global-Advertising-Platform-d9586aca12844d7c7dbe1a70fb43f4a241df4343\backend\node_modules\cors\lib\index.js:188:7) {"error":"request entity too large","path":"/api/territories/california/pixels"}
2026-01-27 11:57:15 [error]: [Error]
PayloadTooLargeError: request entity too large
    at readStream (C:\Users\win\Downloads\Global-Advertising-Platform-d9586aca12844d7c7dbe1a70fb43f4a241df4343\backend\node_modules\raw-body\index.js:163:17)
    at getRawBody (C:\Users\win\Downloads\Global-Advertising-Platform-d9586aca12844d7c7dbe1a70fb43f4a241df4343\backend\node_modules\raw-body\index.js:116:12)
    at read (C:\Users\win\Downloads\Global-Advertising-Platform-d9586aca12844d7c7dbe1a70fb43f4a241df4343\backend\node_modules\body-parser\lib\read.js:79:3)
    at jsonParser (C:\Users\win\Downloads\Global-Advertising-Platform-d9586aca12844d7c7dbe1a70fb43f4a241df4343\backend\node_modules\body-parser\lib\types\json.js:138:5)
    at Layer.handle [as handle_request] (C:\Users\win\Downloads\Global-Advertising-Platform-d9586aca12844d7c7dbe1a70fb43f4a241df4343\backend\node_modules\express\lib\router\layer.js:95:5)
    at trim_prefix (C:\Users\win\Downloads\Global-Advertising-Platform-d9586aca12844d7c7dbe1a70fb43f4a241df4343\backend\node_modules\express\lib\router\index.js:328:13)
    at C:\Users\win\Downloads\Global-Advertising-Platform-d9586aca12844d7c7dbe1a70fb43f4a241df4343\backend\node_modules\express\lib\router\index.js:286:9
    at Function.process_params (C:\Users\win\Downloads\Global-Advertising-Platform-d9586aca12844d7c7dbe1a70fb43f4a241df4343\backend\node_modules\express\lib\router\index.js:346:12)
    at next (C:\Users\win\Downloads\Global-Advertising-Platform-d9586aca12844d7c7dbe1a70fb43f4a241df4343\backend\node_modules\express\lib\router\index.js:280:10)
    at cors (C:\Users\win\Downloads\Global-Advertising-Platform-d9586aca12844d7c7dbe1a70fb43f4a241df4343\backend\node_modules\cors\lib\index.js:188:7) {"error":"request entity too large","path":"/api/territories/california/pixels"}
2026-01-27 11:57:21 [error]: [Error]
PayloadTooLargeError: request entity too large
    at readStream (C:\Users\win\Downloads\Global-Advertising-Platform-d9586aca12844d7c7dbe1a70fb43f4a241df4343\backend\node_modules\raw-body\index.js:163:17)
    at getRawBody (C:\Users\win\Downloads\Global-Advertising-Platform-d9586aca12844d7c7dbe1a70fb43f4a241df4343\backend\node_modules\raw-body\index.js:116:12)
    at read (C:\Users\win\Downloads\Global-Advertising-Platform-d9586aca12844d7c7dbe1a70fb43f4a241df4343\backend\node_modules\body-parser\lib\read.js:79:3)
    at jsonParser (C:\Users\win\Downloads\Global-Advertising-Platform-d9586aca12844d7c7dbe1a70fb43f4a241df4343\backend\node_modules\body-parser\lib\types\json.js:138:5)
    at Layer.handle [as handle_request] (C:\Users\win\Downloads\Global-Advertising-Platform-d9586aca12844d7c7dbe1a70fb43f4a241df4343\backend\node_modules\express\lib\router\layer.js:95:5)
    at trim_prefix (C:\Users\win\Downloads\Global-Advertising-Platform-d9586aca12844d7c7dbe1a70fb43f4a241df4343\backend\node_modules\express\lib\router\index.js:328:13)
    at C:\Users\win\Downloads\Global-Advertising-Platform-d9586aca12844d7c7dbe1a70fb43f4a241df4343\backend\node_modules\express\lib\router\index.js:286:9
    at Function.process_params (C:\Users\win\Downloads\Global-Advertising-Platform-d9586aca12844d7c7dbe1a70fb43f4a241df4343\backend\node_modules\express\lib\router\index.js:346:12)
    at next (C:\Users\win\Downloads\Global-Advertising-Platform-d9586aca12844d7c7dbe1a70fb43f4a241df4343\backend\node_modules\express\lib\router\index.js:280:10)
    at cors (C:\Users\win\Downloads\Global-Advertising-Platform-d9586aca12844d7c7dbe1a70fb43f4a241df4343\backend\node_modules\cors\lib\index.js:188:7) {"error":"request entity too large","path":"/api/territories/california/pixels"}
2026-01-27 11:57:27 [error]: [Error]
PayloadTooLargeError: request entity too large
    at readStream (C:\Users\win\Downloads\Global-Advertising-Platform-d9586aca12844d7c7dbe1a70fb43f4a241df4343\backend\node_modules\raw-body\index.js:163:17)
    at getRawBody (C:\Users\win\Downloads\Global-Advertising-Platform-d9586aca12844d7c7dbe1a70fb43f4a241df4343\backend\node_modules\raw-body\index.js:116:12)
    at read (C:\Users\win\Downloads\Global-Advertising-Platform-d9586aca12844d7c7dbe1a70fb43f4a241df4343\backend\node_modules\body-parser\lib\read.js:79:3)
    at jsonParser (C:\Users\win\Downloads\Global-Advertising-Platform-d9586aca12844d7c7dbe1a70fb43f4a241df4343\backend\node_modules\body-parser\lib\types\json.js:138:5)
    at Layer.handle [as handle_request] (C:\Users\win\Downloads\Global-Advertising-Platform-d9586aca12844d7c7dbe1a70fb43f4a241df4343\backend\node_modules\express\lib\router\layer.js:95:5)
    at trim_prefix (C:\Users\win\Downloads\Global-Advertising-Platform-d9586aca12844d7c7dbe1a70fb43f4a241df4343\backend\node_modules\express\lib\router\index.js:328:13)
    at C:\Users\win\Downloads\Global-Advertising-Platform-d9586aca12844d7c7dbe1a70fb43f4a241df4343\backend\node_modules\express\lib\router\index.js:286:9
    at Function.process_params (C:\Users\win\Downloads\Global-Advertising-Platform-d9586aca12844d7c7dbe1a70fb43f4a241df4343\backend\node_modules\express\lib\router\index.js:346:12)
    at next (C:\Users\win\Downloads\Global-Advertising-Platform-d9586aca12844d7c7dbe1a70fb43f4a241df4343\backend\node_modules\express\lib\router\index.js:280:10)
    at cors (C:\Users\win\Downloads\Global-Advertising-Platform-d9586aca12844d7c7dbe1a70fb43f4a241df4343\backend\node_modules\cors\lib\index.js:188:7) {"error":"request entity too large","path":"/api/territories/california/pixels"}
2026-01-27 11:57:33 [error]: [Error]
PayloadTooLargeError: request entity too large
    at readStream (C:\Users\win\Downloads\Global-Advertising-Platform-d9586aca12844d7c7dbe1a70fb43f4a241df4343\backend\node_modules\raw-body\index.js:163:17)
    at getRawBody (C:\Users\win\Downloads\Global-Advertising-Platform-d9586aca12844d7c7dbe1a70fb43f4a241df4343\backend\node_modules\raw-body\index.js:116:12)
    at read (C:\Users\win\Downloads\Global-Advertising-Platform-d9586aca12844d7c7dbe1a70fb43f4a241df4343\backend\node_modules\body-parser\lib\read.js:79:3)
    at jsonParser (C:\Users\win\Downloads\Global-Advertising-Platform-d9586aca12844d7c7dbe1a70fb43f4a241df4343\backend\node_modules\body-parser\lib\types\json.js:138:5)
    at Layer.handle [as handle_request] (C:\Users\win\Downloads\Global-Advertising-Platform-d9586aca12844d7c7dbe1a70fb43f4a241df4343\backend\node_modules\express\lib\router\layer.js:95:5)
    at trim_prefix (C:\Users\win\Downloads\Global-Advertising-Platform-d9586aca12844d7c7dbe1a70fb43f4a241df4343\backend\node_modules\express\lib\router\index.js:328:13)
    at C:\Users\win\Downloads\Global-Advertising-Platform-d9586aca12844d7c7dbe1a70fb43f4a241df4343\backend\node_modules\express\lib\router\index.js:286:9
    at Function.process_params (C:\Users\win\Downloads\Global-Advertising-Platform-d9586aca12844d7c7dbe1a70fb43f4a241df4343\backend\node_modules\express\lib\router\index.js:346:12)
    at next (C:\Users\win\Downloads\Global-Advertising-Platform-d9586aca12844d7c7dbe1a70fb43f4a241df4343\backend\node_modules\express\lib\router\index.js:280:10)
    at cors (C:\Users\win\Downloads\Global-Advertising-Platform-d9586aca12844d7c7dbe1a70fb43f4a241df4343\backend\node_modules\cors\lib\index.js:188:7) {"error":"request entity too large","path":"/api/territories/california/pixels"}
2026-01-27 11:57:38 [error]: [Error]
PayloadTooLargeError: request entity too large
    at readStream (C:\Users\win\Downloads\Global-Advertising-Platform-d9586aca12844d7c7dbe1a70fb43f4a241df4343\backend\node_modules\raw-body\index.js:163:17)
    at getRawBody (C:\Users\win\Downloads\Global-Advertising-Platform-d9586aca12844d7c7dbe1a70fb43f4a241df4343\backend\node_modules\raw-body\index.js:116:12)
    at read (C:\Users\win\Downloads\Global-Advertising-Platform-d9586aca12844d7c7dbe1a70fb43f4a241df4343\backend\node_modules\body-parser\lib\read.js:79:3)
    at jsonParser (C:\Users\win\Downloads\Global-Advertising-Platform-d9586aca12844d7c7dbe1a70fb43f4a241df4343\backend\node_modules\body-parser\lib\types\json.js:138:5)
    at Layer.handle [as handle_request] (C:\Users\win\Downloads\Global-Advertising-Platform-d9586aca12844d7c7dbe1a70fb43f4a241df4343\backend\node_modules\express\lib\router\layer.js:95:5)
    at trim_prefix (C:\Users\win\Downloads\Global-Advertising-Platform-d9586aca12844d7c7dbe1a70fb43f4a241df4343\backend\node_modules\express\lib\router\index.js:328:13)
    at C:\Users\win\Downloads\Global-Advertising-Platform-d9586aca12844d7c7dbe1a70fb43f4a241df4343\backend\node_modules\express\lib\router\index.js:286:9
    at Function.process_params (C:\Users\win\Downloads\Global-Advertising-Platform-d9586aca12844d7c7dbe1a70fb43f4a241df4343\backend\node_modules\express\lib\router\index.js:346:12)
    at next (C:\Users\win\Downloads\Global-Advertising-Platform-d9586aca12844d7c7dbe1a70fb43f4a241df4343\backend\node_modules\express\lib\router\index.js:280:10)
    at cors (C:\Users\win\Downloads\Global-Advertising-Platform-d9586aca12844d7c7dbe1a70fb43f4a241df4343\backend\node_modules\cors\lib\index.js:188:7) {"error":"request entity too large","path":"/api/territories/california/pixels"}
2026-01-27 11:57:44 [error]: [Error]
PayloadTooLargeError: request entity too large
    at readStream (C:\Users\win\Downloads\Global-Advertising-Platform-d9586aca12844d7c7dbe1a70fb43f4a241df4343\backend\node_modules\raw-body\index.js:163:17)
    at getRawBody (C:\Users\win\Downloads\Global-Advertising-Platform-d9586aca12844d7c7dbe1a70fb43f4a241df4343\backend\node_modules\raw-body\index.js:116:12)
    at read (C:\Users\win\Downloads\Global-Advertising-Platform-d9586aca12844d7c7dbe1a70fb43f4a241df4343\backend\node_modules\body-parser\lib\read.js:79:3)
    at jsonParser (C:\Users\win\Downloads\Global-Advertising-Platform-d9586aca12844d7c7dbe1a70fb43f4a241df4343\backend\node_modules\body-parser\lib\types\json.js:138:5)
    at Layer.handle [as handle_request] (C:\Users\win\Downloads\Global-Advertising-Platform-d9586aca12844d7c7dbe1a70fb43f4a241df4343\backend\node_modules\express\lib\router\layer.js:95:5)
    at trim_prefix (C:\Users\win\Downloads\Global-Advertising-Platform-d9586aca12844d7c7dbe1a70fb43f4a241df4343\backend\node_modules\express\lib\router\index.js:328:13)
    at C:\Users\win\Downloads\Global-Advertising-Platform-d9586aca12844d7c7dbe1a70fb43f4a241df4343\backend\node_modules\express\lib\router\index.js:286:9
    at Function.process_params (C:\Users\win\Downloads\Global-Advertising-Platform-d9586aca12844d7c7dbe1a70fb43f4a241df4343\backend\node_modules\express\lib\router\index.js:346:12)
    at next (C:\Users\win\Downloads\Global-Advertising-Platform-d9586aca12844d7c7dbe1a70fb43f4a241df4343\backend\node_modules\express\lib\router\index.js:280:10)
    at cors (C:\Users\win\Downloads\Global-Advertising-Platform-d9586aca12844d7c7dbe1a70fb43f4a241df4343\backend\node_modules\cors\lib\index.js:188:7) {"error":"request entity too large","path":"/api/territories/california/pixels"}
2026-01-27 11:57:50 [error]: [Error]
PayloadTooLargeError: request entity too large
    at readStream (C:\Users\win\Downloads\Global-Advertising-Platform-d9586aca12844d7c7dbe1a70fb43f4a241df4343\backend\node_modules\raw-body\index.js:163:17)
    at getRawBody (C:\Users\win\Downloads\Global-Advertising-Platform-d9586aca12844d7c7dbe1a70fb43f4a241df4343\backend\node_modules\raw-body\index.js:116:12)
    at read (C:\Users\win\Downloads\Global-Advertising-Platform-d9586aca12844d7c7dbe1a70fb43f4a241df4343\backend\node_modules\body-parser\lib\read.js:79:3)
    at jsonParser (C:\Users\win\Downloads\Global-Advertising-Platform-d9586aca12844d7c7dbe1a70fb43f4a241df4343\backend\node_modules\body-parser\lib\types\json.js:138:5)
    at Layer.handle [as handle_request] (C:\Users\win\Downloads\Global-Advertising-Platform-d9586aca12844d7c7dbe1a70fb43f4a241df4343\backend\node_modules\express\lib\router\layer.js:95:5)
    at trim_prefix (C:\Users\win\Downloads\Global-Advertising-Platform-d9586aca12844d7c7dbe1a70fb43f4a241df4343\backend\node_modules\express\lib\router\index.js:328:13)
    at C:\Users\win\Downloads\Global-Advertising-Platform-d9586aca12844d7c7dbe1a70fb43f4a241df4343\backend\node_modules\express\lib\router\index.js:286:9
    at Function.process_params (C:\Users\win\Downloads\Global-Advertising-Platform-d9586aca12844d7c7dbe1a70fb43f4a241df4343\backend\node_modules\express\lib\router\index.js:346:12)
    at next (C:\Users\win\Downloads\Global-Advertising-Platform-d9586aca12844d7c7dbe1a70fb43f4a241df4343\backend\node_modules\express\lib\router\index.js:280:10)
    at cors (C:\Users\win\Downloads\Global-Advertising-Platform-d9586aca12844d7c7dbe1a70fb43f4a241df4343\backend\node_modules\cors\lib\index.js:188:7) {"error":"request entity too large","path":"/api/territories/california/pixels"}
2026-01-27 11:57:56 [error]: [Error]
PayloadTooLargeError: request entity too large
    at readStream (C:\Users\win\Downloads\Global-Advertising-Platform-d9586aca12844d7c7dbe1a70fb43f4a241df4343\backend\node_modules\raw-body\index.js:163:17)
    at getRawBody (C:\Users\win\Downloads\Global-Advertising-Platform-d9586aca12844d7c7dbe1a70fb43f4a241df4343\backend\node_modules\raw-body\index.js:116:12)
    at read (C:\Users\win\Downloads\Global-Advertising-Platform-d9586aca12844d7c7dbe1a70fb43f4a241df4343\backend\node_modules\body-parser\lib\read.js:79:3)
    at jsonParser (C:\Users\win\Downloads\Global-Advertising-Platform-d9586aca12844d7c7dbe1a70fb43f4a241df4343\backend\node_modules\body-parser\lib\types\json.js:138:5)
    at Layer.handle [as handle_request] (C:\Users\win\Downloads\Global-Advertising-Platform-d9586aca12844d7c7dbe1a70fb43f4a241df4343\backend\node_modules\express\lib\router\layer.js:95:5)
    at trim_prefix (C:\Users\win\Downloads\Global-Advertising-Platform-d9586aca12844d7c7dbe1a70fb43f4a241df4343\backend\node_modules\express\lib\router\index.js:328:13)
    at C:\Users\win\Downloads\Global-Advertising-Platform-d9586aca12844d7c7dbe1a70fb43f4a241df4343\backend\node_modules\express\lib\router\index.js:286:9
    at Function.process_params (C:\Users\win\Downloads\Global-Advertising-Platform-d9586aca12844d7c7dbe1a70fb43f4a241df4343\backend\node_modules\express\lib\router\index.js:346:12)
    at next (C:\Users\win\Downloads\Global-Advertising-Platform-d9586aca12844d7c7dbe1a70fb43f4a241df4343\backend\node_modules\express\lib\router\index.js:280:10)
    at cors (C:\Users\win\Downloads\Global-Advertising-Platform-d9586aca12844d7c7dbe1a70fb43f4a241df4343\backend\node_modules\cors\lib\index.js:188:7) {"error":"request entity too large","path":"/api/territories/california/pixels"}
2026-01-27 11:58:02 [error]: [Error]
PayloadTooLargeError: request entity too large
    at readStream (C:\Users\win\Downloads\Global-Advertising-Platform-d9586aca12844d7c7dbe1a70fb43f4a241df4343\backend\node_modules\raw-body\index.js:163:17)
    at getRawBody (C:\Users\win\Downloads\Global-Advertising-Platform-d9586aca12844d7c7dbe1a70fb43f4a241df4343\backend\node_modules\raw-body\index.js:116:12)
    at read (C:\Users\win\Downloads\Global-Advertising-Platform-d9586aca12844d7c7dbe1a70fb43f4a241df4343\backend\node_modules\body-parser\lib\read.js:79:3)
    at jsonParser (C:\Users\win\Downloads\Global-Advertising-Platform-d9586aca12844d7c7dbe1a70fb43f4a241df4343\backend\node_modules\body-parser\lib\types\json.js:138:5)
    at Layer.handle [as handle_request] (C:\Users\win\Downloads\Global-Advertising-Platform-d9586aca12844d7c7dbe1a70fb43f4a241df4343\backend\node_modules\express\lib\router\layer.js:95:5)
    at trim_prefix (C:\Users\win\Downloads\Global-Advertising-Platform-d9586aca12844d7c7dbe1a70fb43f4a241df4343\backend\node_modules\express\lib\router\index.js:328:13)
    at C:\Users\win\Downloads\Global-Advertising-Platform-d9586aca12844d7c7dbe1a70fb43f4a241df4343\backend\node_modules\express\lib\router\index.js:286:9
    at Function.process_params (C:\Users\win\Downloads\Global-Advertising-Platform-d9586aca12844d7c7dbe1a70fb43f4a241df4343\backend\node_modules\express\lib\router\index.js:346:12)
    at next (C:\Users\win\Downloads\Global-Advertising-Platform-d9586aca12844d7c7dbe1a70fb43f4a241df4343\backend\node_modules\express\lib\router\index.js:280:10)
    at cors (C:\Users\win\Downloads\Global-Advertising-Platform-d9586aca12844d7c7dbe1a70fb43f4a241df4343\backend\node_modules\cors\lib\index.js:188:7) {"error":"request entity too large","path":"/api/territories/california/pixels"}
2026-01-27 11:58:08 [error]: [Error]
PayloadTooLargeError: request entity too large
    at readStream (C:\Users\win\Downloads\Global-Advertising-Platform-d9586aca12844d7c7dbe1a70fb43f4a241df4343\backend\node_modules\raw-body\index.js:163:17)
    at getRawBody (C:\Users\win\Downloads\Global-Advertising-Platform-d9586aca12844d7c7dbe1a70fb43f4a241df4343\backend\node_modules\raw-body\index.js:116:12)
    at read (C:\Users\win\Downloads\Global-Advertising-Platform-d9586aca12844d7c7dbe1a70fb43f4a241df4343\backend\node_modules\body-parser\lib\read.js:79:3)
    at jsonParser (C:\Users\win\Downloads\Global-Advertising-Platform-d9586aca12844d7c7dbe1a70fb43f4a241df4343\backend\node_modules\body-parser\lib\types\json.js:138:5)
    at Layer.handle [as handle_request] (C:\Users\win\Downloads\Global-Advertising-Platform-d9586aca12844d7c7dbe1a70fb43f4a241df4343\backend\node_modules\express\lib\router\layer.js:95:5)
    at trim_prefix (C:\Users\win\Downloads\Global-Advertising-Platform-d9586aca12844d7c7dbe1a70fb43f4a241df4343\backend\node_modules\express\lib\router\index.js:328:13)
    at C:\Users\win\Downloads\Global-Advertising-Platform-d9586aca12844d7c7dbe1a70fb43f4a241df4343\backend\node_modules\express\lib\router\index.js:286:9
    at Function.process_params (C:\Users\win\Downloads\Global-Advertising-Platform-d9586aca12844d7c7dbe1a70fb43f4a241df4343\backend\node_modules\express\lib\router\index.js:346:12)
    at next (C:\Users\win\Downloads\Global-Advertising-Platform-d9586aca12844d7c7dbe1a70fb43f4a241df4343\backend\node_modules\express\lib\router\index.js:280:10)
    at cors (C:\Users\win\Downloads\Global-Advertising-Platform-d9586aca12844d7c7dbe1a70fb43f4a241df4343\backend\node_modules\cors\lib\index.js:188:7) {"error":"request entity too large","path":"/api/territories/california/pixels"}
2026-01-27 11:58:14 [error]: [Error]
PayloadTooLargeError: request entity too large
    at readStream (C:\Users\win\Downloads\Global-Advertising-Platform-d9586aca12844d7c7dbe1a70fb43f4a241df4343\backend\node_modules\raw-body\index.js:163:17)
    at getRawBody (C:\Users\win\Downloads\Global-Advertising-Platform-d9586aca12844d7c7dbe1a70fb43f4a241df4343\backend\node_modules\raw-body\index.js:116:12)
    at read (C:\Users\win\Downloads\Global-Advertising-Platform-d9586aca12844d7c7dbe1a70fb43f4a241df4343\backend\node_modules\body-parser\lib\read.js:79:3)
    at jsonParser (C:\Users\win\Downloads\Global-Advertising-Platform-d9586aca12844d7c7dbe1a70fb43f4a241df4343\backend\node_modules\body-parser\lib\types\json.js:138:5)
    at Layer.handle [as handle_request] (C:\Users\win\Downloads\Global-Advertising-Platform-d9586aca12844d7c7dbe1a70fb43f4a241df4343\backend\node_modules\express\lib\router\layer.js:95:5)
    at trim_prefix (C:\Users\win\Downloads\Global-Advertising-Platform-d9586aca12844d7c7dbe1a70fb43f4a241df4343\backend\node_modules\express\lib\router\index.js:328:13)
    at C:\Users\win\Downloads\Global-Advertising-Platform-d9586aca12844d7c7dbe1a70fb43f4a241df4343\backend\node_modules\express\lib\router\index.js:286:9
    at Function.process_params (C:\Users\win\Downloads\Global-Advertising-Platform-d9586aca12844d7c7dbe1a70fb43f4a241df4343\backend\node_modules\express\lib\router\index.js:346:12)
    at next (C:\Users\win\Downloads\Global-Advertising-Platform-d9586aca12844d7c7dbe1a70fb43f4a241df4343\backend\node_modules\express\lib\router\index.js:280:10)
    at cors (C:\Users\win\Downloads\Global-Advertising-Platform-d9586aca12844d7c7dbe1a70fb43f4a241df4343\backend\node_modules\cors\lib\index.js:188:7) {"error":"request entity too large","path":"/api/territories/california/pixels"}
2026-01-27 11:58:20 [error]: [Error]
PayloadTooLargeError: request entity too large
    at readStream (C:\Users\win\Downloads\Global-Advertising-Platform-d9586aca12844d7c7dbe1a70fb43f4a241df4343\backend\node_modules\raw-body\index.js:163:17)
    at getRawBody (C:\Users\win\Downloads\Global-Advertising-Platform-d9586aca12844d7c7dbe1a70fb43f4a241df4343\backend\node_modules\raw-body\index.js:116:12)
    at read (C:\Users\win\Downloads\Global-Advertising-Platform-d9586aca12844d7c7dbe1a70fb43f4a241df4343\backend\node_modules\body-parser\lib\read.js:79:3)
    at jsonParser (C:\Users\win\Downloads\Global-Advertising-Platform-d9586aca12844d7c7dbe1a70fb43f4a241df4343\backend\node_modules\body-parser\lib\types\json.js:138:5)
    at Layer.handle [as handle_request] (C:\Users\win\Downloads\Global-Advertising-Platform-d9586aca12844d7c7dbe1a70fb43f4a241df4343\backend\node_modules\express\lib\router\layer.js:95:5)
    at trim_prefix (C:\Users\win\Downloads\Global-Advertising-Platform-d9586aca12844d7c7dbe1a70fb43f4a241df4343\backend\node_modules\express\lib\router\index.js:328:13)
    at C:\Users\win\Downloads\Global-Advertising-Platform-d9586aca12844d7c7dbe1a70fb43f4a241df4343\backend\node_modules\express\lib\router\index.js:286:9
    at Function.process_params (C:\Users\win\Downloads\Global-Advertising-Platform-d9586aca12844d7c7dbe1a70fb43f4a241df4343\backend\node_modules\express\lib\router\index.js:346:12)
    at next (C:\Users\win\Downloads\Global-Advertising-Platform-d9586aca12844d7c7dbe1a70fb43f4a241df4343\backend\node_modules\express\lib\router\index.js:280:10)
    at cors (C:\Users\win\Downloads\Global-Advertising-Platform-d9586aca12844d7c7dbe1a70fb43f4a241df4343\backend\node_modules\cors\lib\index.js:188:7) {"error":"request entity too large","path":"/api/territories/california/pixels"}
2026-01-27 11:58:26 [error]: [Error]
PayloadTooLargeError: request entity too large
    at readStream (C:\Users\win\Downloads\Global-Advertising-Platform-d9586aca12844d7c7dbe1a70fb43f4a241df4343\backend\node_modules\raw-body\index.js:163:17)
    at getRawBody (C:\Users\win\Downloads\Global-Advertising-Platform-d9586aca12844d7c7dbe1a70fb43f4a241df4343\backend\node_modules\raw-body\index.js:116:12)
    at read (C:\Users\win\Downloads\Global-Advertising-Platform-d9586aca12844d7c7dbe1a70fb43f4a241df4343\backend\node_modules\body-parser\lib\read.js:79:3)
    at jsonParser (C:\Users\win\Downloads\Global-Advertising-Platform-d9586aca12844d7c7dbe1a70fb43f4a241df4343\backend\node_modules\body-parser\lib\types\json.js:138:5)
    at Layer.handle [as handle_request] (C:\Users\win\Downloads\Global-Advertising-Platform-d9586aca12844d7c7dbe1a70fb43f4a241df4343\backend\node_modules\express\lib\router\layer.js:95:5)
    at trim_prefix (C:\Users\win\Downloads\Global-Advertising-Platform-d9586aca12844d7c7dbe1a70fb43f4a241df4343\backend\node_modules\express\lib\router\index.js:328:13)
    at C:\Users\win\Downloads\Global-Advertising-Platform-d9586aca12844d7c7dbe1a70fb43f4a241df4343\backend\node_modules\express\lib\router\index.js:286:9
    at Function.process_params (C:\Users\win\Downloads\Global-Advertising-Platform-d9586aca12844d7c7dbe1a70fb43f4a241df4343\backend\node_modules\express\lib\router\index.js:346:12)
    at next (C:\Users\win\Downloads\Global-Advertising-Platform-d9586aca12844d7c7dbe1a70fb43f4a241df4343\backend\node_modules\express\lib\router\index.js:280:10)
    at cors (C:\Users\win\Downloads\Global-Advertising-Platform-d9586aca12844d7c7dbe1a70fb43f4a241df4343\backend\node_modules\cors\lib\index.js:188:7) {"error":"request entity too large","path":"/api/territories/california/pixels"}
2026-01-27 11:58:32 [error]: [Error]
PayloadTooLargeError: request entity too large
    at readStream (C:\Users\win\Downloads\Global-Advertising-Platform-d9586aca12844d7c7dbe1a70fb43f4a241df4343\backend\node_modules\raw-body\index.js:163:17)
    at getRawBody (C:\Users\win\Downloads\Global-Advertising-Platform-d9586aca12844d7c7dbe1a70fb43f4a241df4343\backend\node_modules\raw-body\index.js:116:12)
    at read (C:\Users\win\Downloads\Global-Advertising-Platform-d9586aca12844d7c7dbe1a70fb43f4a241df4343\backend\node_modules\body-parser\lib\read.js:79:3)
    at jsonParser (C:\Users\win\Downloads\Global-Advertising-Platform-d9586aca12844d7c7dbe1a70fb43f4a241df4343\backend\node_modules\body-parser\lib\types\json.js:138:5)
    at Layer.handle [as handle_request] (C:\Users\win\Downloads\Global-Advertising-Platform-d9586aca12844d7c7dbe1a70fb43f4a241df4343\backend\node_modules\express\lib\router\layer.js:95:5)
    at trim_prefix (C:\Users\win\Downloads\Global-Advertising-Platform-d9586aca12844d7c7dbe1a70fb43f4a241df4343\backend\node_modules\express\lib\router\index.js:328:13)
    at C:\Users\win\Downloads\Global-Advertising-Platform-d9586aca12844d7c7dbe1a70fb43f4a241df4343\backend\node_modules\express\lib\router\index.js:286:9
    at Function.process_params (C:\Users\win\Downloads\Global-Advertising-Platform-d9586aca12844d7c7dbe1a70fb43f4a241df4343\backend\node_modules\express\lib\router\index.js:346:12)
    at next (C:\Users\win\Downloads\Global-Advertising-Platform-d9586aca12844d7c7dbe1a70fb43f4a241df4343\backend\node_modules\express\lib\router\index.js:280:10)
    at cors (C:\Users\win\Downloads\Global-Advertising-Platform-d9586aca12844d7c7dbe1a70fb43f4a241df4343\backend\node_modules\cors\lib\index.js:188:7) {"error":"request entity too large","path":"/api/territories/california/pixels"}
2026-01-27 11:58:38 [error]: [Error]
PayloadTooLargeError: request entity too large
    at readStream (C:\Users\win\Downloads\Global-Advertising-Platform-d9586aca12844d7c7dbe1a70fb43f4a241df4343\backend\node_modules\raw-body\index.js:163:17)
    at getRawBody (C:\Users\win\Downloads\Global-Advertising-Platform-d9586aca12844d7c7dbe1a70fb43f4a241df4343\backend\node_modules\raw-body\index.js:116:12)
    at read (C:\Users\win\Downloads\Global-Advertising-Platform-d9586aca12844d7c7dbe1a70fb43f4a241df4343\backend\node_modules\body-parser\lib\read.js:79:3)
    at jsonParser (C:\Users\win\Downloads\Global-Advertising-Platform-d9586aca12844d7c7dbe1a70fb43f4a241df4343\backend\node_modules\body-parser\lib\types\json.js:138:5)
    at Layer.handle [as handle_request] (C:\Users\win\Downloads\Global-Advertising-Platform-d9586aca12844d7c7dbe1a70fb43f4a241df4343\backend\node_modules\express\lib\router\layer.js:95:5)
    at trim_prefix (C:\Users\win\Downloads\Global-Advertising-Platform-d9586aca12844d7c7dbe1a70fb43f4a241df4343\backend\node_modules\express\lib\router\index.js:328:13)
    at C:\Users\win\Downloads\Global-Advertising-Platform-d9586aca12844d7c7dbe1a70fb43f4a241df4343\backend\node_modules\express\lib\router\index.js:286:9
    at Function.process_params (C:\Users\win\Downloads\Global-Advertising-Platform-d9586aca12844d7c7dbe1a70fb43f4a241df4343\backend\node_modules\express\lib\router\index.js:346:12)
    at next (C:\Users\win\Downloads\Global-Advertising-Platform-d9586aca12844d7c7dbe1a70fb43f4a241df4343\backend\node_modules\express\lib\router\index.js:280:10)
    at cors (C:\Users\win\Downloads\Global-Advertising-Platform-d9586aca12844d7c7dbe1a70fb43f4a241df4343\backend\node_modules\cors\lib\index.js:188:7) {"error":"request entity too large","path":"/api/territories/california/pixels"}
2026-01-27 11:58:44 [error]: [Error]
PayloadTooLargeError: request entity too large
    at readStream (C:\Users\win\Downloads\Global-Advertising-Platform-d9586aca12844d7c7dbe1a70fb43f4a241df4343\backend\node_modules\raw-body\index.js:163:17)
    at getRawBody (C:\Users\win\Downloads\Global-Advertising-Platform-d9586aca12844d7c7dbe1a70fb43f4a241df4343\backend\node_modules\raw-body\index.js:116:12)
    at read (C:\Users\win\Downloads\Global-Advertising-Platform-d9586aca12844d7c7dbe1a70fb43f4a241df4343\backend\node_modules\body-parser\lib\read.js:79:3)
    at jsonParser (C:\Users\win\Downloads\Global-Advertising-Platform-d9586aca12844d7c7dbe1a70fb43f4a241df4343\backend\node_modules\body-parser\lib\types\json.js:138:5)
    at Layer.handle [as handle_request] (C:\Users\win\Downloads\Global-Advertising-Platform-d9586aca12844d7c7dbe1a70fb43f4a241df4343\backend\node_modules\express\lib\router\layer.js:95:5)
    at trim_prefix (C:\Users\win\Downloads\Global-Advertising-Platform-d9586aca12844d7c7dbe1a70fb43f4a241df4343\backend\node_modules\express\lib\router\index.js:328:13)
    at C:\Users\win\Downloads\Global-Advertising-Platform-d9586aca12844d7c7dbe1a70fb43f4a241df4343\backend\node_modules\express\lib\router\index.js:286:9
    at Function.process_params (C:\Users\win\Downloads\Global-Advertising-Platform-d9586aca12844d7c7dbe1a70fb43f4a241df4343\backend\node_modules\express\lib\router\index.js:346:12)
    at next (C:\Users\win\Downloads\Global-Advertising-Platform-d9586aca12844d7c7dbe1a70fb43f4a241df4343\backend\node_modules\express\lib\router\index.js:280:10)
    at cors (C:\Users\win\Downloads\Global-Advertising-Platform-d9586aca12844d7c7dbe1a70fb43f4a241df4343\backend\node_modules\cors\lib\index.js:188:7) {"error":"request entity too large","path":"/api/territories/california/pixels"}
2026-01-27 11:58:50 [error]: [Error]
PayloadTooLargeError: request entity too large
    at readStream (C:\Users\win\Downloads\Global-Advertising-Platform-d9586aca12844d7c7dbe1a70fb43f4a241df4343\backend\node_modules\raw-body\index.js:163:17)
    at getRawBody (C:\Users\win\Downloads\Global-Advertising-Platform-d9586aca12844d7c7dbe1a70fb43f4a241df4343\backend\node_modules\raw-body\index.js:116:12)
    at read (C:\Users\win\Downloads\Global-Advertising-Platform-d9586aca12844d7c7dbe1a70fb43f4a241df4343\backend\node_modules\body-parser\lib\read.js:79:3)
    at jsonParser (C:\Users\win\Downloads\Global-Advertising-Platform-d9586aca12844d7c7dbe1a70fb43f4a241df4343\backend\node_modules\body-parser\lib\types\json.js:138:5)
    at Layer.handle [as handle_request] (C:\Users\win\Downloads\Global-Advertising-Platform-d9586aca12844d7c7dbe1a70fb43f4a241df4343\backend\node_modules\express\lib\router\layer.js:95:5)
    at trim_prefix (C:\Users\win\Downloads\Global-Advertising-Platform-d9586aca12844d7c7dbe1a70fb43f4a241df4343\backend\node_modules\express\lib\router\index.js:328:13)
    at C:\Users\win\Downloads\Global-Advertising-Platform-d9586aca12844d7c7dbe1a70fb43f4a241df4343\backend\node_modules\express\lib\router\index.js:286:9
    at Function.process_params (C:\Users\win\Downloads\Global-Advertising-Platform-d9586aca12844d7c7dbe1a70fb43f4a241df4343\backend\node_modules\express\lib\router\index.js:346:12)
    at next (C:\Users\win\Downloads\Global-Advertising-Platform-d9586aca12844d7c7dbe1a70fb43f4a241df4343\backend\node_modules\express\lib\router\index.js:280:10)
    at cors (C:\Users\win\Downloads\Global-Advertising-Platform-d9586aca12844d7c7dbe1a70fb43f4a241df4343\backend\node_modules\cors\lib\index.js:188:7) {"error":"request entity too large","path":"/api/territories/california/pixels"}
2026-01-27 11:58:56 [error]: [Error]
PayloadTooLargeError: request entity too large
    at readStream (C:\Users\win\Downloads\Global-Advertising-Platform-d9586aca12844d7c7dbe1a70fb43f4a241df4343\backend\node_modules\raw-body\index.js:163:17)
    at getRawBody (C:\Users\win\Downloads\Global-Advertising-Platform-d9586aca12844d7c7dbe1a70fb43f4a241df4343\backend\node_modules\raw-body\index.js:116:12)
    at read (C:\Users\win\Downloads\Global-Advertising-Platform-d9586aca12844d7c7dbe1a70fb43f4a241df4343\backend\node_modules\body-parser\lib\read.js:79:3)
    at jsonParser (C:\Users\win\Downloads\Global-Advertising-Platform-d9586aca12844d7c7dbe1a70fb43f4a241df4343\backend\node_modules\body-parser\lib\types\json.js:138:5)
    at Layer.handle [as handle_request] (C:\Users\win\Downloads\Global-Advertising-Platform-d9586aca12844d7c7dbe1a70fb43f4a241df4343\backend\node_modules\express\lib\router\layer.js:95:5)
    at trim_prefix (C:\Users\win\Downloads\Global-Advertising-Platform-d9586aca12844d7c7dbe1a70fb43f4a241df4343\backend\node_modules\express\lib\router\index.js:328:13)
    at C:\Users\win\Downloads\Global-Advertising-Platform-d9586aca12844d7c7dbe1a70fb43f4a241df4343\backend\node_modules\express\lib\router\index.js:286:9
    at Function.process_params (C:\Users\win\Downloads\Global-Advertising-Platform-d9586aca12844d7c7dbe1a70fb43f4a241df4343\backend\node_modules\express\lib\router\index.js:346:12)
    at next (C:\Users\win\Downloads\Global-Advertising-Platform-d9586aca12844d7c7dbe1a70fb43f4a241df4343\backend\node_modules\express\lib\router\index.js:280:10)
    at cors (C:\Users\win\Downloads\Global-Advertising-Platform-d9586aca12844d7c7dbe1a70fb43f4a241df4343\backend\node_modules\cors\lib\index.js:188:7) {"error":"request entity too large","path":"/api/territories/california/pixels"}
2026-01-27 11:59:02 [error]: [Error]
PayloadTooLargeError: request entity too large
    at readStream (C:\Users\win\Downloads\Global-Advertising-Platform-d9586aca12844d7c7dbe1a70fb43f4a241df4343\backend\node_modules\raw-body\index.js:163:17)
    at getRawBody (C:\Users\win\Downloads\Global-Advertising-Platform-d9586aca12844d7c7dbe1a70fb43f4a241df4343\backend\node_modules\raw-body\index.js:116:12)
    at read (C:\Users\win\Downloads\Global-Advertising-Platform-d9586aca12844d7c7dbe1a70fb43f4a241df4343\backend\node_modules\body-parser\lib\read.js:79:3)
    at jsonParser (C:\Users\win\Downloads\Global-Advertising-Platform-d9586aca12844d7c7dbe1a70fb43f4a241df4343\backend\node_modules\body-parser\lib\types\json.js:138:5)
    at Layer.handle [as handle_request] (C:\Users\win\Downloads\Global-Advertising-Platform-d9586aca12844d7c7dbe1a70fb43f4a241df4343\backend\node_modules\express\lib\router\layer.js:95:5)
    at trim_prefix (C:\Users\win\Downloads\Global-Advertising-Platform-d9586aca12844d7c7dbe1a70fb43f4a241df4343\backend\node_modules\express\lib\router\index.js:328:13)
    at C:\Users\win\Downloads\Global-Advertising-Platform-d9586aca12844d7c7dbe1a70fb43f4a241df4343\backend\node_modules\express\lib\router\index.js:286:9
    at Function.process_params (C:\Users\win\Downloads\Global-Advertising-Platform-d9586aca12844d7c7dbe1a70fb43f4a241df4343\backend\node_modules\express\lib\router\index.js:346:12)
    at next (C:\Users\win\Downloads\Global-Advertising-Platform-d9586aca12844d7c7dbe1a70fb43f4a241df4343\backend\node_modules\express\lib\router\index.js:280:10)
    at cors (C:\Users\win\Downloads\Global-Advertising-Platform-d9586aca12844d7c7dbe1a70fb43f4a241df4343\backend\node_modules\cors\lib\index.js:188:7) {"error":"request entity too large","path":"/api/territories/california/pixels"}
2026-01-27 11:59:08 [error]: [Error]
PayloadTooLargeError: request entity too large
    at readStream (C:\Users\win\Downloads\Global-Advertising-Platform-d9586aca12844d7c7dbe1a70fb43f4a241df4343\backend\node_modules\raw-body\index.js:163:17)
    at getRawBody (C:\Users\win\Downloads\Global-Advertising-Platform-d9586aca12844d7c7dbe1a70fb43f4a241df4343\backend\node_modules\raw-body\index.js:116:12)
    at read (C:\Users\win\Downloads\Global-Advertising-Platform-d9586aca12844d7c7dbe1a70fb43f4a241df4343\backend\node_modules\body-parser\lib\read.js:79:3)
    at jsonParser (C:\Users\win\Downloads\Global-Advertising-Platform-d9586aca12844d7c7dbe1a70fb43f4a241df4343\backend\node_modules\body-parser\lib\types\json.js:138:5)
    at Layer.handle [as handle_request] (C:\Users\win\Downloads\Global-Advertising-Platform-d9586aca12844d7c7dbe1a70fb43f4a241df4343\backend\node_modules\express\lib\router\layer.js:95:5)
    at trim_prefix (C:\Users\win\Downloads\Global-Advertising-Platform-d9586aca12844d7c7dbe1a70fb43f4a241df4343\backend\node_modules\express\lib\router\index.js:328:13)
    at C:\Users\win\Downloads\Global-Advertising-Platform-d9586aca12844d7c7dbe1a70fb43f4a241df4343\backend\node_modules\express\lib\router\index.js:286:9
    at Function.process_params (C:\Users\win\Downloads\Global-Advertising-Platform-d9586aca12844d7c7dbe1a70fb43f4a241df4343\backend\node_modules\express\lib\router\index.js:346:12)
    at next (C:\Users\win\Downloads\Global-Advertising-Platform-d9586aca12844d7c7dbe1a70fb43f4a241df4343\backend\node_modules\express\lib\router\index.js:280:10)
    at cors (C:\Users\win\Downloads\Global-Advertising-Platform-d9586aca12844d7c7dbe1a70fb43f4a241df4343\backend\node_modules\cors\lib\index.js:188:7) {"error":"request entity too large","path":"/api/territories/california/pixels"}
2026-01-27 11:59:14 [error]: [Error]
PayloadTooLargeError: request entity too large
    at readStream (C:\Users\win\Downloads\Global-Advertising-Platform-d9586aca12844d7c7dbe1a70fb43f4a241df4343\backend\node_modules\raw-body\index.js:163:17)
    at getRawBody (C:\Users\win\Downloads\Global-Advertising-Platform-d9586aca12844d7c7dbe1a70fb43f4a241df4343\backend\node_modules\raw-body\index.js:116:12)
    at read (C:\Users\win\Downloads\Global-Advertising-Platform-d9586aca12844d7c7dbe1a70fb43f4a241df4343\backend\node_modules\body-parser\lib\read.js:79:3)
    at jsonParser (C:\Users\win\Downloads\Global-Advertising-Platform-d9586aca12844d7c7dbe1a70fb43f4a241df4343\backend\node_modules\body-parser\lib\types\json.js:138:5)
    at Layer.handle [as handle_request] (C:\Users\win\Downloads\Global-Advertising-Platform-d9586aca12844d7c7dbe1a70fb43f4a241df4343\backend\node_modules\express\lib\router\layer.js:95:5)
    at trim_prefix (C:\Users\win\Downloads\Global-Advertising-Platform-d9586aca12844d7c7dbe1a70fb43f4a241df4343\backend\node_modules\express\lib\router\index.js:328:13)
    at C:\Users\win\Downloads\Global-Advertising-Platform-d9586aca12844d7c7dbe1a70fb43f4a241df4343\backend\node_modules\express\lib\router\index.js:286:9
    at Function.process_params (C:\Users\win\Downloads\Global-Advertising-Platform-d9586aca12844d7c7dbe1a70fb43f4a241df4343\backend\node_modules\express\lib\router\index.js:346:12)
    at next (C:\Users\win\Downloads\Global-Advertising-Platform-d9586aca12844d7c7dbe1a70fb43f4a241df4343\backend\node_modules\express\lib\router\index.js:280:10)
    at cors (C:\Users\win\Downloads\Global-Advertising-Platform-d9586aca12844d7c7dbe1a70fb43f4a241df4343\backend\node_modules\cors\lib\index.js:188:7) {"error":"request entity too large","path":"/api/territories/california/pixels"}
2026-01-27 11:59:26 [info]: [Pixels] 🔍 GET START {"reqId":"get-1769482766121-hb9ks67k6","territoryIdRaw":"california","territoryIdNormalized":"california","redisKey":"pixel_data:california","wasDisplayId":false}
2026-01-27 11:59:26 [info]: [Pixels] 🔍 GET retrieved {"reqId":"get-1769482766121-hb9ks67k6","territoryId":"california","redisKey":"pixel_data:california","hasData":false,"pixelsLength":0,"filledPixels":0,"revision":0,"dataType":"object"}
2026-01-27 12:04:02 [info]: [Pixels] 🔍 GET START {"reqId":"get-1769483042449-9bwd4br70","territoryIdRaw":"california","territoryIdNormalized":"california","redisKey":"pixel_data:california","wasDisplayId":false}
2026-01-27 12:04:02 [info]: [Pixels] 🔍 GET retrieved {"reqId":"get-1769483042449-9bwd4br70","territoryId":"california","redisKey":"pixel_data:california","hasData":false,"pixelsLength":0,"filledPixels":0,"revision":0,"dataType":"object"}
2026-01-27 12:08:42 [info]: [Pixels] 🔍 GET START {"reqId":"get-1769483322399-5k2igzdxu","territoryIdRaw":"california","territoryIdNormalized":"california","redisKey":"pixel_data:california","wasDisplayId":false}
2026-01-27 12:08:42 [info]: [Pixels] 🔍 GET retrieved {"reqId":"get-1769483322399-5k2igzdxu","territoryId":"california","redisKey":"pixel_data:california","hasData":false,"pixelsLength":0,"filledPixels":0,"revision":0,"dataType":"object"}
2026-01-27 13:51:30 [info]: [Pixels] 🔍 GET START {"reqId":"get-1769489490250-wlf6bpho3","territoryIdRaw":"california","territoryIdNormalized":"california","redisKey":"pixel_data:california","wasDisplayId":false}
2026-01-27 13:51:30 [info]: [Pixels] 🔍 GET retrieved {"reqId":"get-1769489490250-wlf6bpho3","territoryId":"california","redisKey":"pixel_data:california","hasData":false,"pixelsLength":0,"filledPixels":0,"revision":0,"dataType":"object"}
2026-01-27 13:56:17 [info]: [Pixels] 🔍 GET START {"reqId":"get-1769489777212-xnjwzy5ue","territoryIdRaw":"california","territoryIdNormalized":"california","redisKey":"pixel_data:california","wasDisplayId":false}
2026-01-27 13:56:17 [info]: [Pixels] 🔍 GET retrieved {"reqId":"get-1769489777212-xnjwzy5ue","territoryId":"california","redisKey":"pixel_data:california","hasData":false,"pixelsLength":0,"filledPixels":0,"revision":0,"dataType":"object"}
2026-01-27 14:00:05 [info]: [Pixels] 🔍 GET START {"reqId":"get-1769490005753-mc0kyy0pq","territoryIdRaw":"california","territoryIdNormalized":"california","redisKey":"pixel_data:california","wasDisplayId":false}
2026-01-27 14:00:05 [info]: [Pixels] 🔍 GET retrieved {"reqId":"get-1769490005753-mc0kyy0pq","territoryId":"california","redisKey":"pixel_data:california","hasData":false,"pixelsLength":0,"filledPixels":0,"revision":0,"dataType":"object"}
2026-01-27 16:11:36 [info]: [Pixels] 🔍 GET START {"reqId":"get-1769497896206-7y1ndmb4a","territoryIdRaw":"california","territoryIdNormalized":"california","redisKey":"pixel_data:california","wasDisplayId":false}
2026-01-27 16:11:36 [info]: [Pixels] 🔍 GET retrieved {"reqId":"get-1769497896206-7y1ndmb4a","territoryId":"california","redisKey":"pixel_data:california","hasData":false,"pixelsLength":0,"filledPixels":0,"revision":0,"dataType":"object"}
2026-01-27 16:25:58 [info]: [Pixels] 🔍 GET START {"reqId":"get-1769498758151-oj6yzubzf","territoryIdRaw":"california","territoryIdNormalized":"california","redisKey":"pixel_data:california","wasDisplayId":false}
2026-01-27 16:25:58 [info]: [Pixels] 🔍 GET retrieved {"reqId":"get-1769498758151-oj6yzubzf","territoryId":"california","redisKey":"pixel_data:california","hasData":false,"pixelsLength":0,"filledPixels":0,"revision":0,"dataType":"object"}
2026-01-27 22:12:59 [info]: [Pixels] 🔍 GET START {"reqId":"get-1769519579447-ueejds2mc","territoryIdRaw":"california","territoryIdNormalized":"california","redisKey":"pixel_data:california","wasDisplayId":false}
2026-01-27 22:12:59 [info]: [Pixels] 🔍 GET retrieved {"reqId":"get-1769519579447-ueejds2mc","territoryId":"california","redisKey":"pixel_data:california","hasData":false,"pixelsLength":0,"filledPixels":0,"revision":0,"dataType":"object"}
2026-01-27 22:14:27 [info]: [Pixels] 🔍 GET START {"reqId":"get-1769519667558-was9e3d61","territoryIdRaw":"california","territoryIdNormalized":"california","redisKey":"pixel_data:california","wasDisplayId":false}
2026-01-27 22:14:27 [info]: [Pixels] 🔍 GET retrieved {"reqId":"get-1769519667558-was9e3d61","territoryId":"california","redisKey":"pixel_data:california","hasData":false,"pixelsLength":0,"filledPixels":0,"revision":0,"dataType":"object"}
2026-01-27 22:14:28 [info]: [Pixels] 🔍 GET START {"reqId":"get-1769519668359-pbnypqrkc","territoryIdRaw":"california","territoryIdNormalized":"california","redisKey":"pixel_data:california","wasDisplayId":false}
2026-01-27 22:14:28 [info]: [Pixels] 🔍 GET retrieved {"reqId":"get-1769519668359-pbnypqrkc","territoryId":"california","redisKey":"pixel_data:california","hasData":false,"pixelsLength":0,"filledPixels":0,"revision":0,"dataType":"object"}
2026-01-27 22:15:28 [info]: [Pixels] 🔍 GET START {"reqId":"get-1769519728076-i7qjvf9rx","territoryIdRaw":"california","territoryIdNormalized":"california","redisKey":"pixel_data:california","wasDisplayId":false}
2026-01-27 22:15:28 [info]: [Pixels] 🔍 GET retrieved {"reqId":"get-1769519728076-i7qjvf9rx","territoryId":"california","redisKey":"pixel_data:california","hasData":false,"pixelsLength":0,"filledPixels":0,"revision":0,"dataType":"object"}
2026-01-27 22:15:28 [info]: [Pixels] 🔍 GET START {"reqId":"get-1769519728156-lu1fpom2s","territoryIdRaw":"california","territoryIdNormalized":"california","redisKey":"pixel_data:california","wasDisplayId":false}
2026-01-27 22:15:28 [info]: [Pixels] 🔍 GET retrieved {"reqId":"get-1769519728156-lu1fpom2s","territoryId":"california","redisKey":"pixel_data:california","hasData":false,"pixelsLength":0,"filledPixels":0,"revision":0,"dataType":"object"}
2026-01-27 23:24:06 [info]: [Pixels] 🔍 GET START {"reqId":"get-1769523846812-kgydc43xs","territoryIdRaw":"california","territoryIdNormalized":"california","redisKey":"pixel_data:california","wasDisplayId":false}
2026-01-27 23:24:06 [info]: [Pixels] 🔍 GET retrieved {"reqId":"get-1769523846812-kgydc43xs","territoryId":"california","redisKey":"pixel_data:california","hasData":false,"pixelsLength":0,"filledPixels":0,"revision":0,"dataType":"object"}
2026-01-27 23:28:32 [info]: [Pixels] 🔍 GET START {"reqId":"get-1769524112413-rhhi48ex3","territoryIdRaw":"california","territoryIdNormalized":"california","redisKey":"pixel_data:california","wasDisplayId":false}
2026-01-27 23:28:32 [info]: [Pixels] 🔍 GET retrieved {"reqId":"get-1769524112413-rhhi48ex3","territoryId":"california","redisKey":"pixel_data:california","hasData":false,"pixelsLength":0,"filledPixels":0,"revision":0,"dataType":"object"}
2026-01-27 23:28:32 [info]: [Pixels] 🔍 GET START {"reqId":"get-1769524112465-pswslezhg","territoryIdRaw":"california","territoryIdNormalized":"california","redisKey":"pixel_data:california","wasDisplayId":false}
2026-01-27 23:28:32 [info]: [Pixels] 🔍 GET retrieved {"reqId":"get-1769524112465-pswslezhg","territoryId":"california","redisKey":"pixel_data:california","hasData":false,"pixelsLength":0,"filledPixels":0,"revision":0,"dataType":"object"}
2026-01-27 23:29:34 [info]: [Pixels] 🔍 GET START {"reqId":"get-1769524174865-3mx0undsq","territoryIdRaw":"california","territoryIdNormalized":"california","redisKey":"pixel_data:california","wasDisplayId":false}
2026-01-27 23:29:34 [info]: [Pixels] 🔍 GET retrieved {"reqId":"get-1769524174865-3mx0undsq","territoryId":"california","redisKey":"pixel_data:california","hasData":false,"pixelsLength":0,"filledPixels":0,"revision":0,"dataType":"object"}
2026-01-27 23:29:59 [info]: [Pixels] 🔍 GET START {"reqId":"get-1769524199656-h49k6ihn9","territoryIdRaw":"california","territoryIdNormalized":"california","redisKey":"pixel_data:california","wasDisplayId":false}
2026-01-27 23:29:59 [info]: [Pixels] 🔍 GET retrieved {"reqId":"get-1769524199656-h49k6ihn9","territoryId":"california","redisKey":"pixel_data:california","hasData":false,"pixelsLength":0,"filledPixels":0,"revision":0,"dataType":"object"}
2026-01-27 23:30:00 [info]: [Pixels] 🔍 GET START {"reqId":"get-1769524200267-hodbtnkq2","territoryIdRaw":"california","territoryIdNormalized":"california","redisKey":"pixel_data:california","wasDisplayId":false}
2026-01-27 23:30:00 [info]: [Pixels] 🔍 GET retrieved {"reqId":"get-1769524200267-hodbtnkq2","territoryId":"california","redisKey":"pixel_data:california","hasData":false,"pixelsLength":0,"filledPixels":0,"revision":0,"dataType":"object"}
2026-01-28 00:03:09 [info]: ✅ Database connected
2026-01-28 00:03:09 [info]: 🔄 Running database migrations...
2026-01-28 00:03:09 [info]: ✅ Migrations completed
2026-01-28 00:03:09 [info]: 🔍 Validating database schema...
2026-01-28 00:03:09 [info]: ✅ Schema validation passed
2026-01-28 00:03:09 [info]: ✅ Redis connected
2026-01-28 00:03:09 [info]: 🚀 Server running on port 8001
2026-01-28 00:03:09 [info]: 📡 WebSocket server ready
2026-01-28 00:03:09 [info]: 🌍 Environment: development
2026-01-28 00:03:09 [info]: 🔗 Health check: http://0.0.0.0:8001/api/health
2026-01-28 00:03:19 [info]: [Pixels] 🔍 GET START {"reqId":"get-1769526199845-43m45qucd","territoryIdRaw":"california","territoryIdNormalized":"california","redisKey":"pixel_data:california","wasDisplayId":false}
2026-01-28 00:03:19 [info]: [Pixels] 🔍 GET retrieved {"reqId":"get-1769526199845-43m45qucd","territoryId":"california","redisKey":"pixel_data:california","hasData":false,"pixelsLength":0,"filledPixels":0,"revision":0,"dataType":"object"}
2026-01-28 00:03:26 [info]: [Pixels] 🔍 GET START {"reqId":"get-1769526206444-ra9varygj","territoryIdRaw":"california","territoryIdNormalized":"california","redisKey":"pixel_data:california","wasDisplayId":false}
2026-01-28 00:03:26 [info]: [Pixels] 🔍 GET retrieved {"reqId":"get-1769526206444-ra9varygj","territoryId":"california","redisKey":"pixel_data:california","hasData":false,"pixelsLength":0,"filledPixels":0,"revision":0,"dataType":"object"}
2026-01-28 00:03:27 [info]: [Pixels] 🔍 GET START {"reqId":"get-1769526207066-q4hf7net6","territoryIdRaw":"california","territoryIdNormalized":"california","redisKey":"pixel_data:california","wasDisplayId":false}
2026-01-28 00:03:27 [info]: [Pixels] 🔍 GET retrieved {"reqId":"get-1769526207066-q4hf7net6","territoryId":"california","redisKey":"pixel_data:california","hasData":false,"pixelsLength":0,"filledPixels":0,"revision":0,"dataType":"object"}
2026-01-28 00:03:27 [info]: [Pixels] 🔍 GET START {"reqId":"get-1769526207113-u6ze7js7w","territoryIdRaw":"california","territoryIdNormalized":"california","redisKey":"pixel_data:california","wasDisplayId":false}
2026-01-28 00:03:27 [info]: [Pixels] 🔍 GET retrieved {"reqId":"get-1769526207113-u6ze7js7w","territoryId":"california","redisKey":"pixel_data:california","hasData":false,"pixelsLength":0,"filledPixels":0,"revision":0,"dataType":"object"}
2026-01-28 00:04:11 [info]: [Pixels] 🔍 POST /tiles START {"reqId":"tiles-1769526251211-1sy80nd2z","territoryIdRaw":"california","contentLength":75126,"tilesCount":15,"bodyKeys":["tiles"],"tilesType":"object","tilesIsArray":true,"tilesSample":{"tileId":"california:3:3","pixels":[{"x":50,"y":54,"color":"#07080A"},{"x":51,"y":54,"color":"#07080A"},{"x":52,"y":54,"color":"#07080A"},{"x":53,"y":54,"color":"#07080A"},{"x":54,"y":54,"color":"#07080A"},{"x":55,"y":54,"color":"#07080A"},{"x":56,"y":54,"color":"#07080A"},{"x":57,"y":54,"color":"#07080A"},{"x":58,"y":54,"color":"#07080A"},{"x":59,"y":54,"color":"#07080A"},{"x":60,"y":54,"color":"#07080A"},{"x":61,"y":54,"color":"#07080A"},{"x":62,"y":54,"color":"#07080A"},{"x":63,"y":54,"color":"#07080A"},{"x":50,"y":55,"color":"#07080A"},{"x":51,"y":55,"color":"#07080A"},{"x":52,"y":55,"color":"#07080A"},{"x":53,"y":55,"color":"#07080A"},{"x":54,"y":55,"color":"#07080A"},{"x":55,"y":55,"color":"#07080A"},{"x":56,"y":55,"color":"#07080A"},{"x":57,"y":55,"color":"#07080A"},{"x":58,"y":55,"color":"#07080A"},{"x":59,"y":55,"color":"#07080A"},{"x":60,"y":55,"color":"#07080A"},{"x":61,"y":55,"color":"#07080A"},{"x":62,"y":55,"color":"#07080A"},{"x":63,"y":55,"color":"#07080A"},{"x":50,"y":56,"color":"#07080A"},{"x":51,"y":56,"color":"#07080A"},{"x":52,"y":56,"color":"#07080A"},{"x":53,"y":56,"color":"#07080A"},{"x":54,"y":56,"color":"#07080A"},{"x":55,"y":56,"color":"#07080A"},{"x":56,"y":56,"color":"#07080A"},{"x":57,"y":56,"color":"#07080A"},{"x":58,"y":56,"color":"#07080A"},{"x":59,"y":56,"color":"#07080A"},{"x":60,"y":56,"color":"#07080A"},{"x":61,"y":56,"color":"#07080A"},{"x":62,"y":56,"color":"#07080A"},{"x":63,"y":56,"color":"#07080A"},{"x":50,"y":57,"color":"#07080A"},{"x":51,"y":57,"color":"#07080A"},{"x":52,"y":57,"color":"#07080A"},{"x":53,"y":57,"color":"#07080A"},{"x":54,"y":57,"color":"#07080A"},{"x":55,"y":57,"color":"#07080A"},{"x":56,"y":57,"color":"#07080A"},{"x":57,"y":57,"color":"#07080A"},{"x":58,"y":57,"color":"#07080A"},{"x":59,"y":57,"color":"#07080A"},{"x":60,"y":57,"color":"#07080A"},{"x":61,"y":57,"color":"#07080A"},{"x":62,"y":57,"color":"#07080A"},{"x":63,"y":57,"color":"#07080A"},{"x":50,"y":58,"color":"#07080A"},{"x":51,"y":58,"color":"#07080A"},{"x":52,"y":58,"color":"#07080A"},{"x":53,"y":58,"color":"#07080A"},{"x":54,"y":58,"color":"#07080A"},{"x":55,"y":58,"color":"#07080A"},{"x":56,"y":58,"color":"#07080A"},{"x":57,"y":58,"color":"#07080A"},{"x":58,"y":58,"color":"#07080A"},{"x":59,"y":58,"color":"#07080A"},{"x":60,"y":58,"color":"#07080A"},{"x":61,"y":58,"color":"#07080A"},{"x":62,"y":58,"color":"#07080A"},{"x":63,"y":58,"color":"#07080A"},{"x":50,"y":59,"color":"#07080A"},{"x":51,"y":59,"color":"#07080A"},{"x":52,"y":59,"color":"#07080A"},{"x":53,"y":59,"color":"#07080A"},{"x":54,"y":59,"color":"#07080A"},{"x":55,"y":59,"color":"#07080A"},{"x":56,"y":59,"color":"#07080A"},{"x":57,"y":59,"color":"#07080A"},{"x":58,"y":59,"color":"#07080A"},{"x":59,"y":59,"color":"#07080A"},{"x":60,"y":59,"color":"#07080A"},{"x":61,"y":59,"color":"#07080A"},{"x":62,"y":59,"color":"#07080A"},{"x":63,"y":59,"color":"#07080A"},{"x":50,"y":60,"color":"#07080A"},{"x":51,"y":60,"color":"#07080A"},{"x":52,"y":60,"color":"#07080A"},{"x":53,"y":60,"color":"#07080A"},{"x":54,"y":60,"color":"#07080A"},{"x":55,"y":60,"color":"#07080A"},{"x":56,"y":60,"color":"#07080A"},{"x":57,"y":60,"color":"#07080A"},{"x":58,"y":60,"color":"#07080A"},{"x":59,"y":60,"color":"#07080A"},{"x":60,"y":60,"color":"#07080A"},{"x":61,"y":60,"color":"#07080A"},{"x":62,"y":60,"color":"#07080A"},{"x":63,"y":60,"color":"#07080A"},{"x":50,"y":61,"color":"#07080A"},{"x":51,"y":61,"color":"#07080A"},{"x":52,"y":61,"color":"#07080A"},{"x":53,"y":61,"color":"#07080A"},{"x":54,"y":61,"color":"#07080A"},{"x":55,"y":61,"color":"#07080A"},{"x":56,"y":61,"color":"#07080A"},{"x":57,"y":61,"color":"#07080A"},{"x":58,"y":61,"color":"#07080A"},{"x":59,"y":61,"color":"#07080A"},{"x":60,"y":61,"color":"#07080A"},{"x":61,"y":61,"color":"#07080A"},{"x":62,"y":61,"color":"#07080A"},{"x":63,"y":61,"color":"#07080A"},{"x":50,"y":62,"color":"#07080A"},{"x":51,"y":62,"color":"#07080A"},{"x":52,"y":62,"color":"#07080A"},{"x":53,"y":62,"color":"#07080A"},{"x":54,"y":62,"color":"#07080A"},{"x":55,"y":62,"color":"#07080A"},{"x":56,"y":62,"color":"#07080A"},{"x":57,"y":62,"color":"#07080A"},{"x":58,"y":62,"color":"#07080A"},{"x":59,"y":62,"color":"#07080A"},{"x":60,"y":62,"color":"#07080A"},{"x":61,"y":62,"color":"#07080A"},{"x":62,"y":62,"color":"#07080A"},{"x":63,"y":62,"color":"#07080A"},{"x":50,"y":63,"color":"#07080A"},{"x":51,"y":63,"color":"#07080A"},{"x":52,"y":63,"color":"#07080A"},{"x":53,"y":63,"color":"#060709"},{"x":54,"y":63,"color":"#060709"},{"x":55,"y":63,"color":"#07080A"},{"x":56,"y":63,"color":"#060709"},{"x":57,"y":63,"color":"#07080A"},{"x":58,"y":63,"color":"#060709"},{"x":59,"y":63,"color":"#07080A"},{"x":60,"y":63,"color":"#060709"},{"x":61,"y":63,"color":"#07080A"},{"x":62,"y":63,"color":"#07080A"},{"x":63,"y":63,"color":"#07080A"}],"revision":0}}
2026-01-28 00:04:14 [info]: [Pixels] 🔍 GET START {"reqId":"get-1769526254095-zszz71vve","territoryIdRaw":"california","territoryIdNormalized":"california","redisKey":"pixel_data:california","wasDisplayId":false}
2026-01-28 00:04:14 [info]: [Pixels] 🔍 GET START {"reqId":"get-1769526254097-hlou709c7","territoryIdRaw":"california","territoryIdNormalized":"california","redisKey":"pixel_data:california","wasDisplayId":false}
2026-01-28 00:04:14 [info]: [Pixels] 🔍 GET retrieved {"reqId":"get-1769526254095-zszz71vve","territoryId":"california","redisKey":"pixel_data:california","hasData":false,"pixelsLength":0,"filledPixels":0,"revision":0,"dataType":"object"}
2026-01-28 00:04:14 [info]: [Pixels] 🔍 GET retrieved {"reqId":"get-1769526254097-hlou709c7","territoryId":"california","redisKey":"pixel_data:california","hasData":false,"pixelsLength":0,"filledPixels":0,"revision":0,"dataType":"object"}
2026-01-28 00:04:14 [info]: [Pixels] 🔍 GET START {"reqId":"get-1769526254189-444jueu21","territoryIdRaw":"california","territoryIdNormalized":"california","redisKey":"pixel_data:california","wasDisplayId":false}
2026-01-28 00:04:14 [info]: [Pixels] 🔍 GET retrieved {"reqId":"get-1769526254189-444jueu21","territoryId":"california","redisKey":"pixel_data:california","hasData":false,"pixelsLength":0,"filledPixels":0,"revision":0,"dataType":"object"}
2026-01-28 00:04:18 [info]: [Pixels] 🔍 GET START {"reqId":"get-1769526258152-j11qxoj6u","territoryIdRaw":"california","territoryIdNormalized":"california","redisKey":"pixel_data:california","wasDisplayId":false}
2026-01-28 00:04:18 [info]: [Pixels] 🔍 GET retrieved {"reqId":"get-1769526258152-j11qxoj6u","territoryId":"california","redisKey":"pixel_data:california","hasData":false,"pixelsLength":0,"filledPixels":0,"revision":0,"dataType":"object"}
2026-01-28 00:04:18 [info]: [Pixels] 🔍 GET START {"reqId":"get-1769526258658-b00wui0zi","territoryIdRaw":"california","territoryIdNormalized":"california","redisKey":"pixel_data:california","wasDisplayId":false}
2026-01-28 00:04:18 [info]: [Pixels] 🔍 GET retrieved {"reqId":"get-1769526258658-b00wui0zi","territoryId":"california","redisKey":"pixel_data:california","hasData":false,"pixelsLength":0,"filledPixels":0,"revision":0,"dataType":"object"}
2026-01-28 00:12:49 [info]: [Pixels] 🔍 GET START {"reqId":"get-1769526769885-rhiesz352","territoryIdRaw":"california","territoryIdNormalized":"california","redisKey":"pixel_data:california","wasDisplayId":false}
2026-01-28 00:12:49 [info]: [Pixels] 🔍 GET retrieved {"reqId":"get-1769526769885-rhiesz352","territoryId":"california","redisKey":"pixel_data:california","hasData":false,"pixelsLength":0,"filledPixels":0,"revision":0,"dataType":"object"}
2026-01-28 00:13:10 [info]: [Pixels] 🔍 POST /tiles START {"reqId":"tiles-1769526790459-dvsykdb3c","territoryIdRaw":"california","contentLength":2905,"tilesCount":4,"bodyKeys":["tiles"],"tilesType":"object","tilesIsArray":true,"tilesSample":{"tileId":"california:3:4","pixels":[{"x":49,"y":64,"color":"#ff6b6b"},{"x":50,"y":64,"color":"#ff6b6b"},{"x":51,"y":64,"color":"#ff6b6b"},{"x":52,"y":64,"color":"#ff6b6b"},{"x":53,"y":64,"color":"#ff6b6b"},{"x":48,"y":65,"color":"#ff6b6b"},{"x":49,"y":65,"color":"#ff6b6b"},{"x":53,"y":65,"color":"#ff6b6b"},{"x":54,"y":65,"color":"#ff6b6b"},{"x":48,"y":66,"color":"#ff6b6b"},{"x":54,"y":66,"color":"#ff6b6b"},{"x":55,"y":66,"color":"#ff6b6b"},{"x":63,"y":66,"color":"#ff6b6b"},{"x":55,"y":67,"color":"#ff6b6b"},{"x":62,"y":67,"color":"#ff6b6b"},{"x":63,"y":67,"color":"#ff6b6b"},{"x":55,"y":68,"color":"#ff6b6b"},{"x":56,"y":68,"color":"#ff6b6b"},{"x":61,"y":68,"color":"#ff6b6b"},{"x":56,"y":69,"color":"#ff6b6b"},{"x":61,"y":69,"color":"#ff6b6b"},{"x":56,"y":70,"color":"#ff6b6b"},{"x":60,"y":70,"color":"#ff6b6b"},{"x":57,"y":71,"color":"#ff6b6b"},{"x":58,"y":71,"color":"#ff6b6b"},{"x":59,"y":71,"color":"#ff6b6b"},{"x":57,"y":72,"color":"#ff6b6b"},{"x":57,"y":73,"color":"#ff6b6b"},{"x":58,"y":73,"color":"#ff6b6b"},{"x":58,"y":74,"color":"#ff6b6b"}],"revision":0}}
2026-01-28 00:13:11 [info]: [Pixels] 🔍 POST /tiles START {"reqId":"tiles-1769526791272-9n9ylpzir","territoryIdRaw":"california","contentLength":2121,"tilesCount":2,"bodyKeys":["tiles"],"tilesType":"object","tilesIsArray":true,"tilesSample":{"tileId":"california:3:4","pixels":[{"x":49,"y":64,"color":"#ff6b6b"},{"x":50,"y":64,"color":"#ff6b6b"},{"x":51,"y":64,"color":"#ff6b6b"},{"x":52,"y":64,"color":"#ff6b6b"},{"x":53,"y":64,"color":"#ff6b6b"},{"x":48,"y":65,"color":"#ff6b6b"},{"x":49,"y":65,"color":"#ff6b6b"},{"x":53,"y":65,"color":"#ff6b6b"},{"x":54,"y":65,"color":"#ff6b6b"},{"x":48,"y":66,"color":"#ff6b6b"},{"x":54,"y":66,"color":"#ff6b6b"},{"x":55,"y":66,"color":"#ff6b6b"},{"x":63,"y":66,"color":"#ff6b6b"},{"x":55,"y":67,"color":"#ff6b6b"},{"x":62,"y":67,"color":"#ff6b6b"},{"x":63,"y":67,"color":"#ff6b6b"},{"x":55,"y":68,"color":"#ff6b6b"},{"x":56,"y":68,"color":"#ff6b6b"},{"x":61,"y":68,"color":"#ff6b6b"},{"x":56,"y":69,"color":"#ff6b6b"},{"x":61,"y":69,"color":"#ff6b6b"},{"x":56,"y":70,"color":"#ff6b6b"},{"x":60,"y":70,"color":"#ff6b6b"},{"x":57,"y":71,"color":"#ff6b6b"},{"x":58,"y":71,"color":"#ff6b6b"},{"x":59,"y":71,"color":"#ff6b6b"},{"x":57,"y":72,"color":"#ff6b6b"},{"x":57,"y":73,"color":"#ff6b6b"},{"x":58,"y":73,"color":"#ff6b6b"},{"x":58,"y":74,"color":"#ff6b6b"}],"revision":1}}
2026-01-28 00:13:11 [info]: [Pixels] 🔍 GET START {"reqId":"get-1769526791921-s56edk4mc","territoryIdRaw":"california","territoryIdNormalized":"california","redisKey":"pixel_data:california","wasDisplayId":false}
2026-01-28 00:13:11 [info]: [Pixels] 🔍 GET START {"reqId":"get-1769526791925-tjl4jrkm9","territoryIdRaw":"california","territoryIdNormalized":"california","redisKey":"pixel_data:california","wasDisplayId":false}
2026-01-28 00:13:11 [info]: [Pixels] 🔍 GET retrieved {"reqId":"get-1769526791921-s56edk4mc","territoryId":"california","redisKey":"pixel_data:california","hasData":false,"pixelsLength":0,"filledPixels":0,"revision":0,"dataType":"object"}
2026-01-28 00:13:11 [info]: [Pixels] 🔍 GET retrieved {"reqId":"get-1769526791925-tjl4jrkm9","territoryId":"california","redisKey":"pixel_data:california","hasData":false,"pixelsLength":0,"filledPixels":0,"revision":0,"dataType":"object"}
2026-01-28 00:13:12 [info]: [Pixels] 🔍 GET START {"reqId":"get-1769526792012-h7gnd04en","territoryIdRaw":"california","territoryIdNormalized":"california","redisKey":"pixel_data:california","wasDisplayId":false}
2026-01-28 00:13:12 [info]: [Pixels] 🔍 GET retrieved {"reqId":"get-1769526792012-h7gnd04en","territoryId":"california","redisKey":"pixel_data:california","hasData":false,"pixelsLength":0,"filledPixels":0,"revision":0,"dataType":"object"}
2026-01-28 00:13:24 [info]: [Pixels] 🔍 GET START {"reqId":"get-1769526804611-vd2xax45l","territoryIdRaw":"california","territoryIdNormalized":"california","redisKey":"pixel_data:california","wasDisplayId":false}
2026-01-28 00:13:24 [info]: [Pixels] 🔍 GET START {"reqId":"get-1769526804615-6azspm7uf","territoryIdRaw":"california","territoryIdNormalized":"california","redisKey":"pixel_data:california","wasDisplayId":false}
2026-01-28 00:13:24 [info]: [Pixels] 🔍 GET retrieved {"reqId":"get-1769526804611-vd2xax45l","territoryId":"california","redisKey":"pixel_data:california","hasData":false,"pixelsLength":0,"filledPixels":0,"revision":0,"dataType":"object"}
2026-01-28 00:13:24 [info]: [Pixels] 🔍 GET retrieved {"reqId":"get-1769526804615-6azspm7uf","territoryId":"california","redisKey":"pixel_data:california","hasData":false,"pixelsLength":0,"filledPixels":0,"revision":0,"dataType":"object"}
2026-01-28 00:13:28 [info]: [Pixels] 🔍 GET START {"reqId":"get-1769526808079-n94pix0tg","territoryIdRaw":"california","territoryIdNormalized":"california","redisKey":"pixel_data:california","wasDisplayId":false}
2026-01-28 00:13:28 [info]: [Pixels] 🔍 GET retrieved {"reqId":"get-1769526808079-n94pix0tg","territoryId":"california","redisKey":"pixel_data:california","hasData":false,"pixelsLength":0,"filledPixels":0,"revision":0,"dataType":"object"}
2026-01-28 00:13:28 [info]: [Pixels] 🔍 GET START {"reqId":"get-1769526808729-qeuaiemrn","territoryIdRaw":"california","territoryIdNormalized":"california","redisKey":"pixel_data:california","wasDisplayId":false}
2026-01-28 00:13:28 [info]: [Pixels] 🔍 GET retrieved {"reqId":"get-1769526808729-qeuaiemrn","territoryId":"california","redisKey":"pixel_data:california","hasData":false,"pixelsLength":0,"filledPixels":0,"revision":0,"dataType":"object"}
2026-01-28 00:26:44 [info]: [Pixels] 🔍 GET START {"reqId":"get-1769527604327-mcfpyuxkf","territoryIdRaw":"california","territoryIdNormalized":"california","redisKey":"pixel_data:california","wasDisplayId":false}
2026-01-28 00:26:44 [info]: [Pixels] 🔍 GET retrieved {"reqId":"get-1769527604327-mcfpyuxkf","territoryId":"california","redisKey":"pixel_data:california","hasData":false,"pixelsLength":0,"filledPixels":0,"revision":0,"dataType":"object"}
2026-01-28 00:27:02 [info]: [Pixels] 🔍 POST /tiles START {"reqId":"tiles-1769527622863-vw4q0fsyd","territoryIdRaw":"california","contentLength":3729,"tilesCount":6,"bodyKeys":["tiles"],"tilesType":"object","tilesIsArray":true,"tilesSample":{"tileId":"california:4:4","pixels":[{"x":70,"y":67,"color":"#ff0000"},{"x":71,"y":67,"color":"#ff0000"},{"x":72,"y":67,"color":"#ff0000"},{"x":73,"y":67,"color":"#ff0000"},{"x":74,"y":67,"color":"#ff0000"},{"x":75,"y":67,"color":"#ff0000"},{"x":77,"y":67,"color":"#ff0000"},{"x":78,"y":67,"color":"#ff0000"},{"x":79,"y":67,"color":"#ff0000"},{"x":69,"y":68,"color":"#ff0000"},{"x":68,"y":69,"color":"#ff0000"},{"x":67,"y":70,"color":"#ff0000"},{"x":68,"y":70,"color":"#ff0000"},{"x":66,"y":71,"color":"#ff0000"},{"x":66,"y":72,"color":"#ff0000"},{"x":64,"y":73,"color":"#ff0000"},{"x":64,"y":74,"color":"#ff0000"},{"x":65,"y":74,"color":"#ff0000"},{"x":65,"y":75,"color":"#ff0000"},{"x":79,"y":78,"color":"#ff0000"},{"x":79,"y":79,"color":"#ff0000"}],"revision":0}}
2026-01-28 00:27:03 [info]: [Pixels] 🔍 POST /tiles START {"reqId":"tiles-1769527623484-8knkmbov1","territoryIdRaw":"california","contentLength":3729,"tilesCount":6,"bodyKeys":["tiles"],"tilesType":"object","tilesIsArray":true,"tilesSample":{"tileId":"california:4:4","pixels":[{"x":70,"y":67,"color":"#ff0000"},{"x":71,"y":67,"color":"#ff0000"},{"x":72,"y":67,"color":"#ff0000"},{"x":73,"y":67,"color":"#ff0000"},{"x":74,"y":67,"color":"#ff0000"},{"x":75,"y":67,"color":"#ff0000"},{"x":77,"y":67,"color":"#ff0000"},{"x":78,"y":67,"color":"#ff0000"},{"x":79,"y":67,"color":"#ff0000"},{"x":69,"y":68,"color":"#ff0000"},{"x":68,"y":69,"color":"#ff0000"},{"x":67,"y":70,"color":"#ff0000"},{"x":68,"y":70,"color":"#ff0000"},{"x":66,"y":71,"color":"#ff0000"},{"x":66,"y":72,"color":"#ff0000"},{"x":64,"y":73,"color":"#ff0000"},{"x":64,"y":74,"color":"#ff0000"},{"x":65,"y":74,"color":"#ff0000"},{"x":65,"y":75,"color":"#ff0000"},{"x":79,"y":78,"color":"#ff0000"},{"x":79,"y":79,"color":"#ff0000"}],"revision":1}}
2026-01-28 00:27:04 [info]: [Pixels] 🔍 GET START {"reqId":"get-1769527624870-ihwq1uht3","territoryIdRaw":"california","territoryIdNormalized":"california","redisKey":"pixel_data:california","wasDisplayId":false}
2026-01-28 00:27:04 [info]: [Pixels] 🔍 GET retrieved {"reqId":"get-1769527624870-ihwq1uht3","territoryId":"california","redisKey":"pixel_data:california","hasData":false,"pixelsLength":0,"filledPixels":0,"revision":0,"dataType":"object"}
2026-01-28 00:27:04 [info]: [Pixels] 🔍 GET START {"reqId":"get-1769527624957-mhlku8jfr","territoryIdRaw":"california","territoryIdNormalized":"california","redisKey":"pixel_data:california","wasDisplayId":false}
2026-01-28 00:27:04 [info]: [Pixels] 🔍 GET retrieved {"reqId":"get-1769527624957-mhlku8jfr","territoryId":"california","redisKey":"pixel_data:california","hasData":false,"pixelsLength":0,"filledPixels":0,"revision":0,"dataType":"object"}
2026-01-28 00:27:05 [info]: [Pixels] 🔍 GET START {"reqId":"get-1769527625047-qdoxx9s4d","territoryIdRaw":"california","territoryIdNormalized":"california","redisKey":"pixel_data:california","wasDisplayId":false}
2026-01-28 00:27:05 [info]: [Pixels] 🔍 GET retrieved {"reqId":"get-1769527625047-qdoxx9s4d","territoryId":"california","redisKey":"pixel_data:california","hasData":false,"pixelsLength":0,"filledPixels":0,"revision":0,"dataType":"object"}
2026-01-28 00:27:16 [info]: [Pixels] 🔍 GET START {"reqId":"get-1769527636119-v73e1xknm","territoryIdRaw":"california","territoryIdNormalized":"california","redisKey":"pixel_data:california","wasDisplayId":false}
2026-01-28 00:27:16 [info]: [Pixels] 🔍 GET retrieved {"reqId":"get-1769527636119-v73e1xknm","territoryId":"california","redisKey":"pixel_data:california","hasData":false,"pixelsLength":0,"filledPixels":0,"revision":0,"dataType":"object"}
2026-01-28 00:27:16 [info]: [Pixels] 🔍 GET START {"reqId":"get-1769527636799-ne19krj8q","territoryIdRaw":"california","territoryIdNormalized":"california","redisKey":"pixel_data:california","wasDisplayId":false}
2026-01-28 00:27:16 [info]: [Pixels] 🔍 GET retrieved {"reqId":"get-1769527636799-ne19krj8q","territoryId":"california","redisKey":"pixel_data:california","hasData":false,"pixelsLength":0,"filledPixels":0,"revision":0,"dataType":"object"}
2026-01-28 00:27:38 [info]: [Pixels] 🔍 POST /tiles START {"reqId":"tiles-1769527658524-0p93eu1qu","territoryIdRaw":"california","contentLength":1784,"tilesCount":4,"bodyKeys":["tiles"],"tilesType":"object","tilesIsArray":true,"tilesSample":{"tileId":"california:4:5","pixels":[{"x":65,"y":88,"color":"#ff0000"},{"x":66,"y":88,"color":"#ff0000"},{"x":67,"y":88,"color":"#ff0000"},{"x":68,"y":88,"color":"#ff0000"},{"x":64,"y":89,"color":"#ff0000"},{"x":65,"y":89,"color":"#ff0000"},{"x":68,"y":89,"color":"#ff0000"},{"x":69,"y":89,"color":"#ff0000"},{"x":64,"y":90,"color":"#ff0000"},{"x":65,"y":90,"color":"#ff0000"},{"x":69,"y":90,"color":"#ff0000"},{"x":64,"y":91,"color":"#ff0000"},{"x":69,"y":91,"color":"#ff0000"},{"x":69,"y":92,"color":"#ff0000"},{"x":68,"y":93,"color":"#ff0000"},{"x":68,"y":94,"color":"#ff0000"},{"x":68,"y":95,"color":"#ff0000"}],"revision":0}}
2026-01-28 00:27:39 [info]: [Pixels] 🔍 POST /tiles START {"reqId":"tiles-1769527659034-l8w4i8w25","territoryIdRaw":"california","contentLength":1784,"tilesCount":4,"bodyKeys":["tiles"],"tilesType":"object","tilesIsArray":true,"tilesSample":{"tileId":"california:4:5","pixels":[{"x":65,"y":88,"color":"#ff0000"},{"x":66,"y":88,"color":"#ff0000"},{"x":67,"y":88,"color":"#ff0000"},{"x":68,"y":88,"color":"#ff0000"},{"x":64,"y":89,"color":"#ff0000"},{"x":65,"y":89,"color":"#ff0000"},{"x":68,"y":89,"color":"#ff0000"},{"x":69,"y":89,"color":"#ff0000"},{"x":64,"y":90,"color":"#ff0000"},{"x":65,"y":90,"color":"#ff0000"},{"x":69,"y":90,"color":"#ff0000"},{"x":64,"y":91,"color":"#ff0000"},{"x":69,"y":91,"color":"#ff0000"},{"x":69,"y":92,"color":"#ff0000"},{"x":68,"y":93,"color":"#ff0000"},{"x":68,"y":94,"color":"#ff0000"},{"x":68,"y":95,"color":"#ff0000"}],"revision":1}}
2026-01-28 00:27:40 [info]: [Pixels] 🔍 GET START {"reqId":"get-1769527660013-361k7d91b","territoryIdRaw":"california","territoryIdNormalized":"california","redisKey":"pixel_data:california","wasDisplayId":false}
2026-01-28 00:27:40 [info]: [Pixels] 🔍 GET START {"reqId":"get-1769527660051-8a8a2sq5j","territoryIdRaw":"california","territoryIdNormalized":"california","redisKey":"pixel_data:california","wasDisplayId":false}
2026-01-28 00:27:40 [info]: [Pixels] 🔍 GET retrieved {"reqId":"get-1769527660013-361k7d91b","territoryId":"california","redisKey":"pixel_data:california","hasData":false,"pixelsLength":0,"filledPixels":0,"revision":0,"dataType":"object"}
2026-01-28 00:27:40 [info]: [Pixels] 🔍 GET retrieved {"reqId":"get-1769527660051-8a8a2sq5j","territoryId":"california","redisKey":"pixel_data:california","hasData":false,"pixelsLength":0,"filledPixels":0,"revision":0,"dataType":"object"}
2026-01-28 00:27:40 [info]: [Pixels] 🔍 GET START {"reqId":"get-1769527660135-4zh5raasw","territoryIdRaw":"california","territoryIdNormalized":"california","redisKey":"pixel_data:california","wasDisplayId":false}
2026-01-28 00:27:40 [info]: [Pixels] 🔍 GET retrieved {"reqId":"get-1769527660135-4zh5raasw","territoryId":"california","redisKey":"pixel_data:california","hasData":false,"pixelsLength":0,"filledPixels":0,"revision":0,"dataType":"object"}
2026-01-28 00:27:44 [info]: [Pixels] 🔍 GET START {"reqId":"get-1769527664907-47tyc9hwz","territoryIdRaw":"california","territoryIdNormalized":"california","redisKey":"pixel_data:california","wasDisplayId":false}
2026-01-28 00:27:44 [info]: [Pixels] 🔍 GET retrieved {"reqId":"get-1769527664907-47tyc9hwz","territoryId":"california","redisKey":"pixel_data:california","hasData":false,"pixelsLength":0,"filledPixels":0,"revision":0,"dataType":"object"}
2026-01-28 00:27:45 [info]: [Pixels] 🔍 GET START {"reqId":"get-1769527665579-zd9obrvdr","territoryIdRaw":"california","territoryIdNormalized":"california","redisKey":"pixel_data:california","wasDisplayId":false}
2026-01-28 00:27:45 [info]: [Pixels] 🔍 GET retrieved {"reqId":"get-1769527665579-zd9obrvdr","territoryId":"california","redisKey":"pixel_data:california","hasData":false,"pixelsLength":0,"filledPixels":0,"revision":0,"dataType":"object"}
2026-01-28 00:29:08 [info]: [Pixels] 🔍 GET START {"reqId":"get-1769527748781-3accdg394","territoryIdRaw":"california","territoryIdNormalized":"california","redisKey":"pixel_data:california","wasDisplayId":false}
2026-01-28 00:29:08 [info]: [Pixels] 🔍 GET retrieved {"reqId":"get-1769527748781-3accdg394","territoryId":"california","redisKey":"pixel_data:california","hasData":false,"pixelsLength":0,"filledPixels":0,"revision":0,"dataType":"object"}
2026-01-28 00:29:22 [info]: [Pixels] 🔍 POST /tiles START {"reqId":"tiles-1769527762913-7slkxjkiy","territoryIdRaw":"california","contentLength":2674,"tilesCount":4,"bodyKeys":["tiles"],"tilesType":"object","tilesIsArray":true,"tilesSample":{"tileId":"california:5:5","pixels":[{"x":80,"y":83,"color":"#4ecdc4"},{"x":89,"y":83,"color":"#4ecdc4"},{"x":90,"y":83,"color":"#4ecdc4"},{"x":80,"y":84,"color":"#4ecdc4"},{"x":81,"y":84,"color":"#4ecdc4"},{"x":88,"y":84,"color":"#4ecdc4"},{"x":91,"y":84,"color":"#4ecdc4"},{"x":81,"y":85,"color":"#4ecdc4"},{"x":87,"y":85,"color":"#4ecdc4"},{"x":91,"y":85,"color":"#4ecdc4"},{"x":92,"y":85,"color":"#4ecdc4"},{"x":81,"y":86,"color":"#4ecdc4"},{"x":86,"y":86,"color":"#4ecdc4"},{"x":92,"y":86,"color":"#4ecdc4"},{"x":82,"y":87,"color":"#4ecdc4"},{"x":86,"y":87,"color":"#4ecdc4"},{"x":82,"y":88,"color":"#4ecdc4"},{"x":85,"y":88,"color":"#4ecdc4"},{"x":86,"y":88,"color":"#4ecdc4"},{"x":92,"y":88,"color":"#4ecdc4"},{"x":83,"y":89,"color":"#4ecdc4"},{"x":84,"y":89,"color":"#4ecdc4"},{"x":92,"y":89,"color":"#4ecdc4"},{"x":83,"y":90,"color":"#4ecdc4"},{"x":92,"y":90,"color":"#4ecdc4"},{"x":91,"y":94,"color":"#4ecdc4"},{"x":90,"y":95,"color":"#4ecdc4"}],"revision":0}}
2026-01-28 00:29:23 [info]: [Pixels] 🔍 POST /tiles START {"reqId":"tiles-1769527763435-mgqd3hf0m","territoryIdRaw":"california","contentLength":2674,"tilesCount":4,"bodyKeys":["tiles"],"tilesType":"object","tilesIsArray":true,"tilesSample":{"tileId":"california:5:5","pixels":[{"x":80,"y":83,"color":"#4ecdc4"},{"x":89,"y":83,"color":"#4ecdc4"},{"x":90,"y":83,"color":"#4ecdc4"},{"x":80,"y":84,"color":"#4ecdc4"},{"x":81,"y":84,"color":"#4ecdc4"},{"x":88,"y":84,"color":"#4ecdc4"},{"x":91,"y":84,"color":"#4ecdc4"},{"x":81,"y":85,"color":"#4ecdc4"},{"x":87,"y":85,"color":"#4ecdc4"},{"x":91,"y":85,"color":"#4ecdc4"},{"x":92,"y":85,"color":"#4ecdc4"},{"x":81,"y":86,"color":"#4ecdc4"},{"x":86,"y":86,"color":"#4ecdc4"},{"x":92,"y":86,"color":"#4ecdc4"},{"x":82,"y":87,"color":"#4ecdc4"},{"x":86,"y":87,"color":"#4ecdc4"},{"x":82,"y":88,"color":"#4ecdc4"},{"x":85,"y":88,"color":"#4ecdc4"},{"x":86,"y":88,"color":"#4ecdc4"},{"x":92,"y":88,"color":"#4ecdc4"},{"x":83,"y":89,"color":"#4ecdc4"},{"x":84,"y":89,"color":"#4ecdc4"},{"x":92,"y":89,"color":"#4ecdc4"},{"x":83,"y":90,"color":"#4ecdc4"},{"x":92,"y":90,"color":"#4ecdc4"},{"x":91,"y":94,"color":"#4ecdc4"},{"x":90,"y":95,"color":"#4ecdc4"}],"revision":1}}
2026-01-28 00:29:24 [info]: [Pixels] 🔍 GET START {"reqId":"get-1769527764495-5a8ll5ybn","territoryIdRaw":"california","territoryIdNormalized":"california","redisKey":"pixel_data:california","wasDisplayId":false}
2026-01-28 00:29:24 [info]: [Pixels] 🔍 GET retrieved {"reqId":"get-1769527764495-5a8ll5ybn","territoryId":"california","redisKey":"pixel_data:california","hasData":false,"pixelsLength":0,"filledPixels":0,"revision":0,"dataType":"object"}
2026-01-28 00:29:24 [info]: [Pixels] 🔍 GET START {"reqId":"get-1769527764584-qgzomab8x","territoryIdRaw":"california","territoryIdNormalized":"california","redisKey":"pixel_data:california","wasDisplayId":false}
2026-01-28 00:29:24 [info]: [Pixels] 🔍 GET retrieved {"reqId":"get-1769527764584-qgzomab8x","territoryId":"california","redisKey":"pixel_data:california","hasData":false,"pixelsLength":0,"filledPixels":0,"revision":0,"dataType":"object"}
2026-01-28 00:29:24 [info]: [Pixels] 🔍 GET START {"reqId":"get-1769527764661-q47gjw8gm","territoryIdRaw":"california","territoryIdNormalized":"california","redisKey":"pixel_data:california","wasDisplayId":false}
2026-01-28 00:29:24 [info]: [Pixels] 🔍 GET retrieved {"reqId":"get-1769527764661-q47gjw8gm","territoryId":"california","redisKey":"pixel_data:california","hasData":false,"pixelsLength":0,"filledPixels":0,"revision":0,"dataType":"object"}
2026-01-28 00:29:34 [info]: [Pixels] 🔍 GET START {"reqId":"get-1769527774303-z2qm6go1z","territoryIdRaw":"california","territoryIdNormalized":"california","redisKey":"pixel_data:california","wasDisplayId":false}
2026-01-28 00:29:34 [info]: [Pixels] 🔍 GET retrieved {"reqId":"get-1769527774303-z2qm6go1z","territoryId":"california","redisKey":"pixel_data:california","hasData":false,"pixelsLength":0,"filledPixels":0,"revision":0,"dataType":"object"}
2026-01-28 00:29:34 [info]: [Pixels] 🔍 GET START {"reqId":"get-1769527774922-dnrz2k19v","territoryIdRaw":"california","territoryIdNormalized":"california","redisKey":"pixel_data:california","wasDisplayId":false}
2026-01-28 00:29:34 [info]: [Pixels] 🔍 GET retrieved {"reqId":"get-1769527774922-dnrz2k19v","territoryId":"california","redisKey":"pixel_data:california","hasData":false,"pixelsLength":0,"filledPixels":0,"revision":0,"dataType":"object"}
2026-01-28 00:35:02 [info]: [Pixels] 🔍 GET START {"reqId":"get-1769528102286-x8j5hu648","territoryIdRaw":"california","territoryIdNormalized":"california","redisKey":"pixel_data:california","wasDisplayId":false}
2026-01-28 00:35:02 [info]: [Pixels] 🔍 GET retrieved {"reqId":"get-1769528102286-x8j5hu648","territoryId":"california","redisKey":"pixel_data:california","hasData":false,"pixelsLength":0,"filledPixels":0,"revision":0,"dataType":"object"}
2026-01-28 00:35:21 [info]: [Pixels] 🔍 POST /tiles START {"reqId":"tiles-1769528121259-sdvudd6ox","territoryIdRaw":"california","contentLength":3162,"tilesCount":5,"bodyKeys":["tiles"],"tilesType":"object","tilesIsArray":true,"tilesSample":{"tileId":"california:4:5","pixels":[{"x":65,"y":80,"color":"#ff0000"},{"x":68,"y":80,"color":"#ff0000"},{"x":65,"y":81,"color":"#ff0000"},{"x":67,"y":81,"color":"#ff0000"},{"x":65,"y":82,"color":"#ff0000"},{"x":66,"y":82,"color":"#ff0000"},{"x":65,"y":83,"color":"#ff0000"},{"x":79,"y":88,"color":"#ff0000"},{"x":79,"y":89,"color":"#ff0000"},{"x":77,"y":90,"color":"#ff0000"},{"x":78,"y":90,"color":"#ff0000"},{"x":77,"y":91,"color":"#ff0000"},{"x":76,"y":92,"color":"#ff0000"},{"x":76,"y":93,"color":"#ff0000"},{"x":75,"y":94,"color":"#ff0000"},{"x":74,"y":95,"color":"#ff0000"},{"x":75,"y":95,"color":"#ff0000"}],"revision":0}}
2026-01-28 00:35:21 [info]: [Pixels] 🔍 POST /tiles START {"reqId":"tiles-1769528121851-1mvtiaq7j","territoryIdRaw":"california","contentLength":3162,"tilesCount":5,"bodyKeys":["tiles"],"tilesType":"object","tilesIsArray":true,"tilesSample":{"tileId":"california:4:5","pixels":[{"x":65,"y":80,"color":"#ff0000"},{"x":68,"y":80,"color":"#ff0000"},{"x":65,"y":81,"color":"#ff0000"},{"x":67,"y":81,"color":"#ff0000"},{"x":65,"y":82,"color":"#ff0000"},{"x":66,"y":82,"color":"#ff0000"},{"x":65,"y":83,"color":"#ff0000"},{"x":79,"y":88,"color":"#ff0000"},{"x":79,"y":89,"color":"#ff0000"},{"x":77,"y":90,"color":"#ff0000"},{"x":78,"y":90,"color":"#ff0000"},{"x":77,"y":91,"color":"#ff0000"},{"x":76,"y":92,"color":"#ff0000"},{"x":76,"y":93,"color":"#ff0000"},{"x":75,"y":94,"color":"#ff0000"},{"x":74,"y":95,"color":"#ff0000"},{"x":75,"y":95,"color":"#ff0000"}],"revision":3}}
2026-01-28 00:35:23 [info]: [Pixels] 🔍 GET START {"reqId":"get-1769528123039-flfazhrib","territoryIdRaw":"california","territoryIdNormalized":"california","redisKey":"pixel_data:california","wasDisplayId":false}
2026-01-28 00:35:23 [info]: [Pixels] 🔍 GET START {"reqId":"get-1769528123048-b9yxnrot8","territoryIdRaw":"california","territoryIdNormalized":"california","redisKey":"pixel_data:california","wasDisplayId":false}
2026-01-28 00:35:23 [info]: [Pixels] 🔍 GET retrieved {"reqId":"get-1769528123039-flfazhrib","territoryId":"california","redisKey":"pixel_data:california","hasData":false,"pixelsLength":0,"filledPixels":0,"revision":0,"dataType":"object"}
2026-01-28 00:35:23 [info]: [Pixels] 🔍 GET retrieved {"reqId":"get-1769528123048-b9yxnrot8","territoryId":"california","redisKey":"pixel_data:california","hasData":false,"pixelsLength":0,"filledPixels":0,"revision":0,"dataType":"object"}
2026-01-28 00:35:23 [info]: [Pixels] 🔍 GET START {"reqId":"get-1769528123744-0y9ujj0lx","territoryIdRaw":"california","territoryIdNormalized":"california","redisKey":"pixel_data:california","wasDisplayId":false}
2026-01-28 00:35:23 [info]: [Pixels] 🔍 GET retrieved {"reqId":"get-1769528123744-0y9ujj0lx","territoryId":"california","redisKey":"pixel_data:california","hasData":false,"pixelsLength":0,"filledPixels":0,"revision":0,"dataType":"object"}
2026-01-28 00:35:28 [info]: [Pixels] 🔍 GET START {"reqId":"get-1769528128008-h7bxj1uhu","territoryIdRaw":"california","territoryIdNormalized":"california","redisKey":"pixel_data:california","wasDisplayId":false}
2026-01-28 00:35:28 [info]: [Pixels] 🔍 GET retrieved {"reqId":"get-1769528128008-h7bxj1uhu","territoryId":"california","redisKey":"pixel_data:california","hasData":false,"pixelsLength":0,"filledPixels":0,"revision":0,"dataType":"object"}
2026-01-28 00:35:28 [info]: [Pixels] 🔍 GET START {"reqId":"get-1769528128681-op8262sp1","territoryIdRaw":"california","territoryIdNormalized":"california","redisKey":"pixel_data:california","wasDisplayId":false}
2026-01-28 00:35:28 [info]: [Pixels] 🔍 GET retrieved {"reqId":"get-1769528128681-op8262sp1","territoryId":"california","redisKey":"pixel_data:california","hasData":false,"pixelsLength":0,"filledPixels":0,"revision":0,"dataType":"object"}
2026-01-28 00:38:59 [info]: [Pixels] 🔍 GET START {"reqId":"get-1769528339853-bj30fxth7","territoryIdRaw":"california","territoryIdNormalized":"california","redisKey":"pixel_data:california","wasDisplayId":false}
2026-01-28 00:38:59 [info]: [Pixels] 🔍 GET retrieved {"reqId":"get-1769528339853-bj30fxth7","territoryId":"california","redisKey":"pixel_data:california","hasData":false,"pixelsLength":0,"filledPixels":0,"revision":0,"dataType":"object"}
2026-01-28 00:40:18 [info]: [Pixels] 🔍 GET START {"reqId":"get-1769528418768-mnhcvyppt","territoryIdRaw":"california","territoryIdNormalized":"california","redisKey":"pixel_data:california","wasDisplayId":false}
2026-01-28 00:40:18 [info]: [Pixels] 🔍 GET retrieved {"reqId":"get-1769528418768-mnhcvyppt","territoryId":"california","redisKey":"pixel_data:california","hasData":false,"pixelsLength":0,"filledPixels":0,"revision":0,"dataType":"object"}
2026-01-28 00:40:34 [info]: [Pixels] 🔍 POST /tiles START {"reqId":"tiles-1769528434760-cpt1isxfc","territoryIdRaw":"california","contentLength":4205,"tilesCount":4,"bodyKeys":["tiles"],"tilesType":"object","tilesIsArray":true,"tilesSample":{"tileId":"california:5:5","pixels":[{"x":90,"y":85,"color":"#ff0000"},{"x":91,"y":85,"color":"#ff0000"},{"x":80,"y":86,"color":"#ff0000"},{"x":87,"y":86,"color":"#ff0000"},{"x":88,"y":86,"color":"#ff0000"},{"x":89,"y":86,"color":"#ff0000"},{"x":90,"y":86,"color":"#ff0000"},{"x":91,"y":86,"color":"#ff0000"},{"x":80,"y":87,"color":"#ff0000"},{"x":86,"y":87,"color":"#ff0000"},{"x":87,"y":87,"color":"#ff0000"},{"x":91,"y":87,"color":"#ff0000"},{"x":80,"y":88,"color":"#ff0000"},{"x":84,"y":88,"color":"#ff0000"},{"x":85,"y":88,"color":"#ff0000"},{"x":92,"y":88,"color":"#ff0000"},{"x":80,"y":89,"color":"#ff0000"},{"x":83,"y":89,"color":"#ff0000"},{"x":84,"y":89,"color":"#ff0000"},{"x":92,"y":89,"color":"#ff0000"},{"x":80,"y":90,"color":"#ff0000"},{"x":82,"y":90,"color":"#ff0000"},{"x":83,"y":90,"color":"#ff0000"},{"x":93,"y":90,"color":"#ff0000"},{"x":80,"y":91,"color":"#ff0000"},{"x":82,"y":91,"color":"#ff0000"},{"x":93,"y":91,"color":"#ff0000"},{"x":80,"y":92,"color":"#ff0000"},{"x":81,"y":92,"color":"#ff0000"},{"x":82,"y":92,"color":"#ff0000"},{"x":93,"y":92,"color":"#ff0000"},{"x":80,"y":93,"color":"#ff0000"},{"x":81,"y":93,"color":"#ff0000"},{"x":93,"y":93,"color":"#ff0000"},{"x":80,"y":94,"color":"#ff0000"},{"x":81,"y":94,"color":"#ff0000"},{"x":93,"y":94,"color":"#ff0000"},{"x":80,"y":95,"color":"#ff0000"},{"x":93,"y":95,"color":"#ff0000"}],"revision":0}}
2026-01-28 00:40:35 [info]: [Pixels] 🔍 POST /tiles START {"reqId":"tiles-1769528435277-7ght874kt","territoryIdRaw":"california","contentLength":4205,"tilesCount":4,"bodyKeys":["tiles"],"tilesType":"object","tilesIsArray":true,"tilesSample":{"tileId":"california:5:5","pixels":[{"x":90,"y":85,"color":"#ff0000"},{"x":91,"y":85,"color":"#ff0000"},{"x":80,"y":86,"color":"#ff0000"},{"x":87,"y":86,"color":"#ff0000"},{"x":88,"y":86,"color":"#ff0000"},{"x":89,"y":86,"color":"#ff0000"},{"x":90,"y":86,"color":"#ff0000"},{"x":91,"y":86,"color":"#ff0000"},{"x":80,"y":87,"color":"#ff0000"},{"x":86,"y":87,"color":"#ff0000"},{"x":87,"y":87,"color":"#ff0000"},{"x":91,"y":87,"color":"#ff0000"},{"x":80,"y":88,"color":"#ff0000"},{"x":84,"y":88,"color":"#ff0000"},{"x":85,"y":88,"color":"#ff0000"},{"x":92,"y":88,"color":"#ff0000"},{"x":80,"y":89,"color":"#ff0000"},{"x":83,"y":89,"color":"#ff0000"},{"x":84,"y":89,"color":"#ff0000"},{"x":92,"y":89,"color":"#ff0000"},{"x":80,"y":90,"color":"#ff0000"},{"x":82,"y":90,"color":"#ff0000"},{"x":83,"y":90,"color":"#ff0000"},{"x":93,"y":90,"color":"#ff0000"},{"x":80,"y":91,"color":"#ff0000"},{"x":82,"y":91,"color":"#ff0000"},{"x":93,"y":91,"color":"#ff0000"},{"x":80,"y":92,"color":"#ff0000"},{"x":81,"y":92,"color":"#ff0000"},{"x":82,"y":92,"color":"#ff0000"},{"x":93,"y":92,"color":"#ff0000"},{"x":80,"y":93,"color":"#ff0000"},{"x":81,"y":93,"color":"#ff0000"},{"x":93,"y":93,"color":"#ff0000"},{"x":80,"y":94,"color":"#ff0000"},{"x":81,"y":94,"color":"#ff0000"},{"x":93,"y":94,"color":"#ff0000"},{"x":80,"y":95,"color":"#ff0000"},{"x":93,"y":95,"color":"#ff0000"}],"revision":3}}
2026-01-28 00:40:36 [info]: [Pixels] 🔍 GET START {"reqId":"get-1769528436310-ziwiiw0af","territoryIdRaw":"california","territoryIdNormalized":"california","redisKey":"pixel_data:california","wasDisplayId":false}
2026-01-28 00:40:36 [info]: [Pixels] 🔍 GET retrieved {"reqId":"get-1769528436310-ziwiiw0af","territoryId":"california","redisKey":"pixel_data:california","hasData":false,"pixelsLength":0,"filledPixels":0,"revision":0,"dataType":"object"}
2026-01-28 00:40:36 [info]: [Pixels] 🔍 GET START {"reqId":"get-1769528436396-zre7v5k83","territoryIdRaw":"california","territoryIdNormalized":"california","redisKey":"pixel_data:california","wasDisplayId":false}
2026-01-28 00:40:36 [info]: [Pixels] 🔍 GET retrieved {"reqId":"get-1769528436396-zre7v5k83","territoryId":"california","redisKey":"pixel_data:california","hasData":false,"pixelsLength":0,"filledPixels":0,"revision":0,"dataType":"object"}
2026-01-28 00:40:36 [info]: [Pixels] 🔍 GET START {"reqId":"get-1769528436481-770s23m2f","territoryIdRaw":"california","territoryIdNormalized":"california","redisKey":"pixel_data:california","wasDisplayId":false}
2026-01-28 00:40:36 [info]: [Pixels] 🔍 GET retrieved {"reqId":"get-1769528436481-770s23m2f","territoryId":"california","redisKey":"pixel_data:california","hasData":false,"pixelsLength":0,"filledPixels":0,"revision":0,"dataType":"object"}
2026-01-28 00:40:42 [info]: [Pixels] 🔍 GET START {"reqId":"get-1769528442612-56bax8779","territoryIdRaw":"california","territoryIdNormalized":"california","redisKey":"pixel_data:california","wasDisplayId":false}
2026-01-28 00:40:42 [info]: [Pixels] 🔍 GET retrieved {"reqId":"get-1769528442612-56bax8779","territoryId":"california","redisKey":"pixel_data:california","hasData":false,"pixelsLength":0,"filledPixels":0,"revision":0,"dataType":"object"}
2026-01-28 00:40:43 [info]: [Pixels] 🔍 GET START {"reqId":"get-1769528443707-wvlppdl7l","territoryIdRaw":"california","territoryIdNormalized":"california","redisKey":"pixel_data:california","wasDisplayId":false}
2026-01-28 00:40:43 [info]: [Pixels] 🔍 GET retrieved {"reqId":"get-1769528443707-wvlppdl7l","territoryId":"california","redisKey":"pixel_data:california","hasData":false,"pixelsLength":0,"filledPixels":0,"revision":0,"dataType":"object"}
2026-01-28 00:48:48 [info]: [Pixels] 🔍 GET START {"reqId":"get-1769528928074-edon8xiqf","territoryIdRaw":"california","territoryIdNormalized":"california","redisKey":"pixel_data:california","wasDisplayId":false}
2026-01-28 00:48:48 [info]: [Pixels] 🔍 GET retrieved {"reqId":"get-1769528928074-edon8xiqf","territoryId":"california","redisKey":"pixel_data:california","hasData":false,"pixelsLength":0,"filledPixels":0,"revision":0,"dataType":"object"}
2026-01-28 00:49:01 [info]: [Pixels] 🔍 POST /tiles START {"reqId":"tiles-1769528941844-2bqzqrtzq","territoryIdRaw":"california","contentLength":2775,"tilesCount":4,"bodyKeys":["tiles"],"tilesType":"object","tilesIsArray":true,"tilesSample":{"tileId":"california:4:5","pixels":[{"x":64,"y":81,"color":"#4ecdc4"},{"x":65,"y":81,"color":"#4ecdc4"},{"x":66,"y":81,"color":"#4ecdc4"},{"x":66,"y":82,"color":"#4ecdc4"},{"x":67,"y":82,"color":"#4ecdc4"},{"x":68,"y":83,"color":"#4ecdc4"},{"x":69,"y":83,"color":"#4ecdc4"},{"x":69,"y":84,"color":"#4ecdc4"},{"x":69,"y":85,"color":"#4ecdc4"},{"x":70,"y":85,"color":"#4ecdc4"},{"x":70,"y":86,"color":"#4ecdc4"},{"x":79,"y":86,"color":"#4ecdc4"},{"x":71,"y":87,"color":"#4ecdc4"},{"x":77,"y":87,"color":"#4ecdc4"},{"x":78,"y":87,"color":"#4ecdc4"},{"x":79,"y":87,"color":"#4ecdc4"},{"x":71,"y":88,"color":"#4ecdc4"},{"x":75,"y":88,"color":"#4ecdc4"},{"x":76,"y":88,"color":"#4ecdc4"},{"x":71,"y":89,"color":"#4ecdc4"},{"x":72,"y":89,"color":"#4ecdc4"},{"x":74,"y":89,"color":"#4ecdc4"},{"x":72,"y":90,"color":"#4ecdc4"},{"x":71,"y":91,"color":"#4ecdc4"},{"x":72,"y":91,"color":"#4ecdc4"},{"x":64,"y":92,"color":"#4ecdc4"},{"x":70,"y":92,"color":"#4ecdc4"},{"x":73,"y":92,"color":"#4ecdc4"},{"x":64,"y":93,"color":"#4ecdc4"},{"x":65,"y":93,"color":"#4ecdc4"},{"x":66,"y":93,"color":"#4ecdc4"},{"x":70,"y":93,"color":"#4ecdc4"},{"x":73,"y":93,"color":"#4ecdc4"},{"x":66,"y":94,"color":"#4ecdc4"},{"x":67,"y":94,"color":"#4ecdc4"},{"x":69,"y":94,"color":"#4ecdc4"},{"x":70,"y":94,"color":"#4ecdc4"},{"x":73,"y":94,"color":"#4ecdc4"},{"x":68,"y":95,"color":"#4ecdc4"},{"x":73,"y":95,"color":"#4ecdc4"}],"revision":0}}
2026-01-28 00:49:02 [info]: [Pixels] 🔍 POST /tiles START {"reqId":"tiles-1769528942357-vkogu1bqv","territoryIdRaw":"california","contentLength":2775,"tilesCount":4,"bodyKeys":["tiles"],"tilesType":"object","tilesIsArray":true,"tilesSample":{"tileId":"california:4:5","pixels":[{"x":64,"y":81,"color":"#4ecdc4"},{"x":65,"y":81,"color":"#4ecdc4"},{"x":66,"y":81,"color":"#4ecdc4"},{"x":66,"y":82,"color":"#4ecdc4"},{"x":67,"y":82,"color":"#4ecdc4"},{"x":68,"y":83,"color":"#4ecdc4"},{"x":69,"y":83,"color":"#4ecdc4"},{"x":69,"y":84,"color":"#4ecdc4"},{"x":69,"y":85,"color":"#4ecdc4"},{"x":70,"y":85,"color":"#4ecdc4"},{"x":70,"y":86,"color":"#4ecdc4"},{"x":79,"y":86,"color":"#4ecdc4"},{"x":71,"y":87,"color":"#4ecdc4"},{"x":77,"y":87,"color":"#4ecdc4"},{"x":78,"y":87,"color":"#4ecdc4"},{"x":79,"y":87,"color":"#4ecdc4"},{"x":71,"y":88,"color":"#4ecdc4"},{"x":75,"y":88,"color":"#4ecdc4"},{"x":76,"y":88,"color":"#4ecdc4"},{"x":71,"y":89,"color":"#4ecdc4"},{"x":72,"y":89,"color":"#4ecdc4"},{"x":74,"y":89,"color":"#4ecdc4"},{"x":72,"y":90,"color":"#4ecdc4"},{"x":71,"y":91,"color":"#4ecdc4"},{"x":72,"y":91,"color":"#4ecdc4"},{"x":64,"y":92,"color":"#4ecdc4"},{"x":70,"y":92,"color":"#4ecdc4"},{"x":73,"y":92,"color":"#4ecdc4"},{"x":64,"y":93,"color":"#4ecdc4"},{"x":65,"y":93,"color":"#4ecdc4"},{"x":66,"y":93,"color":"#4ecdc4"},{"x":70,"y":93,"color":"#4ecdc4"},{"x":73,"y":93,"color":"#4ecdc4"},{"x":66,"y":94,"color":"#4ecdc4"},{"x":67,"y":94,"color":"#4ecdc4"},{"x":69,"y":94,"color":"#4ecdc4"},{"x":70,"y":94,"color":"#4ecdc4"},{"x":73,"y":94,"color":"#4ecdc4"},{"x":68,"y":95,"color":"#4ecdc4"},{"x":73,"y":95,"color":"#4ecdc4"}],"revision":6}}
2026-01-28 00:49:03 [info]: [Pixels] 🔍 GET START {"reqId":"get-1769528943352-coy42dxlg","territoryIdRaw":"california","territoryIdNormalized":"california","redisKey":"pixel_data:california","wasDisplayId":false}
2026-01-28 00:49:03 [info]: [Pixels] 🔍 GET START {"reqId":"get-1769528943356-8gv9ppnxw","territoryIdRaw":"california","territoryIdNormalized":"california","redisKey":"pixel_data:california","wasDisplayId":false}
2026-01-28 00:49:03 [info]: [Pixels] 🔍 GET retrieved {"reqId":"get-1769528943352-coy42dxlg","territoryId":"california","redisKey":"pixel_data:california","hasData":false,"pixelsLength":0,"filledPixels":0,"revision":0,"dataType":"object"}
2026-01-28 00:49:03 [info]: [Pixels] 🔍 GET retrieved {"reqId":"get-1769528943356-8gv9ppnxw","territoryId":"california","redisKey":"pixel_data:california","hasData":false,"pixelsLength":0,"filledPixels":0,"revision":0,"dataType":"object"}
2026-01-28 00:49:03 [info]: [Pixels] 🔍 GET START {"reqId":"get-1769528943435-sniq44lr4","territoryIdRaw":"california","territoryIdNormalized":"california","redisKey":"pixel_data:california","wasDisplayId":false}
2026-01-28 00:49:03 [info]: [Pixels] 🔍 GET retrieved {"reqId":"get-1769528943435-sniq44lr4","territoryId":"california","redisKey":"pixel_data:california","hasData":false,"pixelsLength":0,"filledPixels":0,"revision":0,"dataType":"object"}
2026-01-28 00:49:08 [info]: [Pixels] 🔍 GET START {"reqId":"get-1769528948274-h93nsiy8g","territoryIdRaw":"california","territoryIdNormalized":"california","redisKey":"pixel_data:california","wasDisplayId":false}
2026-01-28 00:49:08 [info]: [Pixels] 🔍 GET retrieved {"reqId":"get-1769528948274-h93nsiy8g","territoryId":"california","redisKey":"pixel_data:california","hasData":false,"pixelsLength":0,"filledPixels":0,"revision":0,"dataType":"object"}
2026-01-28 00:49:09 [info]: [Pixels] 🔍 GET START {"reqId":"get-1769528949260-vi9nuta0c","territoryIdRaw":"california","territoryIdNormalized":"california","redisKey":"pixel_data:california","wasDisplayId":false}
2026-01-28 00:49:09 [info]: [Pixels] 🔍 GET retrieved {"reqId":"get-1769528949260-vi9nuta0c","territoryId":"california","redisKey":"pixel_data:california","hasData":false,"pixelsLength":0,"filledPixels":0,"revision":0,"dataType":"object"}
2026-01-28 00:49:35 [info]: ✅ Database connected
2026-01-28 00:49:35 [info]: 🔄 Running database migrations...
2026-01-28 00:49:35 [info]: ✅ Migrations completed
2026-01-28 00:49:35 [info]: 🔍 Validating database schema...
2026-01-28 00:49:35 [info]: ✅ Schema validation passed
2026-01-28 00:50:23 [info]: ✅ Database connected
2026-01-28 00:50:23 [info]: 🔄 Running database migrations...
2026-01-28 00:50:23 [info]: ✅ Migrations completed
2026-01-28 00:50:23 [info]: 🔍 Validating database schema...
2026-01-28 00:50:23 [info]: ✅ Schema validation passed
2026-01-28 00:50:33 [info]: ✅ Database connected
2026-01-28 00:50:33 [info]: 🔄 Running database migrations...
2026-01-28 00:50:33 [info]: ✅ Migrations completed
2026-01-28 00:50:33 [info]: 🔍 Validating database schema...
2026-01-28 00:50:33 [info]: ✅ Schema validation passed
2026-01-28 01:00:24 [info]: [Pixels] 🔍 GET START {"reqId":"get-1769529624224-ga66em8fx","territoryIdRaw":"california","territoryIdNormalized":"california","redisKey":"pixel_data:california","wasDisplayId":false}
2026-01-28 01:00:24 [info]: [Pixels] 🔍 GET retrieved {"reqId":"get-1769529624224-ga66em8fx","territoryId":"california","redisKey":"pixel_data:california","hasData":false,"pixelsLength":0,"filledPixels":0,"revision":0,"dataType":"object"}
2026-01-28 01:01:07 [info]: [Pixels] 🔍 POST /tiles START {"reqId":"tiles-1769529667692-z51w1nqvn","territoryIdRaw":"california","contentLength":2582,"tilesCount":4,"bodyKeys":["tiles"],"tilesType":"object","tilesIsArray":true,"tilesSample":{"tileId":"california:5:5","pixels":[{"x":86,"y":86,"color":"#ff0000"},{"x":87,"y":86,"color":"#ff0000"},{"x":88,"y":86,"color":"#ff0000"},{"x":89,"y":86,"color":"#ff0000"},{"x":85,"y":87,"color":"#ff0000"},{"x":86,"y":87,"color":"#ff0000"},{"x":89,"y":87,"color":"#ff0000"},{"x":80,"y":88,"color":"#ff0000"},{"x":84,"y":88,"color":"#ff0000"},{"x":85,"y":88,"color":"#ff0000"},{"x":90,"y":88,"color":"#ff0000"},{"x":80,"y":89,"color":"#ff0000"},{"x":83,"y":89,"color":"#ff0000"},{"x":84,"y":89,"color":"#ff0000"},{"x":90,"y":89,"color":"#ff0000"},{"x":81,"y":90,"color":"#ff0000"},{"x":83,"y":90,"color":"#ff0000"},{"x":90,"y":90,"color":"#ff0000"},{"x":81,"y":91,"color":"#ff0000"},{"x":82,"y":91,"color":"#ff0000"},{"x":90,"y":91,"color":"#ff0000"},{"x":90,"y":92,"color":"#ff0000"},{"x":90,"y":93,"color":"#ff0000"},{"x":90,"y":94,"color":"#ff0000"},{"x":90,"y":95,"color":"#ff0000"}],"revision":0}}
2026-01-28 01:01:08 [info]: [Pixels] 🔍 POST /tiles START {"reqId":"tiles-1769529668248-9f44umizi","territoryIdRaw":"california","contentLength":2582,"tilesCount":4,"bodyKeys":["tiles"],"tilesType":"object","tilesIsArray":true,"tilesSample":{"tileId":"california:5:5","pixels":[{"x":86,"y":86,"color":"#ff0000"},{"x":87,"y":86,"color":"#ff0000"},{"x":88,"y":86,"color":"#ff0000"},{"x":89,"y":86,"color":"#ff0000"},{"x":85,"y":87,"color":"#ff0000"},{"x":86,"y":87,"color":"#ff0000"},{"x":89,"y":87,"color":"#ff0000"},{"x":80,"y":88,"color":"#ff0000"},{"x":84,"y":88,"color":"#ff0000"},{"x":85,"y":88,"color":"#ff0000"},{"x":90,"y":88,"color":"#ff0000"},{"x":80,"y":89,"color":"#ff0000"},{"x":83,"y":89,"color":"#ff0000"},{"x":84,"y":89,"color":"#ff0000"},{"x":90,"y":89,"color":"#ff0000"},{"x":81,"y":90,"color":"#ff0000"},{"x":83,"y":90,"color":"#ff0000"},{"x":90,"y":90,"color":"#ff0000"},{"x":81,"y":91,"color":"#ff0000"},{"x":82,"y":91,"color":"#ff0000"},{"x":90,"y":91,"color":"#ff0000"},{"x":90,"y":92,"color":"#ff0000"},{"x":90,"y":93,"color":"#ff0000"},{"x":90,"y":94,"color":"#ff0000"},{"x":90,"y":95,"color":"#ff0000"}],"revision":4}}
2026-01-28 01:01:09 [info]: [Pixels] 🔍 GET START {"reqId":"get-1769529669276-a215l8k6z","territoryIdRaw":"california","territoryIdNormalized":"california","redisKey":"pixel_data:california","wasDisplayId":false}
2026-01-28 01:01:09 [info]: [Pixels] 🔍 GET retrieved {"reqId":"get-1769529669276-a215l8k6z","territoryId":"california","redisKey":"pixel_data:california","hasData":false,"pixelsLength":0,"filledPixels":0,"revision":0,"dataType":"object"}
2026-01-28 01:01:09 [info]: [Pixels] 🔍 GET START {"reqId":"get-1769529669359-t3rgi4llx","territoryIdRaw":"california","territoryIdNormalized":"california","redisKey":"pixel_data:california","wasDisplayId":false}
2026-01-28 01:01:09 [info]: [Pixels] 🔍 GET retrieved {"reqId":"get-1769529669359-t3rgi4llx","territoryId":"california","redisKey":"pixel_data:california","hasData":false,"pixelsLength":0,"filledPixels":0,"revision":0,"dataType":"object"}
2026-01-28 01:01:09 [info]: [Pixels] 🔍 GET START {"reqId":"get-1769529669443-oejh0m5e4","territoryIdRaw":"california","territoryIdNormalized":"california","redisKey":"pixel_data:california","wasDisplayId":false}
2026-01-28 01:01:09 [info]: [Pixels] 🔍 GET retrieved {"reqId":"get-1769529669443-oejh0m5e4","territoryId":"california","redisKey":"pixel_data:california","hasData":false,"pixelsLength":0,"filledPixels":0,"revision":0,"dataType":"object"}
2026-01-28 01:01:32 [info]: [Pixels] 🔍 GET START {"reqId":"get-1769529692983-du6g7bq9u","territoryIdRaw":"california","territoryIdNormalized":"california","redisKey":"pixel_data:california","wasDisplayId":false}
2026-01-28 01:01:33 [info]: [Pixels] 🔍 GET retrieved {"reqId":"get-1769529692983-du6g7bq9u","territoryId":"california","redisKey":"pixel_data:california","hasData":false,"pixelsLength":0,"filledPixels":0,"revision":0,"dataType":"object"}
2026-01-28 01:01:33 [info]: [Pixels] 🔍 GET START {"reqId":"get-1769529693593-vyu1uc9b7","territoryIdRaw":"california","territoryIdNormalized":"california","redisKey":"pixel_data:california","wasDisplayId":false}
2026-01-28 01:01:33 [info]: [Pixels] 🔍 GET retrieved {"reqId":"get-1769529693593-vyu1uc9b7","territoryId":"california","redisKey":"pixel_data:california","hasData":false,"pixelsLength":0,"filledPixels":0,"revision":0,"dataType":"object"}
2026-01-28 01:02:12 [info]: [Pixels] 🔍 POST /tiles START {"reqId":"tiles-1769529732450-vhdf5nuzj","territoryIdRaw":"california","contentLength":2571,"tilesCount":5,"bodyKeys":["tiles"],"tilesType":"object","tilesIsArray":true,"tilesSample":{"tileId":"california:4:5","pixels":[{"x":65,"y":80,"color":"#ff0000"},{"x":66,"y":80,"color":"#ff0000"},{"x":67,"y":80,"color":"#ff0000"},{"x":68,"y":80,"color":"#ff0000"},{"x":69,"y":80,"color":"#ff0000"},{"x":65,"y":81,"color":"#ff0000"},{"x":70,"y":81,"color":"#ff0000"},{"x":71,"y":81,"color":"#ff0000"},{"x":64,"y":82,"color":"#ff0000"},{"x":72,"y":82,"color":"#ff0000"},{"x":73,"y":82,"color":"#ff0000"},{"x":64,"y":83,"color":"#ff0000"},{"x":73,"y":83,"color":"#ff0000"},{"x":74,"y":83,"color":"#ff0000"},{"x":74,"y":84,"color":"#ff0000"},{"x":79,"y":84,"color":"#ff0000"},{"x":75,"y":85,"color":"#ff0000"},{"x":78,"y":85,"color":"#ff0000"},{"x":75,"y":86,"color":"#ff0000"},{"x":76,"y":86,"color":"#ff0000"},{"x":77,"y":86,"color":"#ff0000"},{"x":75,"y":87,"color":"#ff0000"},{"x":76,"y":87,"color":"#ff0000"},{"x":64,"y":93,"color":"#ff0000"},{"x":65,"y":94,"color":"#ff0000"},{"x":66,"y":95,"color":"#ff0000"}],"revision":0}}
2026-01-28 01:02:13 [info]: [Pixels] 🔍 POST /tiles START {"reqId":"tiles-1769529733008-h7i275fhc","territoryIdRaw":"california","contentLength":2571,"tilesCount":5,"bodyKeys":["tiles"],"tilesType":"object","tilesIsArray":true,"tilesSample":{"tileId":"california:4:5","pixels":[{"x":65,"y":80,"color":"#ff0000"},{"x":66,"y":80,"color":"#ff0000"},{"x":67,"y":80,"color":"#ff0000"},{"x":68,"y":80,"color":"#ff0000"},{"x":69,"y":80,"color":"#ff0000"},{"x":65,"y":81,"color":"#ff0000"},{"x":70,"y":81,"color":"#ff0000"},{"x":71,"y":81,"color":"#ff0000"},{"x":64,"y":82,"color":"#ff0000"},{"x":72,"y":82,"color":"#ff0000"},{"x":73,"y":82,"color":"#ff0000"},{"x":64,"y":83,"color":"#ff0000"},{"x":73,"y":83,"color":"#ff0000"},{"x":74,"y":83,"color":"#ff0000"},{"x":74,"y":84,"color":"#ff0000"},{"x":79,"y":84,"color":"#ff0000"},{"x":75,"y":85,"color":"#ff0000"},{"x":78,"y":85,"color":"#ff0000"},{"x":75,"y":86,"color":"#ff0000"},{"x":76,"y":86,"color":"#ff0000"},{"x":77,"y":86,"color":"#ff0000"},{"x":75,"y":87,"color":"#ff0000"},{"x":76,"y":87,"color":"#ff0000"},{"x":64,"y":93,"color":"#ff0000"},{"x":65,"y":94,"color":"#ff0000"},{"x":66,"y":95,"color":"#ff0000"}],"revision":8}}
2026-01-28 01:02:14 [info]: [Pixels] 🔍 GET START {"reqId":"get-1769529734105-njbxdc4zv","territoryIdRaw":"california","territoryIdNormalized":"california","redisKey":"pixel_data:california","wasDisplayId":false}
2026-01-28 01:02:14 [info]: [Pixels] 🔍 GET START {"reqId":"get-1769529734141-ukwetjp3x","territoryIdRaw":"california","territoryIdNormalized":"california","redisKey":"pixel_data:california","wasDisplayId":false}
2026-01-28 01:02:14 [info]: [Pixels] 🔍 GET retrieved {"reqId":"get-1769529734105-njbxdc4zv","territoryId":"california","redisKey":"pixel_data:california","hasData":false,"pixelsLength":0,"filledPixels":0,"revision":0,"dataType":"object"}
2026-01-28 01:02:14 [info]: [Pixels] 🔍 GET retrieved {"reqId":"get-1769529734141-ukwetjp3x","territoryId":"california","redisKey":"pixel_data:california","hasData":false,"pixelsLength":0,"filledPixels":0,"revision":0,"dataType":"object"}
2026-01-28 01:02:14 [info]: [Pixels] 🔍 GET START {"reqId":"get-1769529734225-yj64opnjd","territoryIdRaw":"california","territoryIdNormalized":"california","redisKey":"pixel_data:california","wasDisplayId":false}
2026-01-28 01:02:14 [info]: [Pixels] 🔍 GET retrieved {"reqId":"get-1769529734225-yj64opnjd","territoryId":"california","redisKey":"pixel_data:california","hasData":false,"pixelsLength":0,"filledPixels":0,"revision":0,"dataType":"object"}
2026-01-28 01:02:58 [info]: ✅ Database connected
2026-01-28 01:02:58 [info]: 🔄 Running database migrations...
2026-01-28 01:02:58 [info]: ✅ Database connected
2026-01-28 01:02:58 [info]: 🔄 Running database migrations...
2026-01-28 01:02:58 [info]: ✅ Migrations completed
2026-01-28 01:02:58 [info]: ✅ Migrations completed
2026-01-28 01:02:58 [info]: 🔍 Validating database schema...
2026-01-28 01:02:58 [info]: 🔍 Validating database schema...
2026-01-28 01:02:58 [info]: ✅ Schema validation passed
2026-01-28 01:02:58 [info]: ✅ Schema validation passed
2026-01-28 01:03:06 [info]: ✅ Database connected
2026-01-28 01:03:06 [info]: 🔄 Running database migrations...
2026-01-28 01:03:06 [info]: ✅ Migrations completed
2026-01-28 01:03:06 [info]: 🔍 Validating database schema...
2026-01-28 01:03:06 [info]: ✅ Schema validation passed
2026-01-28 01:04:09 [info]: [Pixels] 🔍 GET START {"reqId":"get-1769529849248-j5awwhzdg","territoryIdRaw":"california","territoryIdNormalized":"california","redisKey":"pixel_data:california","wasDisplayId":false}
2026-01-28 01:04:09 [info]: [Pixels] 🔍 GET retrieved {"reqId":"get-1769529849248-j5awwhzdg","territoryId":"california","redisKey":"pixel_data:california","hasData":false,"pixelsLength":0,"filledPixels":0,"revision":0,"dataType":"object"}
2026-01-28 01:04:33 [info]: [Pixels] 🔍 POST /tiles START {"reqId":"tiles-1769529873324-ytmhkee29","territoryIdRaw":"california","contentLength":2828,"tilesCount":4,"bodyKeys":["tiles"],"tilesType":"object","tilesIsArray":true,"tilesSample":{"tileId":"california:5:5","pixels":[{"x":92,"y":83,"color":"#ff0000"},{"x":94,"y":83,"color":"#ff0000"},{"x":95,"y":83,"color":"#ff0000"},{"x":90,"y":84,"color":"#ff0000"},{"x":91,"y":84,"color":"#ff0000"},{"x":88,"y":85,"color":"#ff0000"},{"x":89,"y":85,"color":"#ff0000"},{"x":87,"y":86,"color":"#ff0000"},{"x":88,"y":86,"color":"#ff0000"},{"x":86,"y":87,"color":"#ff0000"},{"x":80,"y":88,"color":"#ff0000"},{"x":81,"y":88,"color":"#ff0000"},{"x":85,"y":88,"color":"#ff0000"},{"x":82,"y":89,"color":"#ff0000"},{"x":84,"y":89,"color":"#ff0000"},{"x":82,"y":90,"color":"#ff0000"},{"x":83,"y":90,"color":"#ff0000"},{"x":82,"y":91,"color":"#ff0000"}],"revision":0}}
2026-01-28 01:04:33 [info]: [Pixels] 🔍 POST /tiles START {"reqId":"tiles-1769529873843-cr14eoodi","territoryIdRaw":"california","contentLength":2829,"tilesCount":4,"bodyKeys":["tiles"],"tilesType":"object","tilesIsArray":true,"tilesSample":{"tileId":"california:5:5","pixels":[{"x":92,"y":83,"color":"#ff0000"},{"x":94,"y":83,"color":"#ff0000"},{"x":95,"y":83,"color":"#ff0000"},{"x":90,"y":84,"color":"#ff0000"},{"x":91,"y":84,"color":"#ff0000"},{"x":88,"y":85,"color":"#ff0000"},{"x":89,"y":85,"color":"#ff0000"},{"x":87,"y":86,"color":"#ff0000"},{"x":88,"y":86,"color":"#ff0000"},{"x":86,"y":87,"color":"#ff0000"},{"x":80,"y":88,"color":"#ff0000"},{"x":81,"y":88,"color":"#ff0000"},{"x":85,"y":88,"color":"#ff0000"},{"x":82,"y":89,"color":"#ff0000"},{"x":84,"y":89,"color":"#ff0000"},{"x":82,"y":90,"color":"#ff0000"},{"x":83,"y":90,"color":"#ff0000"},{"x":82,"y":91,"color":"#ff0000"}],"revision":5}}
2026-01-28 01:04:34 [info]: [Pixels] 🔍 GET START {"reqId":"get-1769529874790-ayco0ea99","territoryIdRaw":"california","territoryIdNormalized":"california","redisKey":"pixel_data:california","wasDisplayId":false}
2026-01-28 01:04:34 [info]: [Pixels] 🔍 GET START {"reqId":"get-1769529874827-rcbvl81a2","territoryIdRaw":"california","territoryIdNormalized":"california","redisKey":"pixel_data:california","wasDisplayId":false}
2026-01-28 01:04:34 [info]: [Pixels] 🔍 GET retrieved {"reqId":"get-1769529874790-ayco0ea99","territoryId":"california","redisKey":"pixel_data:california","hasData":false,"pixelsLength":0,"filledPixels":0,"revision":0,"dataType":"object"}
2026-01-28 01:04:34 [info]: [Pixels] 🔍 GET retrieved {"reqId":"get-1769529874827-rcbvl81a2","territoryId":"california","redisKey":"pixel_data:california","hasData":false,"pixelsLength":0,"filledPixels":0,"revision":0,"dataType":"object"}
2026-01-28 01:04:34 [info]: [Pixels] 🔍 GET START {"reqId":"get-1769529874911-qlm80ko6m","territoryIdRaw":"california","territoryIdNormalized":"california","redisKey":"pixel_data:california","wasDisplayId":false}
2026-01-28 01:04:34 [info]: [Pixels] 🔍 GET retrieved {"reqId":"get-1769529874911-qlm80ko6m","territoryId":"california","redisKey":"pixel_data:california","hasData":false,"pixelsLength":0,"filledPixels":0,"revision":0,"dataType":"object"}
2026-01-28 01:04:58 [info]: [Pixels] 🔍 GET START {"reqId":"get-1769529898319-81etwa495","territoryIdRaw":"california","territoryIdNormalized":"california","redisKey":"pixel_data:california","wasDisplayId":false}
2026-01-28 01:04:58 [info]: [Pixels] 🔍 GET retrieved {"reqId":"get-1769529898319-81etwa495","territoryId":"california","redisKey":"pixel_data:california","hasData":false,"pixelsLength":0,"filledPixels":0,"revision":0,"dataType":"object"}
2026-01-28 01:04:58 [info]: [Pixels] 🔍 GET START {"reqId":"get-1769529898928-zw8he6eoi","territoryIdRaw":"california","territoryIdNormalized":"california","redisKey":"pixel_data:california","wasDisplayId":false}
2026-01-28 01:04:58 [info]: [Pixels] 🔍 GET retrieved {"reqId":"get-1769529898928-zw8he6eoi","territoryId":"california","redisKey":"pixel_data:california","hasData":false,"pixelsLength":0,"filledPixels":0,"revision":0,"dataType":"object"}
2026-01-28 01:06:00 [info]: ✅ Database connected
2026-01-28 01:06:00 [info]: ✅ Database connected
2026-01-28 01:06:00 [info]: 🔄 Running database migrations...
2026-01-28 01:06:00 [info]: 🔄 Running database migrations...
2026-01-28 01:06:00 [info]: ✅ Database connected
2026-01-28 01:06:00 [info]: 🔄 Running database migrations...
2026-01-28 01:06:00 [info]: ✅ Migrations completed
2026-01-28 01:06:00 [info]: 🔍 Validating database schema...
2026-01-28 01:06:00 [info]: ✅ Migrations completed
2026-01-28 01:06:00 [info]: 🔍 Validating database schema...
2026-01-28 01:06:00 [info]: ✅ Schema validation passed
2026-01-28 01:06:00 [info]: ✅ Schema validation passed
2026-01-28 01:06:00 [info]: ✅ Migrations completed
2026-01-28 01:06:00 [info]: 🔍 Validating database schema...
2026-01-28 01:06:00 [info]: ✅ Schema validation passed
2026-01-28 01:06:02 [info]: ✅ Database connected
2026-01-28 01:06:02 [info]: 🔄 Running database migrations...
2026-01-28 01:06:03 [info]: ✅ Migrations completed
2026-01-28 01:06:03 [info]: 🔍 Validating database schema...
2026-01-28 01:06:03 [info]: ✅ Schema validation passed
2026-01-28 01:09:35 [info]: [Pixels] 🔍 POST /tiles START {"reqId":"tiles-1769530175832-cxsldvf7b","territoryIdRaw":"california","contentLength":3247,"tilesCount":4,"bodyKeys":["tiles"],"tilesType":"object","tilesIsArray":true,"tilesSample":{"tileId":"california:4:6","pixels":[{"x":69,"y":96,"color":"#ff0000"},{"x":70,"y":96,"color":"#ff0000"},{"x":74,"y":96,"color":"#ff0000"},{"x":79,"y":96,"color":"#ff0000"},{"x":70,"y":97,"color":"#ff0000"},{"x":78,"y":97,"color":"#ff0000"},{"x":71,"y":98,"color":"#ff0000"},{"x":75,"y":98,"color":"#ff0000"},{"x":77,"y":98,"color":"#ff0000"},{"x":71,"y":99,"color":"#ff0000"},{"x":72,"y":99,"color":"#ff0000"},{"x":75,"y":99,"color":"#ff0000"},{"x":77,"y":99,"color":"#ff0000"},{"x":73,"y":100,"color":"#ff0000"},{"x":75,"y":100,"color":"#ff0000"},{"x":73,"y":101,"color":"#ff0000"},{"x":74,"y":101,"color":"#ff0000"},{"x":74,"y":102,"color":"#ff0000"},{"x":75,"y":102,"color":"#ff0000"},{"x":75,"y":103,"color":"#ff0000"},{"x":76,"y":103,"color":"#ff0000"},{"x":76,"y":104,"color":"#ff0000"},{"x":77,"y":104,"color":"#ff0000"},{"x":78,"y":104,"color":"#ff0000"},{"x":78,"y":105,"color":"#ff0000"},{"x":79,"y":105,"color":"#ff0000"}],"revision":0}}
2026-01-28 01:09:36 [info]: [Pixels] 🔍 POST /tiles START {"reqId":"tiles-1769530176346-ym0t0gv51","territoryIdRaw":"california","contentLength":3249,"tilesCount":4,"bodyKeys":["tiles"],"tilesType":"object","tilesIsArray":true,"tilesSample":{"tileId":"california:4:6","pixels":[{"x":69,"y":96,"color":"#ff0000"},{"x":70,"y":96,"color":"#ff0000"},{"x":74,"y":96,"color":"#ff0000"},{"x":79,"y":96,"color":"#ff0000"},{"x":70,"y":97,"color":"#ff0000"},{"x":78,"y":97,"color":"#ff0000"},{"x":71,"y":98,"color":"#ff0000"},{"x":75,"y":98,"color":"#ff0000"},{"x":77,"y":98,"color":"#ff0000"},{"x":71,"y":99,"color":"#ff0000"},{"x":72,"y":99,"color":"#ff0000"},{"x":75,"y":99,"color":"#ff0000"},{"x":77,"y":99,"color":"#ff0000"},{"x":73,"y":100,"color":"#ff0000"},{"x":75,"y":100,"color":"#ff0000"},{"x":73,"y":101,"color":"#ff0000"},{"x":74,"y":101,"color":"#ff0000"},{"x":74,"y":102,"color":"#ff0000"},{"x":75,"y":102,"color":"#ff0000"},{"x":75,"y":103,"color":"#ff0000"},{"x":76,"y":103,"color":"#ff0000"},{"x":76,"y":104,"color":"#ff0000"},{"x":77,"y":104,"color":"#ff0000"},{"x":78,"y":104,"color":"#ff0000"},{"x":78,"y":105,"color":"#ff0000"},{"x":79,"y":105,"color":"#ff0000"}],"revision":11}}
2026-01-28 01:09:37 [info]: [Pixels] 🔍 GET START {"reqId":"get-1769530177297-5z3q4fmno","territoryIdRaw":"california","territoryIdNormalized":"california","redisKey":"pixel_data:california","wasDisplayId":false}
2026-01-28 01:09:37 [info]: [Pixels] 🔍 GET START {"reqId":"get-1769530177330-85eh94v2r","territoryIdRaw":"california","territoryIdNormalized":"california","redisKey":"pixel_data:california","wasDisplayId":false}
2026-01-28 01:09:37 [info]: [Pixels] 🔍 GET retrieved {"reqId":"get-1769530177297-5z3q4fmno","territoryId":"california","redisKey":"pixel_data:california","hasData":false,"pixelsLength":0,"filledPixels":0,"revision":0,"dataType":"object"}
2026-01-28 01:09:37 [info]: [Pixels] 🔍 GET retrieved {"reqId":"get-1769530177330-85eh94v2r","territoryId":"california","redisKey":"pixel_data:california","hasData":false,"pixelsLength":0,"filledPixels":0,"revision":0,"dataType":"object"}
2026-01-28 01:09:37 [info]: [Pixels] 🔍 GET START {"reqId":"get-1769530177463-yxkm0humg","territoryIdRaw":"california","territoryIdNormalized":"california","redisKey":"pixel_data:california","wasDisplayId":false}
2026-01-28 01:09:37 [info]: [Pixels] 🔍 GET retrieved {"reqId":"get-1769530177463-yxkm0humg","territoryId":"california","redisKey":"pixel_data:california","hasData":false,"pixelsLength":0,"filledPixels":0,"revision":0,"dataType":"object"}
2026-01-28 01:09:44 [info]: [Pixels] 🔍 GET START {"reqId":"get-1769530184805-p87zv3lgv","territoryIdRaw":"california","territoryIdNormalized":"california","redisKey":"pixel_data:california","wasDisplayId":false}
2026-01-28 01:09:44 [info]: [Pixels] 🔍 GET retrieved {"reqId":"get-1769530184805-p87zv3lgv","territoryId":"california","redisKey":"pixel_data:california","hasData":false,"pixelsLength":0,"filledPixels":0,"revision":0,"dataType":"object"}
2026-01-28 01:09:45 [info]: [Pixels] 🔍 GET START {"reqId":"get-1769530185423-hbgtkscq2","territoryIdRaw":"california","territoryIdNormalized":"california","redisKey":"pixel_data:california","wasDisplayId":false}
2026-01-28 01:09:45 [info]: [Pixels] 🔍 GET retrieved {"reqId":"get-1769530185423-hbgtkscq2","territoryId":"california","redisKey":"pixel_data:california","hasData":false,"pixelsLength":0,"filledPixels":0,"revision":0,"dataType":"object"}
2026-01-28 01:19:39 [info]: ✅ Database connected
2026-01-28 01:19:39 [info]: 🔄 Running database migrations...
2026-01-28 01:19:39 [info]: ✅ Database connected
2026-01-28 01:19:39 [info]: ✅ Database connected
2026-01-28 01:19:39 [info]: 🔄 Running database migrations...
2026-01-28 01:19:39 [info]: 🔄 Running database migrations...
2026-01-28 01:19:39 [info]: ✅ Database connected
2026-01-28 01:19:39 [info]: 🔄 Running database migrations...
2026-01-28 01:19:39 [info]: ✅ Migrations completed
2026-01-28 01:19:39 [info]: ✅ Migrations completed
2026-01-28 01:19:39 [info]: ✅ Migrations completed
2026-01-28 01:19:39 [info]: ✅ Migrations completed
2026-01-28 01:19:39 [info]: 🔍 Validating database schema...
2026-01-28 01:19:39 [info]: 🔍 Validating database schema...
2026-01-28 01:19:39 [info]: 🔍 Validating database schema...
2026-01-28 01:19:39 [info]: 🔍 Validating database schema...
2026-01-28 01:19:39 [info]: ✅ Schema validation passed
2026-01-28 01:19:39 [info]: ✅ Schema validation passed
2026-01-28 01:19:39 [info]: ✅ Schema validation passed
2026-01-28 01:19:39 [info]: ✅ Schema validation passed
2026-01-28 01:19:43 [info]: ✅ Database connected
2026-01-28 01:19:43 [info]: ✅ Database connected
2026-01-28 01:19:43 [info]: 🔄 Running database migrations...
2026-01-28 01:19:43 [info]: 🔄 Running database migrations...
2026-01-28 01:19:43 [info]: ✅ Database connected
2026-01-28 01:19:43 [info]: 🔄 Running database migrations...
2026-01-28 01:19:43 [info]: ✅ Database connected
2026-01-28 01:19:43 [info]: 🔄 Running database migrations...
2026-01-28 01:19:43 [info]: ✅ Migrations completed
2026-01-28 01:19:43 [info]: ✅ Migrations completed
2026-01-28 01:19:43 [info]: 🔍 Validating database schema...
2026-01-28 01:19:43 [info]: 🔍 Validating database schema...
2026-01-28 01:19:43 [info]: ✅ Schema validation passed
2026-01-28 01:19:43 [info]: ✅ Schema validation passed
2026-01-28 01:19:43 [info]: ✅ Migrations completed
2026-01-28 01:19:43 [info]: 🔍 Validating database schema...
2026-01-28 01:19:43 [info]: ✅ Migrations completed
2026-01-28 01:19:43 [info]: 🔍 Validating database schema...
2026-01-28 01:19:43 [info]: ✅ Schema validation passed
2026-01-28 01:19:43 [info]: ✅ Schema validation passed
2026-01-28 01:19:50 [info]: ✅ Database connected
2026-01-28 01:19:50 [info]: 🔄 Running database migrations...
2026-01-28 01:19:50 [info]: ✅ Database connected
2026-01-28 01:19:50 [info]: 🔄 Running database migrations...
2026-01-28 01:19:50 [info]: ✅ Database connected
2026-01-28 01:19:50 [info]: 🔄 Running database migrations...
2026-01-28 01:19:50 [info]: ✅ Database connected
2026-01-28 01:19:50 [info]: 🔄 Running database migrations...
2026-01-28 01:19:50 [info]: ✅ Migrations completed
2026-01-28 01:19:50 [info]: 🔍 Validating database schema...
2026-01-28 01:19:50 [info]: ✅ Schema validation passed
2026-01-28 01:19:50 [info]: ✅ Migrations completed
2026-01-28 01:19:50 [info]: 🔍 Validating database schema...
2026-01-28 01:19:50 [info]: ✅ Migrations completed
2026-01-28 01:19:50 [info]: 🔍 Validating database schema...
2026-01-28 01:19:50 [info]: ✅ Schema validation passed
2026-01-28 01:19:50 [info]: ✅ Schema validation passed
2026-01-28 01:19:50 [info]: ✅ Migrations completed
2026-01-28 01:19:50 [info]: 🔍 Validating database schema...
2026-01-28 01:19:50 [info]: ✅ Schema validation passed
2026-01-28 01:19:56 [info]: ✅ Database connected
2026-01-28 01:19:56 [info]: 🔄 Running database migrations...
2026-01-28 01:19:56 [info]: ✅ Database connected
2026-01-28 01:19:56 [info]: 🔄 Running database migrations...
2026-01-28 01:19:56 [info]: ✅ Database connected
2026-01-28 01:19:56 [info]: 🔄 Running database migrations...
2026-01-28 01:19:56 [info]: ✅ Database connected
2026-01-28 01:19:56 [info]: 🔄 Running database migrations...
2026-01-28 01:19:56 [info]: ✅ Migrations completed
2026-01-28 01:19:56 [info]: 🔍 Validating database schema...
2026-01-28 01:19:56 [info]: ✅ Migrations completed
2026-01-28 01:19:56 [info]: 🔍 Validating database schema...
2026-01-28 01:19:56 [info]: ✅ Schema validation passed
2026-01-28 01:19:56 [info]: ✅ Schema validation passed
2026-01-28 01:19:56 [info]: ✅ Migrations completed
2026-01-28 01:19:56 [info]: 🔍 Validating database schema...
2026-01-28 01:19:56 [info]: ✅ Migrations completed
2026-01-28 01:19:56 [info]: 🔍 Validating database schema...
2026-01-28 01:19:56 [info]: ✅ Schema validation passed
2026-01-28 01:19:56 [info]: ✅ Schema validation passed
2026-01-28 01:20:03 [info]: ✅ Database connected
2026-01-28 01:20:03 [info]: 🔄 Running database migrations...
2026-01-28 01:20:03 [info]: ✅ Database connected
2026-01-28 01:20:03 [info]: 🔄 Running database migrations...
2026-01-28 01:20:03 [info]: ✅ Database connected
2026-01-28 01:20:03 [info]: 🔄 Running database migrations...
2026-01-28 01:20:03 [info]: ✅ Database connected
2026-01-28 01:20:03 [info]: 🔄 Running database migrations...
2026-01-28 01:20:03 [info]: ✅ Migrations completed
2026-01-28 01:20:03 [info]: 🔍 Validating database schema...
2026-01-28 01:20:03 [info]: ✅ Schema validation passed
2026-01-28 01:20:03 [info]: ✅ Migrations completed
2026-01-28 01:20:03 [info]: 🔍 Validating database schema...
2026-01-28 01:20:03 [info]: ✅ Migrations completed
2026-01-28 01:20:03 [info]: 🔍 Validating database schema...
2026-01-28 01:20:03 [info]: ✅ Schema validation passed
2026-01-28 01:20:03 [info]: ✅ Migrations completed
2026-01-28 01:20:03 [info]: 🔍 Validating database schema...
2026-01-28 01:20:03 [info]: ✅ Schema validation passed
2026-01-28 01:20:03 [info]: ✅ Schema validation passed
2026-01-28 01:20:08 [info]: ✅ Database connected
2026-01-28 01:20:08 [info]: 🔄 Running database migrations...
2026-01-28 01:20:08 [info]: ✅ Database connected
2026-01-28 01:20:08 [info]: 🔄 Running database migrations...
2026-01-28 01:20:08 [info]: ✅ Database connected
2026-01-28 01:20:08 [info]: 🔄 Running database migrations...
2026-01-28 01:20:08 [info]: ✅ Database connected
2026-01-28 01:20:08 [info]: 🔄 Running database migrations...
2026-01-28 01:20:08 [info]: ✅ Migrations completed
2026-01-28 01:20:08 [info]: 🔍 Validating database schema...
2026-01-28 01:20:08 [info]: ✅ Schema validation passed
2026-01-28 01:20:08 [info]: ✅ Migrations completed
2026-01-28 01:20:08 [info]: 🔍 Validating database schema...
2026-01-28 01:20:08 [info]: ✅ Migrations completed
2026-01-28 01:20:08 [info]: ✅ Migrations completed
2026-01-28 01:20:08 [info]: 🔍 Validating database schema...
2026-01-28 01:20:08 [info]: 🔍 Validating database schema...
2026-01-28 01:20:08 [info]: ✅ Schema validation passed
2026-01-28 01:20:08 [info]: ✅ Schema validation passed
2026-01-28 01:20:08 [info]: ✅ Schema validation passed
2026-01-28 01:20:26 [info]: ✅ Database connected
2026-01-28 01:20:26 [info]: 🔄 Running database migrations...
2026-01-28 01:20:26 [info]: ✅ Database connected
2026-01-28 01:20:26 [info]: 🔄 Running database migrations...
2026-01-28 01:20:26 [info]: ✅ Database connected
2026-01-28 01:20:26 [info]: 🔄 Running database migrations...
2026-01-28 01:20:26 [info]: ✅ Database connected
2026-01-28 01:20:26 [info]: 🔄 Running database migrations...
2026-01-28 01:20:26 [info]: ✅ Migrations completed
2026-01-28 01:20:26 [info]: 🔍 Validating database schema...
2026-01-28 01:20:26 [info]: ✅ Migrations completed
2026-01-28 01:20:26 [info]: 🔍 Validating database schema...
2026-01-28 01:20:26 [info]: ✅ Schema validation passed
2026-01-28 01:20:26 [info]: ✅ Migrations completed
2026-01-28 01:20:26 [info]: 🔍 Validating database schema...
2026-01-28 01:20:26 [info]: ✅ Schema validation passed
2026-01-28 01:20:26 [info]: ✅ Schema validation passed
2026-01-28 01:20:26 [info]: ✅ Migrations completed
2026-01-28 01:20:26 [info]: 🔍 Validating database schema...
2026-01-28 01:20:26 [info]: ✅ Schema validation passed
2026-01-28 01:20:30 [info]: ✅ Database connected
2026-01-28 01:20:30 [info]: ✅ Database connected
2026-01-28 01:20:30 [info]: 🔄 Running database migrations...
2026-01-28 01:20:30 [info]: 🔄 Running database migrations...
2026-01-28 01:20:30 [info]: ✅ Database connected
2026-01-28 01:20:30 [info]: 🔄 Running database migrations...
2026-01-28 01:20:30 [info]: ✅ Database connected
2026-01-28 01:20:30 [info]: 🔄 Running database migrations...
2026-01-28 01:20:30 [info]: ✅ Migrations completed
2026-01-28 01:20:30 [info]: 🔍 Validating database schema...
2026-01-28 01:20:30 [info]: ✅ Migrations completed
2026-01-28 01:20:30 [info]: 🔍 Validating database schema...
2026-01-28 01:20:30 [info]: ✅ Migrations completed
2026-01-28 01:20:30 [info]: ✅ Schema validation passed
2026-01-28 01:20:30 [info]: 🔍 Validating database schema...
2026-01-28 01:20:30 [info]: ✅ Schema validation passed
2026-01-28 01:20:30 [info]: ✅ Migrations completed
2026-01-28 01:20:30 [info]: ✅ Schema validation passed
2026-01-28 01:20:30 [info]: 🔍 Validating database schema...
2026-01-28 01:20:30 [info]: ✅ Schema validation passed
2026-01-28 01:20:35 [info]: ✅ Database connected
2026-01-28 01:20:35 [info]: 🔄 Running database migrations...
2026-01-28 01:20:35 [info]: ✅ Database connected
2026-01-28 01:20:35 [info]: 🔄 Running database migrations...
2026-01-28 01:20:35 [info]: ✅ Database connected
2026-01-28 01:20:35 [info]: 🔄 Running database migrations...
2026-01-28 01:20:35 [info]: ✅ Database connected
2026-01-28 01:20:35 [info]: 🔄 Running database migrations...
2026-01-28 01:20:36 [info]: ✅ Migrations completed
2026-01-28 01:20:36 [info]: 🔍 Validating database schema...
2026-01-28 01:20:36 [info]: ✅ Migrations completed
2026-01-28 01:20:36 [info]: 🔍 Validating database schema...
2026-01-28 01:20:36 [info]: ✅ Migrations completed
2026-01-28 01:20:36 [info]: 🔍 Validating database schema...
2026-01-28 01:20:36 [info]: ✅ Schema validation passed
2026-01-28 01:20:36 [info]: ✅ Schema validation passed
2026-01-28 01:20:36 [info]: ✅ Schema validation passed
2026-01-28 01:20:36 [info]: ✅ Migrations completed
2026-01-28 01:20:36 [info]: 🔍 Validating database schema...
2026-01-28 01:20:36 [info]: ✅ Schema validation passed
2026-01-28 01:20:49 [info]: ✅ Database connected
2026-01-28 01:20:49 [info]: ✅ Database connected
2026-01-28 01:20:49 [info]: 🔄 Running database migrations...
2026-01-28 01:20:49 [info]: ✅ Database connected
2026-01-28 01:20:49 [info]: 🔄 Running database migrations...
2026-01-28 01:20:49 [info]: 🔄 Running database migrations...
2026-01-28 01:20:49 [info]: ✅ Database connected
2026-01-28 01:20:49 [info]: 🔄 Running database migrations...
2026-01-28 01:20:49 [info]: ✅ Migrations completed
2026-01-28 01:20:49 [info]: ✅ Migrations completed
2026-01-28 01:20:49 [info]: 🔍 Validating database schema...
2026-01-28 01:20:49 [info]: 🔍 Validating database schema...
2026-01-28 01:20:49 [info]: ✅ Migrations completed
2026-01-28 01:20:49 [info]: 🔍 Validating database schema...
2026-01-28 01:20:49 [info]: ✅ Schema validation passed
2026-01-28 01:20:49 [info]: ✅ Schema validation passed
2026-01-28 01:20:49 [info]: ✅ Schema validation passed
2026-01-28 01:20:49 [info]: ✅ Migrations completed
2026-01-28 01:20:49 [info]: 🔍 Validating database schema...
2026-01-28 01:20:49 [info]: ✅ Schema validation passed
2026-01-28 01:20:57 [info]: ✅ Database connected
2026-01-28 01:20:57 [info]: 🔄 Running database migrations...
2026-01-28 01:20:57 [info]: ✅ Database connected
2026-01-28 01:20:57 [info]: 🔄 Running database migrations...
2026-01-28 01:20:57 [info]: ✅ Database connected
2026-01-28 01:20:57 [info]: 🔄 Running database migrations...
2026-01-28 01:20:57 [info]: ✅ Database connected
2026-01-28 01:20:57 [info]: 🔄 Running database migrations...
2026-01-28 01:20:57 [info]: ✅ Migrations completed
2026-01-28 01:20:57 [info]: 🔍 Validating database schema...
2026-01-28 01:20:57 [info]: ✅ Migrations completed
2026-01-28 01:20:57 [info]: 🔍 Validating database schema...
2026-01-28 01:20:57 [info]: ✅ Schema validation passed
2026-01-28 01:20:57 [info]: ✅ Migrations completed
2026-01-28 01:20:57 [info]: 🔍 Validating database schema...
2026-01-28 01:20:57 [info]: ✅ Schema validation passed
2026-01-28 01:20:57 [info]: ✅ Schema validation passed
2026-01-28 01:20:57 [info]: ✅ Migrations completed
2026-01-28 01:20:57 [info]: 🔍 Validating database schema...
2026-01-28 01:20:57 [info]: ✅ Schema validation passed
2026-01-28 01:21:09 [info]: ✅ Database connected
2026-01-28 01:21:09 [info]: 🔄 Running database migrations...
2026-01-28 01:21:09 [info]: ✅ Database connected
2026-01-28 01:21:09 [info]: 🔄 Running database migrations...
2026-01-28 01:21:09 [info]: ✅ Database connected
2026-01-28 01:21:09 [info]: 🔄 Running database migrations...
2026-01-28 01:21:09 [info]: ✅ Database connected
2026-01-28 01:21:09 [info]: 🔄 Running database migrations...
2026-01-28 01:21:09 [info]: ✅ Migrations completed
2026-01-28 01:21:09 [info]: 🔍 Validating database schema...
2026-01-28 01:21:09 [info]: ✅ Migrations completed
2026-01-28 01:21:09 [info]: 🔍 Validating database schema...
2026-01-28 01:21:09 [info]: ✅ Migrations completed
2026-01-28 01:21:09 [info]: ✅ Migrations completed
2026-01-28 01:21:09 [info]: ✅ Schema validation passed
2026-01-28 01:21:09 [info]: 🔍 Validating database schema...
2026-01-28 01:21:09 [info]: 🔍 Validating database schema...
2026-01-28 01:21:09 [info]: ✅ Schema validation passed
2026-01-28 01:21:09 [info]: ✅ Schema validation passed
2026-01-28 01:21:09 [info]: ✅ Schema validation passed
2026-01-28 01:21:11 [info]: ✅ Database connected
2026-01-28 01:21:11 [info]: ✅ Database connected
2026-01-28 01:21:11 [info]: 🔄 Running database migrations...
2026-01-28 01:21:11 [info]: 🔄 Running database migrations...
2026-01-28 01:21:11 [info]: ✅ Database connected
2026-01-28 01:21:11 [info]: 🔄 Running database migrations...
2026-01-28 01:21:11 [info]: ✅ Database connected
2026-01-28 01:21:11 [info]: 🔄 Running database migrations...
2026-01-28 01:21:11 [info]: ✅ Migrations completed
2026-01-28 01:21:11 [info]: 🔍 Validating database schema...
2026-01-28 01:21:11 [info]: ✅ Migrations completed
2026-01-28 01:21:11 [info]: ✅ Schema validation passed
2026-01-28 01:21:11 [info]: 🔍 Validating database schema...
2026-01-28 01:21:11 [info]: ✅ Migrations completed
2026-01-28 01:21:11 [info]: ✅ Schema validation passed
2026-01-28 01:21:11 [info]: 🔍 Validating database schema...
2026-01-28 01:21:11 [info]: ✅ Schema validation passed
2026-01-28 01:21:11 [info]: ✅ Migrations completed
2026-01-28 01:21:11 [info]: 🔍 Validating database schema...
2026-01-28 01:21:11 [info]: ✅ Schema validation passed
2026-01-28 01:21:22 [info]: ✅ Database connected
2026-01-28 01:21:22 [info]: 🔄 Running database migrations...
2026-01-28 01:21:23 [info]: ✅ Migrations completed
2026-01-28 01:21:23 [info]: 🔍 Validating database schema...
2026-01-28 01:21:23 [info]: ✅ Schema validation passed
2026-01-28 01:25:51 [info]: [Pixels] 🔍 GET START {"reqId":"get-1769531151764-gz7trsnvq","territoryIdRaw":"california","territoryIdNormalized":"california","redisKey":"pixel_data:california","wasDisplayId":false}
2026-01-28 01:25:51 [info]: [Pixels] 🔍 GET retrieved {"reqId":"get-1769531151764-gz7trsnvq","territoryId":"california","redisKey":"pixel_data:california","hasData":false,"pixelsLength":0,"filledPixels":0,"revision":0,"dataType":"object"}
2026-01-28 01:26:12 [info]: [Pixels] 🔍 POST /tiles START {"reqId":"tiles-1769531172651-gf6910z7f","territoryIdRaw":"california","contentLength":3003,"tilesCount":4,"bodyKeys":["tiles"],"tilesType":"object","tilesIsArray":true,"tilesSample":{"tileId":"california:4:5","pixels":[{"x":64,"y":80,"color":"#ff0000"},{"x":65,"y":80,"color":"#ff0000"},{"x":66,"y":80,"color":"#ff0000"},{"x":67,"y":80,"color":"#ff0000"},{"x":64,"y":81,"color":"#ff0000"},{"x":67,"y":81,"color":"#ff0000"},{"x":68,"y":81,"color":"#ff0000"},{"x":69,"y":81,"color":"#ff0000"},{"x":70,"y":82,"color":"#ff0000"},{"x":71,"y":83,"color":"#ff0000"},{"x":72,"y":84,"color":"#ff0000"},{"x":73,"y":84,"color":"#ff0000"},{"x":74,"y":85,"color":"#ff0000"},{"x":75,"y":86,"color":"#ff0000"},{"x":76,"y":86,"color":"#ff0000"},{"x":76,"y":87,"color":"#ff0000"},{"x":77,"y":88,"color":"#ff0000"},{"x":78,"y":89,"color":"#ff0000"},{"x":79,"y":90,"color":"#ff0000"},{"x":64,"y":91,"color":"#ff0000"},{"x":79,"y":91,"color":"#ff0000"},{"x":64,"y":92,"color":"#ff0000"},{"x":65,"y":92,"color":"#ff0000"},{"x":79,"y":92,"color":"#ff0000"},{"x":65,"y":93,"color":"#ff0000"},{"x":66,"y":94,"color":"#ff0000"},{"x":67,"y":95,"color":"#ff0000"},{"x":68,"y":95,"color":"#ff0000"}],"revision":0}}
2026-01-28 01:26:13 [info]: [Pixels] 🔍 POST /tiles START {"reqId":"tiles-1769531173182-6whggr80o","territoryIdRaw":"california","contentLength":3005,"tilesCount":4,"bodyKeys":["tiles"],"tilesType":"object","tilesIsArray":true,"tilesSample":{"tileId":"california:4:5","pixels":[{"x":64,"y":80,"color":"#ff0000"},{"x":65,"y":80,"color":"#ff0000"},{"x":66,"y":80,"color":"#ff0000"},{"x":67,"y":80,"color":"#ff0000"},{"x":64,"y":81,"color":"#ff0000"},{"x":67,"y":81,"color":"#ff0000"},{"x":68,"y":81,"color":"#ff0000"},{"x":69,"y":81,"color":"#ff0000"},{"x":70,"y":82,"color":"#ff0000"},{"x":71,"y":83,"color":"#ff0000"},{"x":72,"y":84,"color":"#ff0000"},{"x":73,"y":84,"color":"#ff0000"},{"x":74,"y":85,"color":"#ff0000"},{"x":75,"y":86,"color":"#ff0000"},{"x":76,"y":86,"color":"#ff0000"},{"x":76,"y":87,"color":"#ff0000"},{"x":77,"y":88,"color":"#ff0000"},{"x":78,"y":89,"color":"#ff0000"},{"x":79,"y":90,"color":"#ff0000"},{"x":64,"y":91,"color":"#ff0000"},{"x":79,"y":91,"color":"#ff0000"},{"x":64,"y":92,"color":"#ff0000"},{"x":65,"y":92,"color":"#ff0000"},{"x":79,"y":92,"color":"#ff0000"},{"x":65,"y":93,"color":"#ff0000"},{"x":66,"y":94,"color":"#ff0000"},{"x":67,"y":95,"color":"#ff0000"},{"x":68,"y":95,"color":"#ff0000"}],"revision":11}}
2026-01-28 01:26:14 [info]: [Pixels] 🔍 GET START {"reqId":"get-1769531174154-hcp8sj3sx","territoryIdRaw":"california","territoryIdNormalized":"california","redisKey":"pixel_data:california","wasDisplayId":false}
2026-01-28 01:26:14 [info]: [Pixels] 🔍 GET START {"reqId":"get-1769531174191-c3uaaxopd","territoryIdRaw":"california","territoryIdNormalized":"california","redisKey":"pixel_data:california","wasDisplayId":false}
2026-01-28 01:26:14 [info]: [Pixels] 🔍 GET retrieved {"reqId":"get-1769531174154-hcp8sj3sx","territoryId":"california","redisKey":"pixel_data:california","hasData":false,"pixelsLength":0,"filledPixels":0,"revision":0,"dataType":"object"}
2026-01-28 01:26:14 [info]: [Pixels] 🔍 GET retrieved {"reqId":"get-1769531174191-c3uaaxopd","territoryId":"california","redisKey":"pixel_data:california","hasData":false,"pixelsLength":0,"filledPixels":0,"revision":0,"dataType":"object"}
2026-01-28 01:26:14 [info]: [Pixels] 🔍 GET START {"reqId":"get-1769531174280-oxiuuw3bl","territoryIdRaw":"california","territoryIdNormalized":"california","redisKey":"pixel_data:california","wasDisplayId":false}
2026-01-28 01:26:14 [info]: [Pixels] 🔍 GET retrieved {"reqId":"get-1769531174280-oxiuuw3bl","territoryId":"california","redisKey":"pixel_data:california","hasData":false,"pixelsLength":0,"filledPixels":0,"revision":0,"dataType":"object"}
2026-01-28 01:26:44 [info]: [Pixels] 🔍 GET START {"reqId":"get-1769531204658-x7kyfb5ta","territoryIdRaw":"california","territoryIdNormalized":"california","redisKey":"pixel_data:california","wasDisplayId":false}
2026-01-28 01:26:44 [info]: [Pixels] 🔍 GET retrieved {"reqId":"get-1769531204658-x7kyfb5ta","territoryId":"california","redisKey":"pixel_data:california","hasData":false,"pixelsLength":0,"filledPixels":0,"revision":0,"dataType":"object"}
2026-01-28 01:26:44 [info]: [Pixels] 🔍 GET START {"reqId":"get-1769531204826-vyrknlxxf","territoryIdRaw":"california","territoryIdNormalized":"california","redisKey":"pixel_data:california","wasDisplayId":false}
2026-01-28 01:26:44 [info]: [Pixels] 🔍 GET retrieved {"reqId":"get-1769531204826-vyrknlxxf","territoryId":"california","redisKey":"pixel_data:california","hasData":false,"pixelsLength":0,"filledPixels":0,"revision":0,"dataType":"object"}
2026-01-28 01:27:22 [info]: ✅ Database connected
2026-01-28 01:27:22 [info]: 🔄 Running database migrations...
2026-01-28 01:27:22 [info]: ✅ Migrations completed
2026-01-28 01:27:22 [info]: 🔍 Validating database schema...
2026-01-28 01:27:22 [info]: ✅ Schema validation passed
2026-01-28 01:28:33 [info]: [Pixels] 🔍 POST /tiles START {"reqId":"tiles-1769531313338-d8not38ya","territoryIdRaw":"california","contentLength":3792,"tilesCount":6,"bodyKeys":["tiles"],"tilesType":"object","tilesIsArray":true,"tilesSample":{"tileId":"california:5:5","pixels":[{"x":84,"y":80,"color":"#ff0000"},{"x":85,"y":82,"color":"#ff0000"},{"x":86,"y":83,"color":"#ff0000"},{"x":86,"y":84,"color":"#ff0000"},{"x":87,"y":86,"color":"#ff0000"},{"x":94,"y":86,"color":"#ff0000"},{"x":95,"y":86,"color":"#ff0000"},{"x":88,"y":87,"color":"#ff0000"},{"x":93,"y":87,"color":"#ff0000"},{"x":88,"y":88,"color":"#ff0000"},{"x":92,"y":88,"color":"#ff0000"},{"x":88,"y":89,"color":"#ff0000"},{"x":90,"y":89,"color":"#ff0000"},{"x":88,"y":90,"color":"#ff0000"},{"x":90,"y":90,"color":"#ff0000"},{"x":88,"y":91,"color":"#ff0000"},{"x":89,"y":91,"color":"#ff0000"},{"x":87,"y":92,"color":"#ff0000"},{"x":88,"y":92,"color":"#ff0000"},{"x":80,"y":93,"color":"#ff0000"},{"x":88,"y":93,"color":"#ff0000"},{"x":81,"y":94,"color":"#ff0000"},{"x":82,"y":94,"color":"#ff0000"},{"x":83,"y":95,"color":"#ff0000"}],"revision":0}}
2026-01-28 01:28:33 [info]: [Pixels] 🔍 POST /tiles START {"reqId":"tiles-1769531313968-fmmss4oju","territoryIdRaw":"california","contentLength":3794,"tilesCount":6,"bodyKeys":["tiles"],"tilesType":"object","tilesIsArray":true,"tilesSample":{"tileId":"california:5:5","pixels":[{"x":84,"y":80,"color":"#ff0000"},{"x":85,"y":82,"color":"#ff0000"},{"x":86,"y":83,"color":"#ff0000"},{"x":86,"y":84,"color":"#ff0000"},{"x":87,"y":86,"color":"#ff0000"},{"x":94,"y":86,"color":"#ff0000"},{"x":95,"y":86,"color":"#ff0000"},{"x":88,"y":87,"color":"#ff0000"},{"x":93,"y":87,"color":"#ff0000"},{"x":88,"y":88,"color":"#ff0000"},{"x":92,"y":88,"color":"#ff0000"},{"x":88,"y":89,"color":"#ff0000"},{"x":90,"y":89,"color":"#ff0000"},{"x":88,"y":90,"color":"#ff0000"},{"x":90,"y":90,"color":"#ff0000"},{"x":88,"y":91,"color":"#ff0000"},{"x":89,"y":91,"color":"#ff0000"},{"x":87,"y":92,"color":"#ff0000"},{"x":88,"y":92,"color":"#ff0000"},{"x":80,"y":93,"color":"#ff0000"},{"x":88,"y":93,"color":"#ff0000"},{"x":81,"y":94,"color":"#ff0000"},{"x":82,"y":94,"color":"#ff0000"},{"x":83,"y":95,"color":"#ff0000"}],"revision":6}}
2026-01-28 01:28:35 [info]: [Pixels] 🔍 GET START {"reqId":"get-1769531315212-pzp58t5s2","territoryIdRaw":"california","territoryIdNormalized":"california","redisKey":"pixel_data:california","wasDisplayId":false}
2026-01-28 01:28:35 [info]: [Pixels] 🔍 GET retrieved {"reqId":"get-1769531315212-pzp58t5s2","territoryId":"california","redisKey":"pixel_data:california","hasData":false,"pixelsLength":0,"filledPixels":0,"revision":0,"dataType":"object"}
2026-01-28 01:28:35 [info]: [Pixels] 🔍 GET START {"reqId":"get-1769531315258-xey3fe3w3","territoryIdRaw":"california","territoryIdNormalized":"california","redisKey":"pixel_data:california","wasDisplayId":false}
2026-01-28 01:28:35 [info]: [Pixels] 🔍 GET retrieved {"reqId":"get-1769531315258-xey3fe3w3","territoryId":"california","redisKey":"pixel_data:california","hasData":false,"pixelsLength":0,"filledPixels":0,"revision":0,"dataType":"object"}
2026-01-28 01:28:35 [info]: [Pixels] 🔍 GET START {"reqId":"get-1769531315304-fnpdmn2v4","territoryIdRaw":"california","territoryIdNormalized":"california","redisKey":"pixel_data:california","wasDisplayId":false}
2026-01-28 01:28:35 [info]: [Pixels] 🔍 GET retrieved {"reqId":"get-1769531315304-fnpdmn2v4","territoryId":"california","redisKey":"pixel_data:california","hasData":false,"pixelsLength":0,"filledPixels":0,"revision":0,"dataType":"object"}
2026-01-28 01:29:26 [info]: ✅ Database connected
2026-01-28 01:29:26 [info]: 🔄 Running database migrations...
2026-01-28 01:29:26 [info]: ✅ Database connected
2026-01-28 01:29:26 [info]: ✅ Database connected
2026-01-28 01:29:26 [info]: 🔄 Running database migrations...
2026-01-28 01:29:26 [info]: 🔄 Running database migrations...
2026-01-28 01:29:26 [info]: ✅ Database connected
2026-01-28 01:29:26 [info]: ✅ Database connected
2026-01-28 01:29:26 [info]: 🔄 Running database migrations...
2026-01-28 01:29:26 [info]: 🔄 Running database migrations...
2026-01-28 01:29:26 [info]: ✅ Database connected
2026-01-28 01:29:26 [info]: 🔄 Running database migrations...
2026-01-28 01:29:26 [info]: ✅ Migrations completed
2026-01-28 01:29:26 [info]: 🔍 Validating database schema...
2026-01-28 01:29:26 [info]: ✅ Schema validation passed
2026-01-28 01:29:26 [info]: ✅ Migrations completed
2026-01-28 01:29:26 [info]: 🔍 Validating database schema...
2026-01-28 01:29:26 [info]: ✅ Migrations completed
2026-01-28 01:29:26 [info]: 🔍 Validating database schema...
2026-01-28 01:29:26 [info]: ✅ Schema validation passed
2026-01-28 01:29:26 [info]: ✅ Schema validation passed
2026-01-28 01:29:26 [info]: ✅ Migrations completed
2026-01-28 01:29:26 [info]: 🔍 Validating database schema...
2026-01-28 01:29:26 [info]: ✅ Migrations completed
2026-01-28 01:29:26 [info]: 🔍 Validating database schema...
2026-01-28 01:29:26 [info]: ✅ Schema validation passed
2026-01-28 01:29:26 [info]: ✅ Migrations completed
2026-01-28 01:29:26 [info]: 🔍 Validating database schema...
2026-01-28 01:29:26 [info]: ✅ Schema validation passed
2026-01-28 01:29:26 [info]: ✅ Schema validation passed
2026-01-28 01:29:49 [info]: [Pixels] 🔍 GET START {"reqId":"get-1769531389378-ewtj2f8d4","territoryIdRaw":"california","territoryIdNormalized":"california","redisKey":"pixel_data:california","wasDisplayId":false}
2026-01-28 01:29:49 [info]: [Pixels] 🔍 GET START {"reqId":"get-1769531389433-1u2hdqbdw","territoryIdRaw":"california","territoryIdNormalized":"california","redisKey":"pixel_data:california","wasDisplayId":false}
2026-01-28 01:29:49 [info]: [Pixels] 🔍 GET retrieved {"reqId":"get-1769531389433-1u2hdqbdw","territoryId":"california","redisKey":"pixel_data:california","hasData":false,"pixelsLength":0,"filledPixels":0,"revision":0,"dataType":"object"}
2026-01-28 01:29:49 [info]: [Pixels] 🔍 GET retrieved {"reqId":"get-1769531389378-ewtj2f8d4","territoryId":"california","redisKey":"pixel_data:california","hasData":false,"pixelsLength":0,"filledPixels":0,"revision":0,"dataType":"object"}
2026-01-28 01:31:13 [info]: [Pixels] 🔍 GET START {"reqId":"get-1769531473756-1rk0dvhj5","territoryIdRaw":"california","territoryIdNormalized":"california","redisKey":"pixel_data:california","wasDisplayId":false}
2026-01-28 01:31:13 [info]: [Pixels] 🔍 GET retrieved {"reqId":"get-1769531473756-1rk0dvhj5","territoryId":"california","redisKey":"pixel_data:california","hasData":false,"pixelsLength":0,"filledPixels":0,"revision":0,"dataType":"object"}
2026-01-28 01:31:30 [info]: [Pixels] 🔍 POST /tiles START {"reqId":"tiles-1769531490471-ecemiyfnh","territoryIdRaw":"california","contentLength":2594,"tilesCount":4,"bodyKeys":["tiles"],"tilesType":"object","tilesIsArray":true,"tilesSample":{"tileId":"california:5:5","pixels":[{"x":80,"y":88,"color":"#ff0000"},{"x":80,"y":89,"color":"#ff0000"},{"x":81,"y":89,"color":"#ff0000"},{"x":81,"y":90,"color":"#ff0000"},{"x":82,"y":91,"color":"#ff0000"},{"x":91,"y":91,"color":"#ff0000"},{"x":92,"y":91,"color":"#ff0000"},{"x":93,"y":91,"color":"#ff0000"},{"x":94,"y":91,"color":"#ff0000"},{"x":82,"y":92,"color":"#ff0000"},{"x":83,"y":92,"color":"#ff0000"},{"x":88,"y":92,"color":"#ff0000"},{"x":89,"y":92,"color":"#ff0000"},{"x":84,"y":93,"color":"#ff0000"},{"x":86,"y":93,"color":"#ff0000"},{"x":87,"y":93,"color":"#ff0000"},{"x":84,"y":94,"color":"#ff0000"},{"x":85,"y":94,"color":"#ff0000"},{"x":84,"y":95,"color":"#ff0000"},{"x":85,"y":95,"color":"#ff0000"}],"revision":0}}
2026-01-28 01:31:30 [info]: [Pixels] 🔍 POST /tiles START {"reqId":"tiles-1769531490962-d7v182tki","territoryIdRaw":"california","contentLength":2597,"tilesCount":4,"bodyKeys":["tiles"],"tilesType":"object","tilesIsArray":true,"tilesSample":{"tileId":"california:5:5","pixels":[{"x":80,"y":88,"color":"#ff0000"},{"x":80,"y":89,"color":"#ff0000"},{"x":81,"y":89,"color":"#ff0000"},{"x":81,"y":90,"color":"#ff0000"},{"x":82,"y":91,"color":"#ff0000"},{"x":91,"y":91,"color":"#ff0000"},{"x":92,"y":91,"color":"#ff0000"},{"x":93,"y":91,"color":"#ff0000"},{"x":94,"y":91,"color":"#ff0000"},{"x":82,"y":92,"color":"#ff0000"},{"x":83,"y":92,"color":"#ff0000"},{"x":88,"y":92,"color":"#ff0000"},{"x":89,"y":92,"color":"#ff0000"},{"x":84,"y":93,"color":"#ff0000"},{"x":86,"y":93,"color":"#ff0000"},{"x":87,"y":93,"color":"#ff0000"},{"x":84,"y":94,"color":"#ff0000"},{"x":85,"y":94,"color":"#ff0000"},{"x":84,"y":95,"color":"#ff0000"},{"x":85,"y":95,"color":"#ff0000"}],"revision":7}}
2026-01-28 01:31:31 [info]: [Pixels] 🔍 GET START {"reqId":"get-1769531491962-u7e6uywxi","territoryIdRaw":"california","territoryIdNormalized":"california","redisKey":"pixel_data:california","wasDisplayId":false}
2026-01-28 01:31:32 [info]: [Pixels] 🔍 GET START {"reqId":"get-1769531492004-vzutze3n2","territoryIdRaw":"california","territoryIdNormalized":"california","redisKey":"pixel_data:california","wasDisplayId":false}
2026-01-28 01:31:32 [info]: [Pixels] 🔍 GET retrieved {"reqId":"get-1769531491962-u7e6uywxi","territoryId":"california","redisKey":"pixel_data:california","hasData":false,"pixelsLength":0,"filledPixels":0,"revision":0,"dataType":"object"}
2026-01-28 01:31:32 [info]: [Pixels] 🔍 GET retrieved {"reqId":"get-1769531492004-vzutze3n2","territoryId":"california","redisKey":"pixel_data:california","hasData":false,"pixelsLength":0,"filledPixels":0,"revision":0,"dataType":"object"}
2026-01-28 01:31:32 [info]: [Pixels] 🔍 GET START {"reqId":"get-1769531492095-4c05o4g2t","territoryIdRaw":"california","territoryIdNormalized":"california","redisKey":"pixel_data:california","wasDisplayId":false}
2026-01-28 01:31:32 [info]: [Pixels] 🔍 GET retrieved {"reqId":"get-1769531492095-4c05o4g2t","territoryId":"california","redisKey":"pixel_data:california","hasData":false,"pixelsLength":0,"filledPixels":0,"revision":0,"dataType":"object"}
2026-01-28 01:31:40 [info]: [Pixels] 🔍 GET START {"reqId":"get-1769531500411-6yu07kscs","territoryIdRaw":"california","territoryIdNormalized":"california","redisKey":"pixel_data:california","wasDisplayId":false}
2026-01-28 01:31:40 [info]: [Pixels] 🔍 GET retrieved {"reqId":"get-1769531500411-6yu07kscs","territoryId":"california","redisKey":"pixel_data:california","hasData":false,"pixelsLength":0,"filledPixels":0,"revision":0,"dataType":"object"}
2026-01-28 01:31:41 [info]: [Pixels] 🔍 GET START {"reqId":"get-1769531501074-a4yxd8wxy","territoryIdRaw":"california","territoryIdNormalized":"california","redisKey":"pixel_data:california","wasDisplayId":false}
2026-01-28 01:31:41 [info]: [Pixels] 🔍 GET retrieved {"reqId":"get-1769531501074-a4yxd8wxy","territoryId":"california","redisKey":"pixel_data:california","hasData":false,"pixelsLength":0,"filledPixels":0,"revision":0,"dataType":"object"}
2026-01-28 01:32:11 [info]: ✅ Database connected
2026-01-28 01:32:11 [info]: 🔄 Running database migrations...
2026-01-28 01:32:11 [info]: ✅ Database connected
2026-01-28 01:32:11 [info]: ✅ Database connected
2026-01-28 01:32:11 [info]: 🔄 Running database migrations...
2026-01-28 01:32:11 [info]: ✅ Database connected
2026-01-28 01:32:11 [info]: 🔄 Running database migrations...
2026-01-28 01:32:11 [info]: ✅ Database connected
2026-01-28 01:32:11 [info]: 🔄 Running database migrations...
2026-01-28 01:32:11 [info]: ✅ Database connected
2026-01-28 01:32:11 [info]: 🔄 Running database migrations...
2026-01-28 01:32:11 [info]: 🔄 Running database migrations...
2026-01-28 01:32:11 [info]: ✅ Migrations completed
2026-01-28 01:32:11 [info]: ✅ Migrations completed
2026-01-28 01:32:11 [info]: ✅ Migrations completed
2026-01-28 01:32:11 [info]: ✅ Migrations completed
2026-01-28 01:32:11 [info]: 🔍 Validating database schema...
2026-01-28 01:32:11 [info]: 🔍 Validating database schema...
2026-01-28 01:32:11 [info]: 🔍 Validating database schema...
2026-01-28 01:32:11 [info]: 🔍 Validating database schema...
2026-01-28 01:32:11 [info]: ✅ Migrations completed
2026-01-28 01:32:11 [info]: ✅ Migrations completed
2026-01-28 01:32:11 [info]: 🔍 Validating database schema...
2026-01-28 01:32:11 [info]: 🔍 Validating database schema...
2026-01-28 01:32:11 [info]: ✅ Schema validation passed
2026-01-28 01:32:11 [info]: ✅ Schema validation passed
2026-01-28 01:32:11 [info]: ✅ Schema validation passed
2026-01-28 01:32:11 [info]: ✅ Schema validation passed
2026-01-28 01:32:11 [info]: ✅ Schema validation passed
2026-01-28 01:32:11 [info]: ✅ Schema validation passed
2026-01-28 01:32:16 [info]: ✅ Database connected
2026-01-28 01:32:16 [info]: 🔄 Running database migrations...
2026-01-28 01:32:16 [info]: ✅ Database connected
2026-01-28 01:32:16 [info]: 🔄 Running database migrations...
2026-01-28 01:32:16 [info]: ✅ Database connected
2026-01-28 01:32:16 [info]: 🔄 Running database migrations...
2026-01-28 01:32:16 [info]: ✅ Database connected
2026-01-28 01:32:16 [info]: ✅ Database connected
2026-01-28 01:32:16 [info]: 🔄 Running database migrations...
2026-01-28 01:32:16 [info]: 🔄 Running database migrations...
2026-01-28 01:32:16 [info]: ✅ Database connected
2026-01-28 01:32:16 [info]: ✅ Migrations completed
2026-01-28 01:32:16 [info]: 🔍 Validating database schema...
2026-01-28 01:32:16 [info]: 🔄 Running database migrations...
2026-01-28 01:32:16 [info]: ✅ Schema validation passed
2026-01-28 01:32:16 [info]: ✅ Migrations completed
2026-01-28 01:32:16 [info]: 🔍 Validating database schema...
2026-01-28 01:32:16 [info]: ✅ Migrations completed
2026-01-28 01:32:16 [info]: 🔍 Validating database schema...
2026-01-28 01:32:16 [info]: ✅ Schema validation passed
2026-01-28 01:32:16 [info]: ✅ Migrations completed
2026-01-28 01:32:16 [info]: 🔍 Validating database schema...
2026-01-28 01:32:16 [info]: ✅ Migrations completed
2026-01-28 01:32:16 [info]: 🔍 Validating database schema...
2026-01-28 01:32:16 [info]: ✅ Schema validation passed
2026-01-28 01:32:16 [info]: ✅ Migrations completed
2026-01-28 01:32:16 [info]: 🔍 Validating database schema...
2026-01-28 01:32:16 [info]: ✅ Schema validation passed
2026-01-28 01:32:16 [info]: ✅ Schema validation passed
2026-01-28 01:32:16 [info]: ✅ Schema validation passed
2026-01-28 01:32:19 [info]: ✅ Database connected
2026-01-28 01:32:19 [info]: 🔄 Running database migrations...
2026-01-28 01:32:19 [info]: ✅ Migrations completed
2026-01-28 01:32:19 [info]: 🔍 Validating database schema...
2026-01-28 01:32:19 [info]: ✅ Schema validation passed
2026-01-28 01:32:48 [info]: ✅ Database connected
2026-01-28 01:32:48 [info]: 🔄 Running database migrations...
2026-01-28 01:32:48 [info]: ✅ Database connected
2026-01-28 01:32:48 [info]: 🔄 Running database migrations...
2026-01-28 01:32:48 [info]: ✅ Database connected
2026-01-28 01:32:48 [info]: 🔄 Running database migrations...
2026-01-28 01:32:48 [info]: ✅ Migrations completed
2026-01-28 01:32:48 [info]: 🔍 Validating database schema...
2026-01-28 01:32:48 [info]: ✅ Schema validation passed
2026-01-28 01:32:48 [info]: ✅ Database connected
2026-01-28 01:32:48 [info]: ✅ Database connected
2026-01-28 01:32:48 [info]: 🔄 Running database migrations...
2026-01-28 01:32:48 [info]: 🔄 Running database migrations...
2026-01-28 01:32:48 [info]: ✅ Migrations completed
2026-01-28 01:32:48 [info]: 🔍 Validating database schema...
2026-01-28 01:32:48 [info]: ✅ Database connected
2026-01-28 01:32:48 [info]: ✅ Database connected
2026-01-28 01:32:48 [info]: 🔄 Running database migrations...
2026-01-28 01:32:48 [info]: 🔄 Running database migrations...
2026-01-28 01:32:48 [info]: ✅ Schema validation passed
2026-01-28 01:32:48 [info]: ✅ Migrations completed
2026-01-28 01:32:48 [info]: 🔍 Validating database schema...
2026-01-28 01:32:48 [info]: ✅ Schema validation passed
2026-01-28 01:32:48 [info]: ✅ Migrations completed
2026-01-28 01:32:48 [info]: ✅ Migrations completed
2026-01-28 01:32:48 [info]: 🔍 Validating database schema...
2026-01-28 01:32:48 [info]: 🔍 Validating database schema...
2026-01-28 01:32:48 [info]: ✅ Schema validation passed
2026-01-28 01:32:48 [info]: ✅ Schema validation passed
2026-01-28 01:32:48 [info]: ✅ Migrations completed
2026-01-28 01:32:48 [info]: ✅ Migrations completed
2026-01-28 01:32:48 [info]: 🔍 Validating database schema...
2026-01-28 01:32:48 [info]: 🔍 Validating database schema...
2026-01-28 01:32:48 [info]: ✅ Schema validation passed
2026-01-28 01:32:48 [info]: ✅ Schema validation passed
2026-01-28 01:34:36 [info]: [Pixels] 🔍 POST /tiles START {"reqId":"tiles-1769531676396-9fpwf8l1z","territoryIdRaw":"california","contentLength":2755,"tilesCount":5,"bodyKeys":["tiles"],"tilesType":"object","tilesIsArray":true,"tilesSample":{"tileId":"california:5:6","pixels":[{"x":86,"y":96,"color":"#ff0000"},{"x":87,"y":96,"color":"#ff0000"},{"x":80,"y":101,"color":"#ff0000"},{"x":80,"y":102,"color":"#ff0000"},{"x":81,"y":102,"color":"#ff0000"},{"x":82,"y":102,"color":"#ff0000"},{"x":83,"y":103,"color":"#ff0000"},{"x":84,"y":103,"color":"#ff0000"},{"x":85,"y":103,"color":"#ff0000"},{"x":86,"y":103,"color":"#ff0000"},{"x":87,"y":104,"color":"#ff0000"},{"x":88,"y":104,"color":"#ff0000"},{"x":89,"y":104,"color":"#ff0000"},{"x":90,"y":104,"color":"#ff0000"},{"x":90,"y":105,"color":"#ff0000"},{"x":91,"y":106,"color":"#ff0000"},{"x":92,"y":106,"color":"#ff0000"},{"x":93,"y":107,"color":"#ff0000"},{"x":94,"y":107,"color":"#ff0000"},{"x":95,"y":107,"color":"#ff0000"},{"x":94,"y":108,"color":"#ff0000"},{"x":95,"y":108,"color":"#ff0000"}],"revision":0}}
2026-01-28 01:34:37 [info]: [Pixels] 🔍 POST /tiles START {"reqId":"tiles-1769531677044-xdpdcg9jj","territoryIdRaw":"california","contentLength":2758,"tilesCount":5,"bodyKeys":["tiles"],"tilesType":"object","tilesIsArray":true,"tilesSample":{"tileId":"california:5:6","pixels":[{"x":86,"y":96,"color":"#ff0000"},{"x":87,"y":96,"color":"#ff0000"},{"x":80,"y":101,"color":"#ff0000"},{"x":80,"y":102,"color":"#ff0000"},{"x":81,"y":102,"color":"#ff0000"},{"x":82,"y":102,"color":"#ff0000"},{"x":83,"y":103,"color":"#ff0000"},{"x":84,"y":103,"color":"#ff0000"},{"x":85,"y":103,"color":"#ff0000"},{"x":86,"y":103,"color":"#ff0000"},{"x":87,"y":104,"color":"#ff0000"},{"x":88,"y":104,"color":"#ff0000"},{"x":89,"y":104,"color":"#ff0000"},{"x":90,"y":104,"color":"#ff0000"},{"x":90,"y":105,"color":"#ff0000"},{"x":91,"y":106,"color":"#ff0000"},{"x":92,"y":106,"color":"#ff0000"},{"x":93,"y":107,"color":"#ff0000"},{"x":94,"y":107,"color":"#ff0000"},{"x":95,"y":107,"color":"#ff0000"},{"x":94,"y":108,"color":"#ff0000"},{"x":95,"y":108,"color":"#ff0000"}],"revision":12}}
2026-01-28 01:34:38 [info]: [Pixels] 🔍 GET START {"reqId":"get-1769531678260-ifr8v8h9x","territoryIdRaw":"california","territoryIdNormalized":"california","redisKey":"pixel_data:california","wasDisplayId":false}
2026-01-28 01:34:38 [info]: [Pixels] 🔍 GET retrieved {"reqId":"get-1769531678260-ifr8v8h9x","territoryId":"california","redisKey":"pixel_data:california","hasData":false,"pixelsLength":0,"filledPixels":0,"revision":0,"dataType":"object"}
2026-01-28 01:34:38 [info]: [Pixels] 🔍 GET START {"reqId":"get-1769531678345-dv4ueqcu5","territoryIdRaw":"california","territoryIdNormalized":"california","redisKey":"pixel_data:california","wasDisplayId":false}
2026-01-28 01:34:38 [info]: [Pixels] 🔍 GET retrieved {"reqId":"get-1769531678345-dv4ueqcu5","territoryId":"california","redisKey":"pixel_data:california","hasData":false,"pixelsLength":0,"filledPixels":0,"revision":0,"dataType":"object"}
2026-01-28 01:34:38 [info]: [Pixels] 🔍 GET START {"reqId":"get-1769531678430-nxf8fbvce","territoryIdRaw":"california","territoryIdNormalized":"california","redisKey":"pixel_data:california","wasDisplayId":false}
2026-01-28 01:34:38 [info]: [Pixels] 🔍 GET retrieved {"reqId":"get-1769531678430-nxf8fbvce","territoryId":"california","redisKey":"pixel_data:california","hasData":false,"pixelsLength":0,"filledPixels":0,"revision":0,"dataType":"object"}
2026-01-28 01:35:55 [info]: ✅ Database connected
2026-01-28 01:35:55 [info]: ✅ Database connected
2026-01-28 01:35:55 [info]: 🔄 Running database migrations...
2026-01-28 01:35:55 [info]: 🔄 Running database migrations...
2026-01-28 01:35:55 [info]: ✅ Database connected
2026-01-28 01:35:55 [info]: 🔄 Running database migrations...
2026-01-28 01:35:55 [info]: ✅ Database connected
2026-01-28 01:35:55 [info]: 🔄 Running database migrations...
2026-01-28 01:35:55 [info]: ✅ Database connected
2026-01-28 01:35:55 [info]: 🔄 Running database migrations...
2026-01-28 01:35:55 [info]: ✅ Database connected
2026-01-28 01:35:55 [info]: 🔄 Running database migrations...
2026-01-28 01:35:55 [info]: ✅ Database connected
2026-01-28 01:35:55 [info]: 🔄 Running database migrations...
2026-01-28 01:35:55 [info]: ✅ Migrations completed
2026-01-28 01:35:55 [info]: 🔍 Validating database schema...
2026-01-28 01:35:55 [info]: ✅ Migrations completed
2026-01-28 01:35:55 [info]: 🔍 Validating database schema...
2026-01-28 01:35:55 [info]: ✅ Migrations completed
2026-01-28 01:35:55 [info]: ✅ Migrations completed
2026-01-28 01:35:55 [info]: 🔍 Validating database schema...
2026-01-28 01:35:55 [info]: 🔍 Validating database schema...
2026-01-28 01:35:55 [info]: ✅ Schema validation passed
2026-01-28 01:35:55 [info]: ✅ Migrations completed
2026-01-28 01:35:55 [info]: 🔍 Validating database schema...
2026-01-28 01:35:55 [info]: ✅ Migrations completed
2026-01-28 01:35:55 [info]: 🔍 Validating database schema...
2026-01-28 01:35:55 [info]: ✅ Migrations completed
2026-01-28 01:35:55 [info]: 🔍 Validating database schema...
2026-01-28 01:35:55 [info]: ✅ Schema validation passed
2026-01-28 01:35:55 [info]: ✅ Schema validation passed
2026-01-28 01:35:55 [info]: ✅ Schema validation passed
2026-01-28 01:35:55 [info]: ✅ Schema validation passed
2026-01-28 01:35:55 [info]: ✅ Schema validation passed
2026-01-28 01:35:55 [info]: ✅ Schema validation passed
2026-01-28 01:35:57 [info]: ✅ Database connected
2026-01-28 01:35:57 [info]: 🔄 Running database migrations...
2026-01-28 01:35:57 [info]: ✅ Migrations completed
2026-01-28 01:35:57 [info]: 🔍 Validating database schema...
2026-01-28 01:35:57 [info]: ✅ Schema validation passed
2026-01-28 01:36:43 [info]: [Pixels] 🔍 GET START {"reqId":"get-1769531803226-paw1644np","territoryIdRaw":"california","territoryIdNormalized":"california","redisKey":"pixel_data:california","wasDisplayId":false}
2026-01-28 01:36:43 [info]: [Pixels] 🔍 GET retrieved {"reqId":"get-1769531803226-paw1644np","territoryId":"california","redisKey":"pixel_data:california","hasData":false,"pixelsLength":0,"filledPixels":0,"revision":0,"dataType":"object"}
2026-01-28 01:37:02 [info]: [Pixels] 🔍 POST /tiles START {"reqId":"tiles-1769531822635-84te1juey","territoryIdRaw":"california","contentLength":2747,"tilesCount":4,"bodyKeys":["tiles"],"tilesType":"object","tilesIsArray":true,"tilesSample":{"tileId":"california:5:5","pixels":[{"x":87,"y":82,"color":"#ff0000"},{"x":88,"y":82,"color":"#ff0000"},{"x":85,"y":83,"color":"#ff0000"},{"x":87,"y":83,"color":"#ff0000"},{"x":88,"y":83,"color":"#ff0000"},{"x":84,"y":84,"color":"#ff0000"},{"x":88,"y":84,"color":"#ff0000"},{"x":81,"y":85,"color":"#ff0000"},{"x":82,"y":85,"color":"#ff0000"},{"x":89,"y":85,"color":"#ff0000"},{"x":80,"y":86,"color":"#ff0000"},{"x":89,"y":86,"color":"#ff0000"},{"x":80,"y":87,"color":"#ff0000"},{"x":81,"y":87,"color":"#ff0000"},{"x":90,"y":88,"color":"#ff0000"},{"x":90,"y":89,"color":"#ff0000"},{"x":90,"y":90,"color":"#ff0000"},{"x":91,"y":91,"color":"#ff0000"},{"x":91,"y":92,"color":"#ff0000"},{"x":90,"y":93,"color":"#ff0000"},{"x":91,"y":93,"color":"#ff0000"},{"x":90,"y":94,"color":"#ff0000"},{"x":90,"y":95,"color":"#ff0000"}],"revision":0}}
2026-01-28 01:37:03 [info]: [Pixels] 🔍 POST /tiles START {"reqId":"tiles-1769531823190-cnxstko8o","territoryIdRaw":"california","contentLength":2750,"tilesCount":4,"bodyKeys":["tiles"],"tilesType":"object","tilesIsArray":true,"tilesSample":{"tileId":"california:5:5","pixels":[{"x":87,"y":82,"color":"#ff0000"},{"x":88,"y":82,"color":"#ff0000"},{"x":85,"y":83,"color":"#ff0000"},{"x":87,"y":83,"color":"#ff0000"},{"x":88,"y":83,"color":"#ff0000"},{"x":84,"y":84,"color":"#ff0000"},{"x":88,"y":84,"color":"#ff0000"},{"x":81,"y":85,"color":"#ff0000"},{"x":82,"y":85,"color":"#ff0000"},{"x":89,"y":85,"color":"#ff0000"},{"x":80,"y":86,"color":"#ff0000"},{"x":89,"y":86,"color":"#ff0000"},{"x":80,"y":87,"color":"#ff0000"},{"x":81,"y":87,"color":"#ff0000"},{"x":90,"y":88,"color":"#ff0000"},{"x":90,"y":89,"color":"#ff0000"},{"x":90,"y":90,"color":"#ff0000"},{"x":91,"y":91,"color":"#ff0000"},{"x":91,"y":92,"color":"#ff0000"},{"x":90,"y":93,"color":"#ff0000"},{"x":91,"y":93,"color":"#ff0000"},{"x":90,"y":94,"color":"#ff0000"},{"x":90,"y":95,"color":"#ff0000"}],"revision":9}}
2026-01-28 01:37:04 [info]: [Pixels] 🔍 GET START {"reqId":"get-1769531824229-prhupontm","territoryIdRaw":"california","territoryIdNormalized":"california","redisKey":"pixel_data:california","wasDisplayId":false}
2026-01-28 01:37:04 [info]: [Pixels] 🔍 GET START {"reqId":"get-1769531824232-niabqdrkk","territoryIdRaw":"california","territoryIdNormalized":"california","redisKey":"pixel_data:california","wasDisplayId":false}
2026-01-28 01:37:04 [info]: [Pixels] 🔍 GET retrieved {"reqId":"get-1769531824229-prhupontm","territoryId":"california","redisKey":"pixel_data:california","hasData":false,"pixelsLength":0,"filledPixels":0,"revision":0,"dataType":"object"}
2026-01-28 01:37:04 [info]: [Pixels] 🔍 GET retrieved {"reqId":"get-1769531824232-niabqdrkk","territoryId":"california","redisKey":"pixel_data:california","hasData":false,"pixelsLength":0,"filledPixels":0,"revision":0,"dataType":"object"}
2026-01-28 01:37:04 [info]: [Pixels] 🔍 GET START {"reqId":"get-1769531824325-bewmwxwlm","territoryIdRaw":"california","territoryIdNormalized":"california","redisKey":"pixel_data:california","wasDisplayId":false}
2026-01-28 01:37:04 [info]: [Pixels] 🔍 GET retrieved {"reqId":"get-1769531824325-bewmwxwlm","territoryId":"california","redisKey":"pixel_data:california","hasData":false,"pixelsLength":0,"filledPixels":0,"revision":0,"dataType":"object"}
2026-01-28 01:37:14 [info]: [Pixels] 🔍 GET START {"reqId":"get-1769531834150-kg82fuv5h","territoryIdRaw":"california","territoryIdNormalized":"california","redisKey":"pixel_data:california","wasDisplayId":false}
2026-01-28 01:37:14 [info]: [Pixels] 🔍 GET retrieved {"reqId":"get-1769531834150-kg82fuv5h","territoryId":"california","redisKey":"pixel_data:california","hasData":false,"pixelsLength":0,"filledPixels":0,"revision":0,"dataType":"object"}
2026-01-28 01:37:14 [info]: [Pixels] 🔍 GET START {"reqId":"get-1769531834766-65xslj8yo","territoryIdRaw":"california","territoryIdNormalized":"california","redisKey":"pixel_data:california","wasDisplayId":false}
2026-01-28 01:37:14 [info]: [Pixels] 🔍 GET retrieved {"reqId":"get-1769531834766-65xslj8yo","territoryId":"california","redisKey":"pixel_data:california","hasData":false,"pixelsLength":0,"filledPixels":0,"revision":0,"dataType":"object"}
2026-01-28 01:37:58 [info]: ✅ Database connected
2026-01-28 01:37:58 [info]: 🔄 Running database migrations...
2026-01-28 01:37:59 [info]: ✅ Migrations completed
2026-01-28 01:37:59 [info]: 🔍 Validating database schema...
2026-01-28 01:37:59 [info]: ✅ Schema validation passed
2026-01-28 01:37:59 [info]: ✅ Redis connected
2026-01-28 01:37:59 [info]: 🚀 Server running on port 3000
2026-01-28 01:37:59 [info]: 📡 WebSocket server ready
2026-01-28 01:37:59 [info]: 🌍 Environment: development
2026-01-28 01:37:59 [info]: 🔗 Health check: http://0.0.0.0:3000/api/health
2026-01-28 01:38:57 [info]: ✅ Database connected
2026-01-28 01:38:57 [info]: 🔄 Running database migrations...
2026-01-28 01:38:57 [info]: ✅ Migrations completed
2026-01-28 01:38:57 [info]: 🔍 Validating database schema...
2026-01-28 01:38:57 [info]: ✅ Schema validation passed
2026-01-28 01:39:36 [info]: ✅ Database connected
2026-01-28 01:39:36 [info]: 🔄 Running database migrations...
2026-01-28 01:39:36 [info]: ✅ Migrations completed
2026-01-28 01:39:36 [info]: 🔍 Validating database schema...
2026-01-28 01:39:36 [info]: ✅ Schema validation passed
2026-01-28 01:41:24 [info]: ✅ Database connected
2026-01-28 01:41:24 [info]: 🔄 Running database migrations...
2026-01-28 01:41:24 [info]: ✅ Migrations completed
2026-01-28 01:41:24 [info]: 🔍 Validating database schema...
2026-01-28 01:41:24 [info]: ✅ Schema validation passed
2026-01-28 01:41:24 [info]: ✅ Redis connected
2026-01-28 01:41:24 [info]: 🚀 Server running on port 8001
2026-01-28 01:41:24 [info]: 📡 WebSocket server ready
2026-01-28 01:41:24 [info]: 🌍 Environment: development
2026-01-28 01:41:24 [info]: 🔗 Health check: http://0.0.0.0:8001/api/health
2026-01-28 01:42:12 [info]: ✅ Database connected
2026-01-28 01:42:12 [info]: 🔄 Running database migrations...
2026-01-28 01:42:12 [info]: ✅ Migrations completed
2026-01-28 01:42:12 [info]: 🔍 Validating database schema...
2026-01-28 01:42:12 [info]: ✅ Schema validation passed
2026-01-28 01:42:44 [info]: ✅ Database connected
2026-01-28 01:42:44 [info]: 🔄 Running database migrations...
2026-01-28 01:42:44 [info]: ✅ Migrations completed
2026-01-28 01:42:44 [info]: 🔍 Validating database schema...
2026-01-28 01:42:44 [info]: ✅ Schema validation passed
2026-01-28 01:42:44 [info]: ✅ Redis connected
2026-01-28 01:42:44 [info]: 🚀 Server running on port 8001
2026-01-28 01:42:44 [info]: 📡 WebSocket server ready
2026-01-28 01:42:44 [info]: 🌍 Environment: development
2026-01-28 01:42:44 [info]: 🔗 Health check: http://0.0.0.0:8001/api/health
2026-01-28 01:43:55 [info]: ✅ Database connected
2026-01-28 01:43:55 [info]: 🔄 Running database migrations...
2026-01-28 01:43:55 [info]: ✅ Migrations completed
2026-01-28 01:43:55 [info]: 🔍 Validating database schema...
2026-01-28 01:43:55 [info]: ✅ Schema validation passed
2026-01-28 01:43:55 [info]: ✅ Redis connected
2026-01-28 01:43:55 [info]: 🚀 Server running on port 3000
2026-01-28 01:43:55 [info]: 📡 WebSocket server ready
2026-01-28 01:43:55 [info]: 🌍 Environment: development
2026-01-28 01:43:55 [info]: 🔗 Health check: http://0.0.0.0:3000/api/health
2026-01-28 12:25:39 [info]: ✅ Database connected
2026-01-28 12:25:39 [info]: 🔄 Running database migrations...
2026-01-28 12:25:39 [info]: ✅ Migrations completed
2026-01-28 12:25:39 [info]: 🔍 Validating database schema...
2026-01-28 12:25:39 [info]: ✅ Schema validation passed
2026-01-28 12:25:39 [info]: ✅ Redis connected
2026-01-28 12:25:39 [info]: 🚀 Server running on port 3000
2026-01-28 12:25:39 [info]: 📡 WebSocket server ready
2026-01-28 12:25:39 [info]: 🌍 Environment: development
2026-01-28 12:25:39 [info]: 🔗 Health check: http://0.0.0.0:3000/api/health
2026-01-28 12:26:33 [info]: ✅ Database connected
2026-01-28 12:26:33 [info]: 🔄 Running database migrations...
2026-01-28 12:26:33 [info]: ✅ Migrations completed
2026-01-28 12:26:33 [info]: 🔍 Validating database schema...
2026-01-28 12:26:33 [info]: ✅ Schema validation passed
2026-01-28 12:26:33 [info]: ✅ Redis connected
2026-01-28 12:26:33 [info]: 🚀 Server running on port 8001
2026-01-28 12:26:33 [info]: 📡 WebSocket server ready
2026-01-28 12:26:33 [info]: 🌍 Environment: development
2026-01-28 12:26:33 [info]: 🔗 Health check: http://0.0.0.0:8001/api/health
2026-01-28 12:57:28 [error]: unhandledRejection: __filename is not defined
ReferenceError: __filename is not defined
    at file:///C:/Users/win/Downloads/Global-Advertising-Platform-d9586aca12844d7c7dbe1a70fb43f4a241df4343/backend/routes/pixels.js:283:23
    at Layer.handle [as handle_request] (C:\Users\win\Downloads\Global-Advertising-Platform-d9586aca12844d7c7dbe1a70fb43f4a241df4343\backend\node_modules\express\lib\router\layer.js:95:5)
    at next (C:\Users\win\Downloads\Global-Advertising-Platform-d9586aca12844d7c7dbe1a70fb43f4a241df4343\backend\node_modules\express\lib\router\route.js:149:13)
    at Route.dispatch (C:\Users\win\Downloads\Global-Advertising-Platform-d9586aca12844d7c7dbe1a70fb43f4a241df4343\backend\node_modules\express\lib\router\route.js:119:3)
    at Layer.handle [as handle_request] (C:\Users\win\Downloads\Global-Advertising-Platform-d9586aca12844d7c7dbe1a70fb43f4a241df4343\backend\node_modules\express\lib\router\layer.js:95:5)
    at C:\Users\win\Downloads\Global-Advertising-Platform-d9586aca12844d7c7dbe1a70fb43f4a241df4343\backend\node_modules\express\lib\router\index.js:284:15
    at Function.process_params (C:\Users\win\Downloads\Global-Advertising-Platform-d9586aca12844d7c7dbe1a70fb43f4a241df4343\backend\node_modules\express\lib\router\index.js:346:12)
    at next (C:\Users\win\Downloads\Global-Advertising-Platform-d9586aca12844d7c7dbe1a70fb43f4a241df4343\backend\node_modules\express\lib\router\index.js:280:10)
    at Function.handle (C:\Users\win\Downloads\Global-Advertising-Platform-d9586aca12844d7c7dbe1a70fb43f4a241df4343\backend\node_modules\express\lib\router\index.js:175:3)
    at router (C:\Users\win\Downloads\Global-Advertising-Platform-d9586aca12844d7c7dbe1a70fb43f4a241df4343\backend\node_modules\express\lib\router\index.js:47:12)
ReferenceError: __filename is not defined
    at file:///C:/Users/win/Downloads/Global-Advertising-Platform-d9586aca12844d7c7dbe1a70fb43f4a241df4343/backend/routes/pixels.js:283:23
    at Layer.handle [as handle_request] (C:\Users\win\Downloads\Global-Advertising-Platform-d9586aca12844d7c7dbe1a70fb43f4a241df4343\backend\node_modules\express\lib\router\layer.js:95:5)
    at next (C:\Users\win\Downloads\Global-Advertising-Platform-d9586aca12844d7c7dbe1a70fb43f4a241df4343\backend\node_modules\express\lib\router\route.js:149:13)
    at Route.dispatch (C:\Users\win\Downloads\Global-Advertising-Platform-d9586aca12844d7c7dbe1a70fb43f4a241df4343\backend\node_modules\express\lib\router\route.js:119:3)
    at Layer.handle [as handle_request] (C:\Users\win\Downloads\Global-Advertising-Platform-d9586aca12844d7c7dbe1a70fb43f4a241df4343\backend\node_modules\express\lib\router\layer.js:95:5)
    at C:\Users\win\Downloads\Global-Advertising-Platform-d9586aca12844d7c7dbe1a70fb43f4a241df4343\backend\node_modules\express\lib\router\index.js:284:15
    at Function.process_params (C:\Users\win\Downloads\Global-Advertising-Platform-d9586aca12844d7c7dbe1a70fb43f4a241df4343\backend\node_modules\express\lib\router\index.js:346:12)
    at next (C:\Users\win\Downloads\Global-Advertising-Platform-d9586aca12844d7c7dbe1a70fb43f4a241df4343\backend\node_modules\express\lib\router\index.js:280:10)
    at Function.handle (C:\Users\win\Downloads\Global-Advertising-Platform-d9586aca12844d7c7dbe1a70fb43f4a241df4343\backend\node_modules\express\lib\router\index.js:175:3)
    at router (C:\Users\win\Downloads\Global-Advertising-Platform-d9586aca12844d7c7dbe1a70fb43f4a241df4343\backend\node_modules\express\lib\router\index.js:47:12) {"error":{},"rejection":true,"date":"Wed Jan 28 2026 12:57:28 GMT+0900 (대한민국 표준시)","process":{"pid":28144,"uid":null,"gid":null,"cwd":"C:\\Users\\win\\Downloads\\Global-Advertising-Platform-d9586aca12844d7c7dbe1a70fb43f4a241df4343\\backend","execPath":"C:\\Program Files\\nodejs\\node.exe","version":"v22.13.1","argv":["C:\\Program Files\\nodejs\\node.exe","C:\\Users\\win\\Downloads\\Global-Advertising-Platform-d9586aca12844d7c7dbe1a70fb43f4a241df4343\\backend\\server.js"],"memoryUsage":{"rss":96722944,"heapTotal":55304192,"heapUsed":41248616,"external":6107772,"arrayBuffers":2391404}},"os":{"loadavg":[0,0,0],"uptime":142956.406},"trace":[{"column":23,"file":"file:///C:/Users/win/Downloads/Global-Advertising-Platform-d9586aca12844d7c7dbe1a70fb43f4a241df4343/backend/routes/pixels.js","function":null,"line":283,"method":null,"native":false},{"column":5,"file":"C:\\Users\\win\\Downloads\\Global-Advertising-Platform-d9586aca12844d7c7dbe1a70fb43f4a241df4343\\backend\\node_modules\\express\\lib\\router\\layer.js","function":"Layer.handle [as handle_request]","line":95,"method":"handle [as handle_request]","native":false},{"column":13,"file":"C:\\Users\\win\\Downloads\\Global-Advertising-Platform-d9586aca12844d7c7dbe1a70fb43f4a241df4343\\backend\\node_modules\\express\\lib\\router\\route.js","function":"next","line":149,"method":null,"native":false},{"column":3,"file":"C:\\Users\\win\\Downloads\\Global-Advertising-Platform-d9586aca12844d7c7dbe1a70fb43f4a241df4343\\backend\\node_modules\\express\\lib\\router\\route.js","function":"Route.dispatch","line":119,"method":"dispatch","native":false},{"column":5,"file":"C:\\Users\\win\\Downloads\\Global-Advertising-Platform-d9586aca12844d7c7dbe1a70fb43f4a241df4343\\backend\\node_modules\\express\\lib\\router\\layer.js","function":"Layer.handle [as handle_request]","line":95,"method":"handle [as handle_request]","native":false},{"column":15,"file":"C:\\Users\\win\\Downloads\\Global-Advertising-Platform-d9586aca12844d7c7dbe1a70fb43f4a241df4343\\backend\\node_modules\\express\\lib\\router\\index.js","function":null,"line":284,"method":null,"native":false},{"column":12,"file":"C:\\Users\\win\\Downloads\\Global-Advertising-Platform-d9586aca12844d7c7dbe1a70fb43f4a241df4343\\backend\\node_modules\\express\\lib\\router\\index.js","function":"Function.process_params","line":346,"method":"process_params","native":false},{"column":10,"file":"C:\\Users\\win\\Downloads\\Global-Advertising-Platform-d9586aca12844d7c7dbe1a70fb43f4a241df4343\\backend\\node_modules\\express\\lib\\router\\index.js","function":"next","line":280,"method":null,"native":false},{"column":3,"file":"C:\\Users\\win\\Downloads\\Global-Advertising-Platform-d9586aca12844d7c7dbe1a70fb43f4a241df4343\\backend\\node_modules\\express\\lib\\router\\index.js","function":"Function.handle","line":175,"method":"handle","native":false},{"column":12,"file":"C:\\Users\\win\\Downloads\\Global-Advertising-Platform-d9586aca12844d7c7dbe1a70fb43f4a241df4343\\backend\\node_modules\\express\\lib\\router\\index.js","function":"router","line":47,"method":null,"native":false}]}
2026-01-28 12:58:52 [info]: ✅ Database connected
2026-01-28 12:58:52 [info]: 🔄 Running database migrations...
2026-01-28 12:58:52 [info]: ✅ Migrations completed
2026-01-28 12:58:52 [info]: 🔍 Validating database schema...
2026-01-28 12:58:52 [info]: ✅ Schema validation passed
2026-01-28 12:58:52 [info]: ✅ Redis connected
2026-01-28 12:58:52 [info]: 🚀 Server running on port 8001
2026-01-28 12:58:52 [info]: 📡 WebSocket server ready
2026-01-28 12:58:52 [info]: 🌍 Environment: development
2026-01-28 12:58:52 [info]: 🔗 Health check: http://0.0.0.0:8001/api/health
2026-01-28 13:59:02 [info]: ✅ Database connected
2026-01-28 13:59:02 [info]: 🔄 Running database migrations...
2026-01-28 13:59:02 [info]: ✅ Migrations completed
2026-01-28 13:59:02 [info]: 🔍 Validating database schema...
2026-01-28 13:59:02 [info]: ✅ Schema validation passed
2026-01-28 13:59:02 [info]: ✅ Redis connected
2026-01-28 13:59:02 [info]: 🚀 Server running on port 3000
2026-01-28 13:59:02 [info]: 📡 WebSocket server ready
2026-01-28 13:59:02 [info]: 🌍 Environment: development
2026-01-28 13:59:02 [info]: 🔗 Health check: http://0.0.0.0:3000/api/health
2026-01-28 14:01:31 [info]: ✅ Database connected
2026-01-28 14:01:31 [info]: 🔄 Running database migrations...
2026-01-28 14:01:31 [info]: ✅ Migrations completed
2026-01-28 14:01:31 [info]: 🔍 Validating database schema...
2026-01-28 14:01:31 [info]: ✅ Schema validation passed
2026-01-28 14:01:31 [info]: ✅ Redis connected
2026-01-28 14:01:31 [info]: 🚀 Server running on port 8001
2026-01-28 14:01:31 [info]: 📡 WebSocket server ready
2026-01-28 14:01:31 [info]: 🌍 Environment: development
2026-01-28 14:01:31 [info]: 🔗 Health check: http://0.0.0.0:8001/api/health
2026-01-28 14:02:13 [error]: unhandledRejection: __filename is not defined
ReferenceError: __filename is not defined
    at file:///C:/Users/win/Downloads/Global-Advertising-Platform-d9586aca12844d7c7dbe1a70fb43f4a241df4343/backend/routes/pixels.js:283:23
    at Layer.handle [as handle_request] (C:\Users\win\Downloads\Global-Advertising-Platform-d9586aca12844d7c7dbe1a70fb43f4a241df4343\backend\node_modules\express\lib\router\layer.js:95:5)
    at next (C:\Users\win\Downloads\Global-Advertising-Platform-d9586aca12844d7c7dbe1a70fb43f4a241df4343\backend\node_modules\express\lib\router\route.js:149:13)
    at Route.dispatch (C:\Users\win\Downloads\Global-Advertising-Platform-d9586aca12844d7c7dbe1a70fb43f4a241df4343\backend\node_modules\express\lib\router\route.js:119:3)
    at Layer.handle [as handle_request] (C:\Users\win\Downloads\Global-Advertising-Platform-d9586aca12844d7c7dbe1a70fb43f4a241df4343\backend\node_modules\express\lib\router\layer.js:95:5)
    at C:\Users\win\Downloads\Global-Advertising-Platform-d9586aca12844d7c7dbe1a70fb43f4a241df4343\backend\node_modules\express\lib\router\index.js:284:15
    at Function.process_params (C:\Users\win\Downloads\Global-Advertising-Platform-d9586aca12844d7c7dbe1a70fb43f4a241df4343\backend\node_modules\express\lib\router\index.js:346:12)
    at next (C:\Users\win\Downloads\Global-Advertising-Platform-d9586aca12844d7c7dbe1a70fb43f4a241df4343\backend\node_modules\express\lib\router\index.js:280:10)
    at Function.handle (C:\Users\win\Downloads\Global-Advertising-Platform-d9586aca12844d7c7dbe1a70fb43f4a241df4343\backend\node_modules\express\lib\router\index.js:175:3)
    at router (C:\Users\win\Downloads\Global-Advertising-Platform-d9586aca12844d7c7dbe1a70fb43f4a241df4343\backend\node_modules\express\lib\router\index.js:47:12)
ReferenceError: __filename is not defined
    at file:///C:/Users/win/Downloads/Global-Advertising-Platform-d9586aca12844d7c7dbe1a70fb43f4a241df4343/backend/routes/pixels.js:283:23
    at Layer.handle [as handle_request] (C:\Users\win\Downloads\Global-Advertising-Platform-d9586aca12844d7c7dbe1a70fb43f4a241df4343\backend\node_modules\express\lib\router\layer.js:95:5)
    at next (C:\Users\win\Downloads\Global-Advertising-Platform-d9586aca12844d7c7dbe1a70fb43f4a241df4343\backend\node_modules\express\lib\router\route.js:149:13)
    at Route.dispatch (C:\Users\win\Downloads\Global-Advertising-Platform-d9586aca12844d7c7dbe1a70fb43f4a241df4343\backend\node_modules\express\lib\router\route.js:119:3)
    at Layer.handle [as handle_request] (C:\Users\win\Downloads\Global-Advertising-Platform-d9586aca12844d7c7dbe1a70fb43f4a241df4343\backend\node_modules\express\lib\router\layer.js:95:5)
    at C:\Users\win\Downloads\Global-Advertising-Platform-d9586aca12844d7c7dbe1a70fb43f4a241df4343\backend\node_modules\express\lib\router\index.js:284:15
    at Function.process_params (C:\Users\win\Downloads\Global-Advertising-Platform-d9586aca12844d7c7dbe1a70fb43f4a241df4343\backend\node_modules\express\lib\router\index.js:346:12)
    at next (C:\Users\win\Downloads\Global-Advertising-Platform-d9586aca12844d7c7dbe1a70fb43f4a241df4343\backend\node_modules\express\lib\router\index.js:280:10)
    at Function.handle (C:\Users\win\Downloads\Global-Advertising-Platform-d9586aca12844d7c7dbe1a70fb43f4a241df4343\backend\node_modules\express\lib\router\index.js:175:3)
    at router (C:\Users\win\Downloads\Global-Advertising-Platform-d9586aca12844d7c7dbe1a70fb43f4a241df4343\backend\node_modules\express\lib\router\index.js:47:12) {"error":{},"rejection":true,"date":"Wed Jan 28 2026 14:02:13 GMT+0900 (대한민국 표준시)","process":{"pid":26520,"uid":null,"gid":null,"cwd":"C:\\Users\\win\\Downloads\\Global-Advertising-Platform-d9586aca12844d7c7dbe1a70fb43f4a241df4343\\backend","execPath":"C:\\Program Files\\nodejs\\node.exe","version":"v22.13.1","argv":["C:\\Program Files\\nodejs\\node.exe","C:\\Users\\win\\Downloads\\Global-Advertising-Platform-d9586aca12844d7c7dbe1a70fb43f4a241df4343\\backend\\server.js"],"memoryUsage":{"rss":95862784,"heapTotal":55304192,"heapUsed":41362448,"external":6060286,"arrayBuffers":2368778}},"os":{"loadavg":[0,0,0],"uptime":146841.078},"trace":[{"column":23,"file":"file:///C:/Users/win/Downloads/Global-Advertising-Platform-d9586aca12844d7c7dbe1a70fb43f4a241df4343/backend/routes/pixels.js","function":null,"line":283,"method":null,"native":false},{"column":5,"file":"C:\\Users\\win\\Downloads\\Global-Advertising-Platform-d9586aca12844d7c7dbe1a70fb43f4a241df4343\\backend\\node_modules\\express\\lib\\router\\layer.js","function":"Layer.handle [as handle_request]","line":95,"method":"handle [as handle_request]","native":false},{"column":13,"file":"C:\\Users\\win\\Downloads\\Global-Advertising-Platform-d9586aca12844d7c7dbe1a70fb43f4a241df4343\\backend\\node_modules\\express\\lib\\router\\route.js","function":"next","line":149,"method":null,"native":false},{"column":3,"file":"C:\\Users\\win\\Downloads\\Global-Advertising-Platform-d9586aca12844d7c7dbe1a70fb43f4a241df4343\\backend\\node_modules\\express\\lib\\router\\route.js","function":"Route.dispatch","line":119,"method":"dispatch","native":false},{"column":5,"file":"C:\\Users\\win\\Downloads\\Global-Advertising-Platform-d9586aca12844d7c7dbe1a70fb43f4a241df4343\\backend\\node_modules\\express\\lib\\router\\layer.js","function":"Layer.handle [as handle_request]","line":95,"method":"handle [as handle_request]","native":false},{"column":15,"file":"C:\\Users\\win\\Downloads\\Global-Advertising-Platform-d9586aca12844d7c7dbe1a70fb43f4a241df4343\\backend\\node_modules\\express\\lib\\router\\index.js","function":null,"line":284,"method":null,"native":false},{"column":12,"file":"C:\\Users\\win\\Downloads\\Global-Advertising-Platform-d9586aca12844d7c7dbe1a70fb43f4a241df4343\\backend\\node_modules\\express\\lib\\router\\index.js","function":"Function.process_params","line":346,"method":"process_params","native":false},{"column":10,"file":"C:\\Users\\win\\Downloads\\Global-Advertising-Platform-d9586aca12844d7c7dbe1a70fb43f4a241df4343\\backend\\node_modules\\express\\lib\\router\\index.js","function":"next","line":280,"method":null,"native":false},{"column":3,"file":"C:\\Users\\win\\Downloads\\Global-Advertising-Platform-d9586aca12844d7c7dbe1a70fb43f4a241df4343\\backend\\node_modules\\express\\lib\\router\\index.js","function":"Function.handle","line":175,"method":"handle","native":false},{"column":12,"file":"C:\\Users\\win\\Downloads\\Global-Advertising-Platform-d9586aca12844d7c7dbe1a70fb43f4a241df4343\\backend\\node_modules\\express\\lib\\router\\index.js","function":"router","line":47,"method":null,"native":false}]}
2026-01-28 14:03:11 [info]: ✅ Database connected
2026-01-28 14:03:11 [info]: 🔄 Running database migrations...
2026-01-28 14:03:11 [info]: ✅ Migrations completed
2026-01-28 14:03:11 [info]: 🔍 Validating database schema...
2026-01-28 14:03:11 [info]: ✅ Schema validation passed
2026-01-28 14:03:11 [info]: ✅ Redis connected
2026-01-28 14:03:11 [info]: 🚀 Server running on port 8001
2026-01-28 14:03:11 [info]: 📡 WebSocket server ready
2026-01-28 14:03:11 [info]: 🌍 Environment: development
2026-01-28 14:03:11 [info]: 🔗 Health check: http://0.0.0.0:8001/api/health
2026-01-28 14:03:48 [error]: unhandledRejection: __filename is not defined
ReferenceError: __filename is not defined
    at file:///C:/Users/win/Downloads/Global-Advertising-Platform-d9586aca12844d7c7dbe1a70fb43f4a241df4343/backend/routes/pixels.js:283:23
    at Layer.handle [as handle_request] (C:\Users\win\Downloads\Global-Advertising-Platform-d9586aca12844d7c7dbe1a70fb43f4a241df4343\backend\node_modules\express\lib\router\layer.js:95:5)
    at next (C:\Users\win\Downloads\Global-Advertising-Platform-d9586aca12844d7c7dbe1a70fb43f4a241df4343\backend\node_modules\express\lib\router\route.js:149:13)
    at Route.dispatch (C:\Users\win\Downloads\Global-Advertising-Platform-d9586aca12844d7c7dbe1a70fb43f4a241df4343\backend\node_modules\express\lib\router\route.js:119:3)
    at Layer.handle [as handle_request] (C:\Users\win\Downloads\Global-Advertising-Platform-d9586aca12844d7c7dbe1a70fb43f4a241df4343\backend\node_modules\express\lib\router\layer.js:95:5)
    at C:\Users\win\Downloads\Global-Advertising-Platform-d9586aca12844d7c7dbe1a70fb43f4a241df4343\backend\node_modules\express\lib\router\index.js:284:15
    at Function.process_params (C:\Users\win\Downloads\Global-Advertising-Platform-d9586aca12844d7c7dbe1a70fb43f4a241df4343\backend\node_modules\express\lib\router\index.js:346:12)
    at next (C:\Users\win\Downloads\Global-Advertising-Platform-d9586aca12844d7c7dbe1a70fb43f4a241df4343\backend\node_modules\express\lib\router\index.js:280:10)
    at Function.handle (C:\Users\win\Downloads\Global-Advertising-Platform-d9586aca12844d7c7dbe1a70fb43f4a241df4343\backend\node_modules\express\lib\router\index.js:175:3)
    at router (C:\Users\win\Downloads\Global-Advertising-Platform-d9586aca12844d7c7dbe1a70fb43f4a241df4343\backend\node_modules\express\lib\router\index.js:47:12)
ReferenceError: __filename is not defined
    at file:///C:/Users/win/Downloads/Global-Advertising-Platform-d9586aca12844d7c7dbe1a70fb43f4a241df4343/backend/routes/pixels.js:283:23
    at Layer.handle [as handle_request] (C:\Users\win\Downloads\Global-Advertising-Platform-d9586aca12844d7c7dbe1a70fb43f4a241df4343\backend\node_modules\express\lib\router\layer.js:95:5)
    at next (C:\Users\win\Downloads\Global-Advertising-Platform-d9586aca12844d7c7dbe1a70fb43f4a241df4343\backend\node_modules\express\lib\router\route.js:149:13)
    at Route.dispatch (C:\Users\win\Downloads\Global-Advertising-Platform-d9586aca12844d7c7dbe1a70fb43f4a241df4343\backend\node_modules\express\lib\router\route.js:119:3)
    at Layer.handle [as handle_request] (C:\Users\win\Downloads\Global-Advertising-Platform-d9586aca12844d7c7dbe1a70fb43f4a241df4343\backend\node_modules\express\lib\router\layer.js:95:5)
    at C:\Users\win\Downloads\Global-Advertising-Platform-d9586aca12844d7c7dbe1a70fb43f4a241df4343\backend\node_modules\express\lib\router\index.js:284:15
    at Function.process_params (C:\Users\win\Downloads\Global-Advertising-Platform-d9586aca12844d7c7dbe1a70fb43f4a241df4343\backend\node_modules\express\lib\router\index.js:346:12)
    at next (C:\Users\win\Downloads\Global-Advertising-Platform-d9586aca12844d7c7dbe1a70fb43f4a241df4343\backend\node_modules\express\lib\router\index.js:280:10)
    at Function.handle (C:\Users\win\Downloads\Global-Advertising-Platform-d9586aca12844d7c7dbe1a70fb43f4a241df4343\backend\node_modules\express\lib\router\index.js:175:3)
    at router (C:\Users\win\Downloads\Global-Advertising-Platform-d9586aca12844d7c7dbe1a70fb43f4a241df4343\backend\node_modules\express\lib\router\index.js:47:12) {"error":{},"rejection":true,"date":"Wed Jan 28 2026 14:03:48 GMT+0900 (대한민국 표준시)","process":{"pid":25300,"uid":null,"gid":null,"cwd":"C:\\Users\\win\\Downloads\\Global-Advertising-Platform-d9586aca12844d7c7dbe1a70fb43f4a241df4343\\backend","execPath":"C:\\Program Files\\nodejs\\node.exe","version":"v22.13.1","argv":["C:\\Program Files\\nodejs\\node.exe","C:\\Users\\win\\Downloads\\Global-Advertising-Platform-d9586aca12844d7c7dbe1a70fb43f4a241df4343\\backend\\server.js"],"memoryUsage":{"rss":83918848,"heapTotal":42090496,"heapUsed":34899752,"external":4676359,"arrayBuffers":981476}},"os":{"loadavg":[0,0,0],"uptime":146936},"trace":[{"column":23,"file":"file:///C:/Users/win/Downloads/Global-Advertising-Platform-d9586aca12844d7c7dbe1a70fb43f4a241df4343/backend/routes/pixels.js","function":null,"line":283,"method":null,"native":false},{"column":5,"file":"C:\\Users\\win\\Downloads\\Global-Advertising-Platform-d9586aca12844d7c7dbe1a70fb43f4a241df4343\\backend\\node_modules\\express\\lib\\router\\layer.js","function":"Layer.handle [as handle_request]","line":95,"method":"handle [as handle_request]","native":false},{"column":13,"file":"C:\\Users\\win\\Downloads\\Global-Advertising-Platform-d9586aca12844d7c7dbe1a70fb43f4a241df4343\\backend\\node_modules\\express\\lib\\router\\route.js","function":"next","line":149,"method":null,"native":false},{"column":3,"file":"C:\\Users\\win\\Downloads\\Global-Advertising-Platform-d9586aca12844d7c7dbe1a70fb43f4a241df4343\\backend\\node_modules\\express\\lib\\router\\route.js","function":"Route.dispatch","line":119,"method":"dispatch","native":false},{"column":5,"file":"C:\\Users\\win\\Downloads\\Global-Advertising-Platform-d9586aca12844d7c7dbe1a70fb43f4a241df4343\\backend\\node_modules\\express\\lib\\router\\layer.js","function":"Layer.handle [as handle_request]","line":95,"method":"handle [as handle_request]","native":false},{"column":15,"file":"C:\\Users\\win\\Downloads\\Global-Advertising-Platform-d9586aca12844d7c7dbe1a70fb43f4a241df4343\\backend\\node_modules\\express\\lib\\router\\index.js","function":null,"line":284,"method":null,"native":false},{"column":12,"file":"C:\\Users\\win\\Downloads\\Global-Advertising-Platform-d9586aca12844d7c7dbe1a70fb43f4a241df4343\\backend\\node_modules\\express\\lib\\router\\index.js","function":"Function.process_params","line":346,"method":"process_params","native":false},{"column":10,"file":"C:\\Users\\win\\Downloads\\Global-Advertising-Platform-d9586aca12844d7c7dbe1a70fb43f4a241df4343\\backend\\node_modules\\express\\lib\\router\\index.js","function":"next","line":280,"method":null,"native":false},{"column":3,"file":"C:\\Users\\win\\Downloads\\Global-Advertising-Platform-d9586aca12844d7c7dbe1a70fb43f4a241df4343\\backend\\node_modules\\express\\lib\\router\\index.js","function":"Function.handle","line":175,"method":"handle","native":false},{"column":12,"file":"C:\\Users\\win\\Downloads\\Global-Advertising-Platform-d9586aca12844d7c7dbe1a70fb43f4a241df4343\\backend\\node_modules\\express\\lib\\router\\index.js","function":"router","line":47,"method":null,"native":false}]}
2026-01-28 14:05:25 [info]: ✅ Database connected
2026-01-28 14:05:25 [info]: 🔄 Running database migrations...
2026-01-28 14:05:25 [info]: ✅ Migrations completed
2026-01-28 14:05:25 [info]: 🔍 Validating database schema...
2026-01-28 14:05:25 [info]: ✅ Schema validation passed
2026-01-28 14:05:25 [info]: ✅ Redis connected
2026-01-28 14:05:25 [info]: 🚀 Server running on port 8001
2026-01-28 14:05:25 [info]: 📡 WebSocket server ready
2026-01-28 14:05:25 [info]: 🌍 Environment: development
2026-01-28 14:05:25 [info]: 🔗 Health check: http://0.0.0.0:8001/api/health
2026-01-28 14:08:14 [error]: unhandledRejection: __filename is not defined
ReferenceError: __filename is not defined
    at file:///C:/Users/win/Downloads/Global-Advertising-Platform-d9586aca12844d7c7dbe1a70fb43f4a241df4343/backend/routes/pixels.js:283:23
    at Layer.handle [as handle_request] (C:\Users\win\Downloads\Global-Advertising-Platform-d9586aca12844d7c7dbe1a70fb43f4a241df4343\backend\node_modules\express\lib\router\layer.js:95:5)
    at next (C:\Users\win\Downloads\Global-Advertising-Platform-d9586aca12844d7c7dbe1a70fb43f4a241df4343\backend\node_modules\express\lib\router\route.js:149:13)
    at Route.dispatch (C:\Users\win\Downloads\Global-Advertising-Platform-d9586aca12844d7c7dbe1a70fb43f4a241df4343\backend\node_modules\express\lib\router\route.js:119:3)
    at Layer.handle [as handle_request] (C:\Users\win\Downloads\Global-Advertising-Platform-d9586aca12844d7c7dbe1a70fb43f4a241df4343\backend\node_modules\express\lib\router\layer.js:95:5)
    at C:\Users\win\Downloads\Global-Advertising-Platform-d9586aca12844d7c7dbe1a70fb43f4a241df4343\backend\node_modules\express\lib\router\index.js:284:15
    at Function.process_params (C:\Users\win\Downloads\Global-Advertising-Platform-d9586aca12844d7c7dbe1a70fb43f4a241df4343\backend\node_modules\express\lib\router\index.js:346:12)
    at next (C:\Users\win\Downloads\Global-Advertising-Platform-d9586aca12844d7c7dbe1a70fb43f4a241df4343\backend\node_modules\express\lib\router\index.js:280:10)
    at Function.handle (C:\Users\win\Downloads\Global-Advertising-Platform-d9586aca12844d7c7dbe1a70fb43f4a241df4343\backend\node_modules\express\lib\router\index.js:175:3)
    at router (C:\Users\win\Downloads\Global-Advertising-Platform-d9586aca12844d7c7dbe1a70fb43f4a241df4343\backend\node_modules\express\lib\router\index.js:47:12)
ReferenceError: __filename is not defined
    at file:///C:/Users/win/Downloads/Global-Advertising-Platform-d9586aca12844d7c7dbe1a70fb43f4a241df4343/backend/routes/pixels.js:283:23
    at Layer.handle [as handle_request] (C:\Users\win\Downloads\Global-Advertising-Platform-d9586aca12844d7c7dbe1a70fb43f4a241df4343\backend\node_modules\express\lib\router\layer.js:95:5)
    at next (C:\Users\win\Downloads\Global-Advertising-Platform-d9586aca12844d7c7dbe1a70fb43f4a241df4343\backend\node_modules\express\lib\router\route.js:149:13)
    at Route.dispatch (C:\Users\win\Downloads\Global-Advertising-Platform-d9586aca12844d7c7dbe1a70fb43f4a241df4343\backend\node_modules\express\lib\router\route.js:119:3)
    at Layer.handle [as handle_request] (C:\Users\win\Downloads\Global-Advertising-Platform-d9586aca12844d7c7dbe1a70fb43f4a241df4343\backend\node_modules\express\lib\router\layer.js:95:5)
    at C:\Users\win\Downloads\Global-Advertising-Platform-d9586aca12844d7c7dbe1a70fb43f4a241df4343\backend\node_modules\express\lib\router\index.js:284:15
    at Function.process_params (C:\Users\win\Downloads\Global-Advertising-Platform-d9586aca12844d7c7dbe1a70fb43f4a241df4343\backend\node_modules\express\lib\router\index.js:346:12)
    at next (C:\Users\win\Downloads\Global-Advertising-Platform-d9586aca12844d7c7dbe1a70fb43f4a241df4343\backend\node_modules\express\lib\router\index.js:280:10)
    at Function.handle (C:\Users\win\Downloads\Global-Advertising-Platform-d9586aca12844d7c7dbe1a70fb43f4a241df4343\backend\node_modules\express\lib\router\index.js:175:3)
    at router (C:\Users\win\Downloads\Global-Advertising-Platform-d9586aca12844d7c7dbe1a70fb43f4a241df4343\backend\node_modules\express\lib\router\index.js:47:12) {"error":{},"rejection":true,"date":"Wed Jan 28 2026 14:08:14 GMT+0900 (대한민국 표준시)","process":{"pid":21216,"uid":null,"gid":null,"cwd":"C:\\Users\\win\\Downloads\\Global-Advertising-Platform-d9586aca12844d7c7dbe1a70fb43f4a241df4343\\backend","execPath":"C:\\Program Files\\nodejs\\node.exe","version":"v22.13.1","argv":["C:\\Program Files\\nodejs\\node.exe","C:\\Users\\win\\Downloads\\Global-Advertising-Platform-d9586aca12844d7c7dbe1a70fb43f4a241df4343\\backend\\server.js"],"memoryUsage":{"rss":79040512,"heapTotal":40755200,"heapUsed":31840760,"external":3851727,"arrayBuffers":160411}},"os":{"loadavg":[0,0,0],"uptime":147202.265},"trace":[{"column":23,"file":"file:///C:/Users/win/Downloads/Global-Advertising-Platform-d9586aca12844d7c7dbe1a70fb43f4a241df4343/backend/routes/pixels.js","function":null,"line":283,"method":null,"native":false},{"column":5,"file":"C:\\Users\\win\\Downloads\\Global-Advertising-Platform-d9586aca12844d7c7dbe1a70fb43f4a241df4343\\backend\\node_modules\\express\\lib\\router\\layer.js","function":"Layer.handle [as handle_request]","line":95,"method":"handle [as handle_request]","native":false},{"column":13,"file":"C:\\Users\\win\\Downloads\\Global-Advertising-Platform-d9586aca12844d7c7dbe1a70fb43f4a241df4343\\backend\\node_modules\\express\\lib\\router\\route.js","function":"next","line":149,"method":null,"native":false},{"column":3,"file":"C:\\Users\\win\\Downloads\\Global-Advertising-Platform-d9586aca12844d7c7dbe1a70fb43f4a241df4343\\backend\\node_modules\\express\\lib\\router\\route.js","function":"Route.dispatch","line":119,"method":"dispatch","native":false},{"column":5,"file":"C:\\Users\\win\\Downloads\\Global-Advertising-Platform-d9586aca12844d7c7dbe1a70fb43f4a241df4343\\backend\\node_modules\\express\\lib\\router\\layer.js","function":"Layer.handle [as handle_request]","line":95,"method":"handle [as handle_request]","native":false},{"column":15,"file":"C:\\Users\\win\\Downloads\\Global-Advertising-Platform-d9586aca12844d7c7dbe1a70fb43f4a241df4343\\backend\\node_modules\\express\\lib\\router\\index.js","function":null,"line":284,"method":null,"native":false},{"column":12,"file":"C:\\Users\\win\\Downloads\\Global-Advertising-Platform-d9586aca12844d7c7dbe1a70fb43f4a241df4343\\backend\\node_modules\\express\\lib\\router\\index.js","function":"Function.process_params","line":346,"method":"process_params","native":false},{"column":10,"file":"C:\\Users\\win\\Downloads\\Global-Advertising-Platform-d9586aca12844d7c7dbe1a70fb43f4a241df4343\\backend\\node_modules\\express\\lib\\router\\index.js","function":"next","line":280,"method":null,"native":false},{"column":3,"file":"C:\\Users\\win\\Downloads\\Global-Advertising-Platform-d9586aca12844d7c7dbe1a70fb43f4a241df4343\\backend\\node_modules\\express\\lib\\router\\index.js","function":"Function.handle","line":175,"method":"handle","native":false},{"column":12,"file":"C:\\Users\\win\\Downloads\\Global-Advertising-Platform-d9586aca12844d7c7dbe1a70fb43f4a241df4343\\backend\\node_modules\\express\\lib\\router\\index.js","function":"router","line":47,"method":null,"native":false}]}
2026-01-28 14:08:54 [info]: ✅ Database connected
2026-01-28 14:08:54 [info]: 🔄 Running database migrations...
2026-01-28 14:08:54 [info]: ✅ Migrations completed
2026-01-28 14:08:54 [info]: 🔍 Validating database schema...
2026-01-28 14:08:54 [info]: ✅ Schema validation passed
2026-01-28 14:08:54 [info]: ✅ Redis connected
2026-01-28 14:08:54 [info]: 🚀 Server running on port 8001
2026-01-28 14:08:54 [info]: 📡 WebSocket server ready
2026-01-28 14:08:54 [info]: 🌍 Environment: development
2026-01-28 14:08:54 [info]: 🔗 Health check: http://0.0.0.0:8001/api/health
2026-01-28 14:09:42 [error]: unhandledRejection: __filename is not defined
ReferenceError: __filename is not defined
    at file:///C:/Users/win/Downloads/Global-Advertising-Platform-d9586aca12844d7c7dbe1a70fb43f4a241df4343/backend/routes/pixels.js:283:23
    at Layer.handle [as handle_request] (C:\Users\win\Downloads\Global-Advertising-Platform-d9586aca12844d7c7dbe1a70fb43f4a241df4343\backend\node_modules\express\lib\router\layer.js:95:5)
    at next (C:\Users\win\Downloads\Global-Advertising-Platform-d9586aca12844d7c7dbe1a70fb43f4a241df4343\backend\node_modules\express\lib\router\route.js:149:13)
    at Route.dispatch (C:\Users\win\Downloads\Global-Advertising-Platform-d9586aca12844d7c7dbe1a70fb43f4a241df4343\backend\node_modules\express\lib\router\route.js:119:3)
    at Layer.handle [as handle_request] (C:\Users\win\Downloads\Global-Advertising-Platform-d9586aca12844d7c7dbe1a70fb43f4a241df4343\backend\node_modules\express\lib\router\layer.js:95:5)
    at C:\Users\win\Downloads\Global-Advertising-Platform-d9586aca12844d7c7dbe1a70fb43f4a241df4343\backend\node_modules\express\lib\router\index.js:284:15
    at Function.process_params (C:\Users\win\Downloads\Global-Advertising-Platform-d9586aca12844d7c7dbe1a70fb43f4a241df4343\backend\node_modules\express\lib\router\index.js:346:12)
    at next (C:\Users\win\Downloads\Global-Advertising-Platform-d9586aca12844d7c7dbe1a70fb43f4a241df4343\backend\node_modules\express\lib\router\index.js:280:10)
    at Function.handle (C:\Users\win\Downloads\Global-Advertising-Platform-d9586aca12844d7c7dbe1a70fb43f4a241df4343\backend\node_modules\express\lib\router\index.js:175:3)
    at router (C:\Users\win\Downloads\Global-Advertising-Platform-d9586aca12844d7c7dbe1a70fb43f4a241df4343\backend\node_modules\express\lib\router\index.js:47:12)
ReferenceError: __filename is not defined
    at file:///C:/Users/win/Downloads/Global-Advertising-Platform-d9586aca12844d7c7dbe1a70fb43f4a241df4343/backend/routes/pixels.js:283:23
    at Layer.handle [as handle_request] (C:\Users\win\Downloads\Global-Advertising-Platform-d9586aca12844d7c7dbe1a70fb43f4a241df4343\backend\node_modules\express\lib\router\layer.js:95:5)
    at next (C:\Users\win\Downloads\Global-Advertising-Platform-d9586aca12844d7c7dbe1a70fb43f4a241df4343\backend\node_modules\express\lib\router\route.js:149:13)
    at Route.dispatch (C:\Users\win\Downloads\Global-Advertising-Platform-d9586aca12844d7c7dbe1a70fb43f4a241df4343\backend\node_modules\express\lib\router\route.js:119:3)
    at Layer.handle [as handle_request] (C:\Users\win\Downloads\Global-Advertising-Platform-d9586aca12844d7c7dbe1a70fb43f4a241df4343\backend\node_modules\express\lib\router\layer.js:95:5)
    at C:\Users\win\Downloads\Global-Advertising-Platform-d9586aca12844d7c7dbe1a70fb43f4a241df4343\backend\node_modules\express\lib\router\index.js:284:15
    at Function.process_params (C:\Users\win\Downloads\Global-Advertising-Platform-d9586aca12844d7c7dbe1a70fb43f4a241df4343\backend\node_modules\express\lib\router\index.js:346:12)
    at next (C:\Users\win\Downloads\Global-Advertising-Platform-d9586aca12844d7c7dbe1a70fb43f4a241df4343\backend\node_modules\express\lib\router\index.js:280:10)
    at Function.handle (C:\Users\win\Downloads\Global-Advertising-Platform-d9586aca12844d7c7dbe1a70fb43f4a241df4343\backend\node_modules\express\lib\router\index.js:175:3)
    at router (C:\Users\win\Downloads\Global-Advertising-Platform-d9586aca12844d7c7dbe1a70fb43f4a241df4343\backend\node_modules\express\lib\router\index.js:47:12) {"error":{},"rejection":true,"date":"Wed Jan 28 2026 14:09:42 GMT+0900 (대한민국 표준시)","process":{"pid":14792,"uid":null,"gid":null,"cwd":"C:\\Users\\win\\Downloads\\Global-Advertising-Platform-d9586aca12844d7c7dbe1a70fb43f4a241df4343\\backend","execPath":"C:\\Program Files\\nodejs\\node.exe","version":"v22.13.1","argv":["C:\\Program Files\\nodejs\\node.exe","C:\\Users\\win\\Downloads\\Global-Advertising-Platform-d9586aca12844d7c7dbe1a70fb43f4a241df4343\\backend\\server.js"],"memoryUsage":{"rss":78942208,"heapTotal":41017344,"heapUsed":31791760,"external":3851726,"arrayBuffers":160410}},"os":{"loadavg":[0,0,0],"uptime":147290.062},"trace":[{"column":23,"file":"file:///C:/Users/win/Downloads/Global-Advertising-Platform-d9586aca12844d7c7dbe1a70fb43f4a241df4343/backend/routes/pixels.js","function":null,"line":283,"method":null,"native":false},{"column":5,"file":"C:\\Users\\win\\Downloads\\Global-Advertising-Platform-d9586aca12844d7c7dbe1a70fb43f4a241df4343\\backend\\node_modules\\express\\lib\\router\\layer.js","function":"Layer.handle [as handle_request]","line":95,"method":"handle [as handle_request]","native":false},{"column":13,"file":"C:\\Users\\win\\Downloads\\Global-Advertising-Platform-d9586aca12844d7c7dbe1a70fb43f4a241df4343\\backend\\node_modules\\express\\lib\\router\\route.js","function":"next","line":149,"method":null,"native":false},{"column":3,"file":"C:\\Users\\win\\Downloads\\Global-Advertising-Platform-d9586aca12844d7c7dbe1a70fb43f4a241df4343\\backend\\node_modules\\express\\lib\\router\\route.js","function":"Route.dispatch","line":119,"method":"dispatch","native":false},{"column":5,"file":"C:\\Users\\win\\Downloads\\Global-Advertising-Platform-d9586aca12844d7c7dbe1a70fb43f4a241df4343\\backend\\node_modules\\express\\lib\\router\\layer.js","function":"Layer.handle [as handle_request]","line":95,"method":"handle [as handle_request]","native":false},{"column":15,"file":"C:\\Users\\win\\Downloads\\Global-Advertising-Platform-d9586aca12844d7c7dbe1a70fb43f4a241df4343\\backend\\node_modules\\express\\lib\\router\\index.js","function":null,"line":284,"method":null,"native":false},{"column":12,"file":"C:\\Users\\win\\Downloads\\Global-Advertising-Platform-d9586aca12844d7c7dbe1a70fb43f4a241df4343\\backend\\node_modules\\express\\lib\\router\\index.js","function":"Function.process_params","line":346,"method":"process_params","native":false},{"column":10,"file":"C:\\Users\\win\\Downloads\\Global-Advertising-Platform-d9586aca12844d7c7dbe1a70fb43f4a241df4343\\backend\\node_modules\\express\\lib\\router\\index.js","function":"next","line":280,"method":null,"native":false},{"column":3,"file":"C:\\Users\\win\\Downloads\\Global-Advertising-Platform-d9586aca12844d7c7dbe1a70fb43f4a241df4343\\backend\\node_modules\\express\\lib\\router\\index.js","function":"Function.handle","line":175,"method":"handle","native":false},{"column":12,"file":"C:\\Users\\win\\Downloads\\Global-Advertising-Platform-d9586aca12844d7c7dbe1a70fb43f4a241df4343\\backend\\node_modules\\express\\lib\\router\\index.js","function":"router","line":47,"method":null,"native":false}]}
2026-01-28 14:10:29 [info]: ✅ Database connected
2026-01-28 14:10:29 [info]: 🔄 Running database migrations...
2026-01-28 14:10:29 [info]: ✅ Migrations completed
2026-01-28 14:10:29 [info]: 🔍 Validating database schema...
2026-01-28 14:10:29 [info]: ✅ Schema validation passed
2026-01-28 14:10:29 [info]: ✅ Redis connected
2026-01-28 14:10:29 [info]: 🚀 Server running on port 8001
2026-01-28 14:10:29 [info]: 📡 WebSocket server ready
2026-01-28 14:10:29 [info]: 🌍 Environment: development
2026-01-28 14:10:29 [info]: 🔗 Health check: http://0.0.0.0:8001/api/health
2026-01-28 14:11:45 [info]: ✅ Database connected
2026-01-28 14:11:45 [info]: 🔄 Running database migrations...
2026-01-28 14:11:45 [info]: ✅ Migrations completed
2026-01-28 14:11:45 [info]: 🔍 Validating database schema...
2026-01-28 14:11:45 [info]: ✅ Schema validation passed
2026-01-28 14:11:45 [info]: ✅ Redis connected
2026-01-28 14:11:45 [info]: 🚀 Server running on port 3000
2026-01-28 14:11:45 [info]: 📡 WebSocket server ready
2026-01-28 14:11:45 [info]: 🌍 Environment: development
2026-01-28 14:11:45 [info]: 🔗 Health check: http://0.0.0.0:3000/api/health
2026-01-28 14:13:00 [info]: ✅ Database connected
2026-01-28 14:13:00 [info]: 🔄 Running database migrations...
2026-01-28 14:13:00 [info]: ✅ Migrations completed
2026-01-28 14:13:00 [info]: 🔍 Validating database schema...
2026-01-28 14:13:00 [info]: ✅ Schema validation passed
2026-01-28 14:13:00 [info]: ✅ Redis connected
2026-01-28 14:13:00 [info]: 🚀 Server running on port 8001
2026-01-28 14:13:00 [info]: 📡 WebSocket server ready
2026-01-28 14:13:00 [info]: 🌍 Environment: development
2026-01-28 14:13:00 [info]: 🔗 Health check: http://0.0.0.0:8001/api/health
2026-01-28 14:14:09 [error]: unhandledRejection: __filename is not defined
ReferenceError: __filename is not defined
    at file:///C:/Users/win/Downloads/Global-Advertising-Platform-d9586aca12844d7c7dbe1a70fb43f4a241df4343/backend/routes/pixels.js:283:23
    at Layer.handle [as handle_request] (C:\Users\win\Downloads\Global-Advertising-Platform-d9586aca12844d7c7dbe1a70fb43f4a241df4343\backend\node_modules\express\lib\router\layer.js:95:5)
    at next (C:\Users\win\Downloads\Global-Advertising-Platform-d9586aca12844d7c7dbe1a70fb43f4a241df4343\backend\node_modules\express\lib\router\route.js:149:13)
    at Route.dispatch (C:\Users\win\Downloads\Global-Advertising-Platform-d9586aca12844d7c7dbe1a70fb43f4a241df4343\backend\node_modules\express\lib\router\route.js:119:3)
    at Layer.handle [as handle_request] (C:\Users\win\Downloads\Global-Advertising-Platform-d9586aca12844d7c7dbe1a70fb43f4a241df4343\backend\node_modules\express\lib\router\layer.js:95:5)
    at C:\Users\win\Downloads\Global-Advertising-Platform-d9586aca12844d7c7dbe1a70fb43f4a241df4343\backend\node_modules\express\lib\router\index.js:284:15
    at Function.process_params (C:\Users\win\Downloads\Global-Advertising-Platform-d9586aca12844d7c7dbe1a70fb43f4a241df4343\backend\node_modules\express\lib\router\index.js:346:12)
    at next (C:\Users\win\Downloads\Global-Advertising-Platform-d9586aca12844d7c7dbe1a70fb43f4a241df4343\backend\node_modules\express\lib\router\index.js:280:10)
    at Function.handle (C:\Users\win\Downloads\Global-Advertising-Platform-d9586aca12844d7c7dbe1a70fb43f4a241df4343\backend\node_modules\express\lib\router\index.js:175:3)
    at router (C:\Users\win\Downloads\Global-Advertising-Platform-d9586aca12844d7c7dbe1a70fb43f4a241df4343\backend\node_modules\express\lib\router\index.js:47:12)
ReferenceError: __filename is not defined
    at file:///C:/Users/win/Downloads/Global-Advertising-Platform-d9586aca12844d7c7dbe1a70fb43f4a241df4343/backend/routes/pixels.js:283:23
    at Layer.handle [as handle_request] (C:\Users\win\Downloads\Global-Advertising-Platform-d9586aca12844d7c7dbe1a70fb43f4a241df4343\backend\node_modules\express\lib\router\layer.js:95:5)
    at next (C:\Users\win\Downloads\Global-Advertising-Platform-d9586aca12844d7c7dbe1a70fb43f4a241df4343\backend\node_modules\express\lib\router\route.js:149:13)
    at Route.dispatch (C:\Users\win\Downloads\Global-Advertising-Platform-d9586aca12844d7c7dbe1a70fb43f4a241df4343\backend\node_modules\express\lib\router\route.js:119:3)
    at Layer.handle [as handle_request] (C:\Users\win\Downloads\Global-Advertising-Platform-d9586aca12844d7c7dbe1a70fb43f4a241df4343\backend\node_modules\express\lib\router\layer.js:95:5)
    at C:\Users\win\Downloads\Global-Advertising-Platform-d9586aca12844d7c7dbe1a70fb43f4a241df4343\backend\node_modules\express\lib\router\index.js:284:15
    at Function.process_params (C:\Users\win\Downloads\Global-Advertising-Platform-d9586aca12844d7c7dbe1a70fb43f4a241df4343\backend\node_modules\express\lib\router\index.js:346:12)
    at next (C:\Users\win\Downloads\Global-Advertising-Platform-d9586aca12844d7c7dbe1a70fb43f4a241df4343\backend\node_modules\express\lib\router\index.js:280:10)
    at Function.handle (C:\Users\win\Downloads\Global-Advertising-Platform-d9586aca12844d7c7dbe1a70fb43f4a241df4343\backend\node_modules\express\lib\router\index.js:175:3)
    at router (C:\Users\win\Downloads\Global-Advertising-Platform-d9586aca12844d7c7dbe1a70fb43f4a241df4343\backend\node_modules\express\lib\router\index.js:47:12) {"error":{},"rejection":true,"date":"Wed Jan 28 2026 14:14:09 GMT+0900 (대한민국 표준시)","process":{"pid":27032,"uid":null,"gid":null,"cwd":"C:\\Users\\win\\Downloads\\Global-Advertising-Platform-d9586aca12844d7c7dbe1a70fb43f4a241df4343\\backend","execPath":"C:\\Program Files\\nodejs\\node.exe","version":"v22.13.1","argv":["C:\\Program Files\\nodejs\\node.exe","C:\\Users\\win\\Downloads\\Global-Advertising-Platform-d9586aca12844d7c7dbe1a70fb43f4a241df4343\\backend\\server.js"],"memoryUsage":{"rss":78475264,"heapTotal":37347328,"heapUsed":30944232,"external":3825506,"arrayBuffers":134190}},"os":{"loadavg":[0,0,0],"uptime":147557.578},"trace":[{"column":23,"file":"file:///C:/Users/win/Downloads/Global-Advertising-Platform-d9586aca12844d7c7dbe1a70fb43f4a241df4343/backend/routes/pixels.js","function":null,"line":283,"method":null,"native":false},{"column":5,"file":"C:\\Users\\win\\Downloads\\Global-Advertising-Platform-d9586aca12844d7c7dbe1a70fb43f4a241df4343\\backend\\node_modules\\express\\lib\\router\\layer.js","function":"Layer.handle [as handle_request]","line":95,"method":"handle [as handle_request]","native":false},{"column":13,"file":"C:\\Users\\win\\Downloads\\Global-Advertising-Platform-d9586aca12844d7c7dbe1a70fb43f4a241df4343\\backend\\node_modules\\express\\lib\\router\\route.js","function":"next","line":149,"method":null,"native":false},{"column":3,"file":"C:\\Users\\win\\Downloads\\Global-Advertising-Platform-d9586aca12844d7c7dbe1a70fb43f4a241df4343\\backend\\node_modules\\express\\lib\\router\\route.js","function":"Route.dispatch","line":119,"method":"dispatch","native":false},{"column":5,"file":"C:\\Users\\win\\Downloads\\Global-Advertising-Platform-d9586aca12844d7c7dbe1a70fb43f4a241df4343\\backend\\node_modules\\express\\lib\\router\\layer.js","function":"Layer.handle [as handle_request]","line":95,"method":"handle [as handle_request]","native":false},{"column":15,"file":"C:\\Users\\win\\Downloads\\Global-Advertising-Platform-d9586aca12844d7c7dbe1a70fb43f4a241df4343\\backend\\node_modules\\express\\lib\\router\\index.js","function":null,"line":284,"method":null,"native":false},{"column":12,"file":"C:\\Users\\win\\Downloads\\Global-Advertising-Platform-d9586aca12844d7c7dbe1a70fb43f4a241df4343\\backend\\node_modules\\express\\lib\\router\\index.js","function":"Function.process_params","line":346,"method":"process_params","native":false},{"column":10,"file":"C:\\Users\\win\\Downloads\\Global-Advertising-Platform-d9586aca12844d7c7dbe1a70fb43f4a241df4343\\backend\\node_modules\\express\\lib\\router\\index.js","function":"next","line":280,"method":null,"native":false},{"column":3,"file":"C:\\Users\\win\\Downloads\\Global-Advertising-Platform-d9586aca12844d7c7dbe1a70fb43f4a241df4343\\backend\\node_modules\\express\\lib\\router\\index.js","function":"Function.handle","line":175,"method":"handle","native":false},{"column":12,"file":"C:\\Users\\win\\Downloads\\Global-Advertising-Platform-d9586aca12844d7c7dbe1a70fb43f4a241df4343\\backend\\node_modules\\express\\lib\\router\\index.js","function":"router","line":47,"method":null,"native":false}]}
2026-01-28 14:20:40 [info]: ✅ Database connected
2026-01-28 14:20:40 [info]: 🔄 Running database migrations...
2026-01-28 14:20:41 [info]: ✅ Migrations completed
2026-01-28 14:20:41 [info]: 🔍 Validating database schema...
2026-01-28 14:20:41 [info]: ✅ Schema validation passed
2026-01-28 14:20:41 [info]: ✅ Redis connected
2026-01-28 14:20:41 [info]: 🚀 Server running on port 8001
2026-01-28 14:20:41 [info]: 📡 WebSocket server ready
2026-01-28 14:20:41 [info]: 🌍 Environment: development
2026-01-28 14:20:41 [info]: 🔗 Health check: http://0.0.0.0:8001/api/health
2026-01-28 14:25:58 [error]: unhandledRejection: __filename is not defined
ReferenceError: __filename is not defined
    at file:///C:/Users/win/Downloads/Global-Advertising-Platform-d9586aca12844d7c7dbe1a70fb43f4a241df4343/backend/routes/pixels.js:283:23
    at Layer.handle [as handle_request] (C:\Users\win\Downloads\Global-Advertising-Platform-d9586aca12844d7c7dbe1a70fb43f4a241df4343\backend\node_modules\express\lib\router\layer.js:95:5)
    at next (C:\Users\win\Downloads\Global-Advertising-Platform-d9586aca12844d7c7dbe1a70fb43f4a241df4343\backend\node_modules\express\lib\router\route.js:149:13)
    at Route.dispatch (C:\Users\win\Downloads\Global-Advertising-Platform-d9586aca12844d7c7dbe1a70fb43f4a241df4343\backend\node_modules\express\lib\router\route.js:119:3)
    at Layer.handle [as handle_request] (C:\Users\win\Downloads\Global-Advertising-Platform-d9586aca12844d7c7dbe1a70fb43f4a241df4343\backend\node_modules\express\lib\router\layer.js:95:5)
    at C:\Users\win\Downloads\Global-Advertising-Platform-d9586aca12844d7c7dbe1a70fb43f4a241df4343\backend\node_modules\express\lib\router\index.js:284:15
    at Function.process_params (C:\Users\win\Downloads\Global-Advertising-Platform-d9586aca12844d7c7dbe1a70fb43f4a241df4343\backend\node_modules\express\lib\router\index.js:346:12)
    at next (C:\Users\win\Downloads\Global-Advertising-Platform-d9586aca12844d7c7dbe1a70fb43f4a241df4343\backend\node_modules\express\lib\router\index.js:280:10)
    at Function.handle (C:\Users\win\Downloads\Global-Advertising-Platform-d9586aca12844d7c7dbe1a70fb43f4a241df4343\backend\node_modules\express\lib\router\index.js:175:3)
    at router (C:\Users\win\Downloads\Global-Advertising-Platform-d9586aca12844d7c7dbe1a70fb43f4a241df4343\backend\node_modules\express\lib\router\index.js:47:12)
ReferenceError: __filename is not defined
    at file:///C:/Users/win/Downloads/Global-Advertising-Platform-d9586aca12844d7c7dbe1a70fb43f4a241df4343/backend/routes/pixels.js:283:23
    at Layer.handle [as handle_request] (C:\Users\win\Downloads\Global-Advertising-Platform-d9586aca12844d7c7dbe1a70fb43f4a241df4343\backend\node_modules\express\lib\router\layer.js:95:5)
    at next (C:\Users\win\Downloads\Global-Advertising-Platform-d9586aca12844d7c7dbe1a70fb43f4a241df4343\backend\node_modules\express\lib\router\route.js:149:13)
    at Route.dispatch (C:\Users\win\Downloads\Global-Advertising-Platform-d9586aca12844d7c7dbe1a70fb43f4a241df4343\backend\node_modules\express\lib\router\route.js:119:3)
    at Layer.handle [as handle_request] (C:\Users\win\Downloads\Global-Advertising-Platform-d9586aca12844d7c7dbe1a70fb43f4a241df4343\backend\node_modules\express\lib\router\layer.js:95:5)
    at C:\Users\win\Downloads\Global-Advertising-Platform-d9586aca12844d7c7dbe1a70fb43f4a241df4343\backend\node_modules\express\lib\router\index.js:284:15
    at Function.process_params (C:\Users\win\Downloads\Global-Advertising-Platform-d9586aca12844d7c7dbe1a70fb43f4a241df4343\backend\node_modules\express\lib\router\index.js:346:12)
    at next (C:\Users\win\Downloads\Global-Advertising-Platform-d9586aca12844d7c7dbe1a70fb43f4a241df4343\backend\node_modules\express\lib\router\index.js:280:10)
    at Function.handle (C:\Users\win\Downloads\Global-Advertising-Platform-d9586aca12844d7c7dbe1a70fb43f4a241df4343\backend\node_modules\express\lib\router\index.js:175:3)
    at router (C:\Users\win\Downloads\Global-Advertising-Platform-d9586aca12844d7c7dbe1a70fb43f4a241df4343\backend\node_modules\express\lib\router\index.js:47:12) {"error":{},"rejection":true,"date":"Wed Jan 28 2026 14:25:58 GMT+0900 (대한민국 표준시)","process":{"pid":18684,"uid":null,"gid":null,"cwd":"C:\\Users\\win\\Downloads\\Global-Advertising-Platform-d9586aca12844d7c7dbe1a70fb43f4a241df4343\\backend","execPath":"C:\\Program Files\\nodejs\\node.exe","version":"v22.13.1","argv":["C:\\Program Files\\nodejs\\node.exe","C:\\Users\\win\\Downloads\\Global-Advertising-Platform-d9586aca12844d7c7dbe1a70fb43f4a241df4343\\backend\\server.js"],"memoryUsage":{"rss":80924672,"heapTotal":41017344,"heapUsed":31883440,"external":3851726,"arrayBuffers":160410}},"os":{"loadavg":[0,0,0],"uptime":148265.921},"trace":[{"column":23,"file":"file:///C:/Users/win/Downloads/Global-Advertising-Platform-d9586aca12844d7c7dbe1a70fb43f4a241df4343/backend/routes/pixels.js","function":null,"line":283,"method":null,"native":false},{"column":5,"file":"C:\\Users\\win\\Downloads\\Global-Advertising-Platform-d9586aca12844d7c7dbe1a70fb43f4a241df4343\\backend\\node_modules\\express\\lib\\router\\layer.js","function":"Layer.handle [as handle_request]","line":95,"method":"handle [as handle_request]","native":false},{"column":13,"file":"C:\\Users\\win\\Downloads\\Global-Advertising-Platform-d9586aca12844d7c7dbe1a70fb43f4a241df4343\\backend\\node_modules\\express\\lib\\router\\route.js","function":"next","line":149,"method":null,"native":false},{"column":3,"file":"C:\\Users\\win\\Downloads\\Global-Advertising-Platform-d9586aca12844d7c7dbe1a70fb43f4a241df4343\\backend\\node_modules\\express\\lib\\router\\route.js","function":"Route.dispatch","line":119,"method":"dispatch","native":false},{"column":5,"file":"C:\\Users\\win\\Downloads\\Global-Advertising-Platform-d9586aca12844d7c7dbe1a70fb43f4a241df4343\\backend\\node_modules\\express\\lib\\router\\layer.js","function":"Layer.handle [as handle_request]","line":95,"method":"handle [as handle_request]","native":false},{"column":15,"file":"C:\\Users\\win\\Downloads\\Global-Advertising-Platform-d9586aca12844d7c7dbe1a70fb43f4a241df4343\\backend\\node_modules\\express\\lib\\router\\index.js","function":null,"line":284,"method":null,"native":false},{"column":12,"file":"C:\\Users\\win\\Downloads\\Global-Advertising-Platform-d9586aca12844d7c7dbe1a70fb43f4a241df4343\\backend\\node_modules\\express\\lib\\router\\index.js","function":"Function.process_params","line":346,"method":"process_params","native":false},{"column":10,"file":"C:\\Users\\win\\Downloads\\Global-Advertising-Platform-d9586aca12844d7c7dbe1a70fb43f4a241df4343\\backend\\node_modules\\express\\lib\\router\\index.js","function":"next","line":280,"method":null,"native":false},{"column":3,"file":"C:\\Users\\win\\Downloads\\Global-Advertising-Platform-d9586aca12844d7c7dbe1a70fb43f4a241df4343\\backend\\node_modules\\express\\lib\\router\\index.js","function":"Function.handle","line":175,"method":"handle","native":false},{"column":12,"file":"C:\\Users\\win\\Downloads\\Global-Advertising-Platform-d9586aca12844d7c7dbe1a70fb43f4a241df4343\\backend\\node_modules\\express\\lib\\router\\index.js","function":"router","line":47,"method":null,"native":false}]}
2026-01-28 14:26:35 [info]: ✅ Database connected
2026-01-28 14:26:35 [info]: 🔄 Running database migrations...
2026-01-28 14:26:35 [info]: ✅ Migrations completed
2026-01-28 14:26:35 [info]: 🔍 Validating database schema...
2026-01-28 14:26:35 [info]: ✅ Schema validation passed
2026-01-28 14:26:35 [info]: ✅ Redis connected
2026-01-28 14:26:35 [info]: 🚀 Server running on port 8001
2026-01-28 14:26:35 [info]: 📡 WebSocket server ready
2026-01-28 14:26:35 [info]: 🌍 Environment: development
2026-01-28 14:26:35 [info]: 🔗 Health check: http://0.0.0.0:8001/api/health
2026-01-28 14:33:59 [error]: unhandledRejection: __filename is not defined
ReferenceError: __filename is not defined
    at file:///C:/Users/win/Downloads/Global-Advertising-Platform-d9586aca12844d7c7dbe1a70fb43f4a241df4343/backend/routes/pixels.js:283:23
    at Layer.handle [as handle_request] (C:\Users\win\Downloads\Global-Advertising-Platform-d9586aca12844d7c7dbe1a70fb43f4a241df4343\backend\node_modules\express\lib\router\layer.js:95:5)
    at next (C:\Users\win\Downloads\Global-Advertising-Platform-d9586aca12844d7c7dbe1a70fb43f4a241df4343\backend\node_modules\express\lib\router\route.js:149:13)
    at Route.dispatch (C:\Users\win\Downloads\Global-Advertising-Platform-d9586aca12844d7c7dbe1a70fb43f4a241df4343\backend\node_modules\express\lib\router\route.js:119:3)
    at Layer.handle [as handle_request] (C:\Users\win\Downloads\Global-Advertising-Platform-d9586aca12844d7c7dbe1a70fb43f4a241df4343\backend\node_modules\express\lib\router\layer.js:95:5)
    at C:\Users\win\Downloads\Global-Advertising-Platform-d9586aca12844d7c7dbe1a70fb43f4a241df4343\backend\node_modules\express\lib\router\index.js:284:15
    at Function.process_params (C:\Users\win\Downloads\Global-Advertising-Platform-d9586aca12844d7c7dbe1a70fb43f4a241df4343\backend\node_modules\express\lib\router\index.js:346:12)
    at next (C:\Users\win\Downloads\Global-Advertising-Platform-d9586aca12844d7c7dbe1a70fb43f4a241df4343\backend\node_modules\express\lib\router\index.js:280:10)
    at Function.handle (C:\Users\win\Downloads\Global-Advertising-Platform-d9586aca12844d7c7dbe1a70fb43f4a241df4343\backend\node_modules\express\lib\router\index.js:175:3)
    at router (C:\Users\win\Downloads\Global-Advertising-Platform-d9586aca12844d7c7dbe1a70fb43f4a241df4343\backend\node_modules\express\lib\router\index.js:47:12)
ReferenceError: __filename is not defined
    at file:///C:/Users/win/Downloads/Global-Advertising-Platform-d9586aca12844d7c7dbe1a70fb43f4a241df4343/backend/routes/pixels.js:283:23
    at Layer.handle [as handle_request] (C:\Users\win\Downloads\Global-Advertising-Platform-d9586aca12844d7c7dbe1a70fb43f4a241df4343\backend\node_modules\express\lib\router\layer.js:95:5)
    at next (C:\Users\win\Downloads\Global-Advertising-Platform-d9586aca12844d7c7dbe1a70fb43f4a241df4343\backend\node_modules\express\lib\router\route.js:149:13)
    at Route.dispatch (C:\Users\win\Downloads\Global-Advertising-Platform-d9586aca12844d7c7dbe1a70fb43f4a241df4343\backend\node_modules\express\lib\router\route.js:119:3)
    at Layer.handle [as handle_request] (C:\Users\win\Downloads\Global-Advertising-Platform-d9586aca12844d7c7dbe1a70fb43f4a241df4343\backend\node_modules\express\lib\router\layer.js:95:5)
    at C:\Users\win\Downloads\Global-Advertising-Platform-d9586aca12844d7c7dbe1a70fb43f4a241df4343\backend\node_modules\express\lib\router\index.js:284:15
    at Function.process_params (C:\Users\win\Downloads\Global-Advertising-Platform-d9586aca12844d7c7dbe1a70fb43f4a241df4343\backend\node_modules\express\lib\router\index.js:346:12)
    at next (C:\Users\win\Downloads\Global-Advertising-Platform-d9586aca12844d7c7dbe1a70fb43f4a241df4343\backend\node_modules\express\lib\router\index.js:280:10)
    at Function.handle (C:\Users\win\Downloads\Global-Advertising-Platform-d9586aca12844d7c7dbe1a70fb43f4a241df4343\backend\node_modules\express\lib\router\index.js:175:3)
    at router (C:\Users\win\Downloads\Global-Advertising-Platform-d9586aca12844d7c7dbe1a70fb43f4a241df4343\backend\node_modules\express\lib\router\index.js:47:12) {"error":{},"rejection":true,"date":"Wed Jan 28 2026 14:33:59 GMT+0900 (대한민국 표준시)","process":{"pid":24136,"uid":null,"gid":null,"cwd":"C:\\Users\\win\\Downloads\\Global-Advertising-Platform-d9586aca12844d7c7dbe1a70fb43f4a241df4343\\backend","execPath":"C:\\Program Files\\nodejs\\node.exe","version":"v22.13.1","argv":["C:\\Program Files\\nodejs\\node.exe","C:\\Users\\win\\Downloads\\Global-Advertising-Platform-d9586aca12844d7c7dbe1a70fb43f4a241df4343\\backend\\server.js"],"memoryUsage":{"rss":84041728,"heapTotal":38780928,"heapUsed":31026480,"external":4385440,"arrayBuffers":690557}},"os":{"loadavg":[0,0,0],"uptime":148746.828},"trace":[{"column":23,"file":"file:///C:/Users/win/Downloads/Global-Advertising-Platform-d9586aca12844d7c7dbe1a70fb43f4a241df4343/backend/routes/pixels.js","function":null,"line":283,"method":null,"native":false},{"column":5,"file":"C:\\Users\\win\\Downloads\\Global-Advertising-Platform-d9586aca12844d7c7dbe1a70fb43f4a241df4343\\backend\\node_modules\\express\\lib\\router\\layer.js","function":"Layer.handle [as handle_request]","line":95,"method":"handle [as handle_request]","native":false},{"column":13,"file":"C:\\Users\\win\\Downloads\\Global-Advertising-Platform-d9586aca12844d7c7dbe1a70fb43f4a241df4343\\backend\\node_modules\\express\\lib\\router\\route.js","function":"next","line":149,"method":null,"native":false},{"column":3,"file":"C:\\Users\\win\\Downloads\\Global-Advertising-Platform-d9586aca12844d7c7dbe1a70fb43f4a241df4343\\backend\\node_modules\\express\\lib\\router\\route.js","function":"Route.dispatch","line":119,"method":"dispatch","native":false},{"column":5,"file":"C:\\Users\\win\\Downloads\\Global-Advertising-Platform-d9586aca12844d7c7dbe1a70fb43f4a241df4343\\backend\\node_modules\\express\\lib\\router\\layer.js","function":"Layer.handle [as handle_request]","line":95,"method":"handle [as handle_request]","native":false},{"column":15,"file":"C:\\Users\\win\\Downloads\\Global-Advertising-Platform-d9586aca12844d7c7dbe1a70fb43f4a241df4343\\backend\\node_modules\\express\\lib\\router\\index.js","function":null,"line":284,"method":null,"native":false},{"column":12,"file":"C:\\Users\\win\\Downloads\\Global-Advertising-Platform-d9586aca12844d7c7dbe1a70fb43f4a241df4343\\backend\\node_modules\\express\\lib\\router\\index.js","function":"Function.process_params","line":346,"method":"process_params","native":false},{"column":10,"file":"C:\\Users\\win\\Downloads\\Global-Advertising-Platform-d9586aca12844d7c7dbe1a70fb43f4a241df4343\\backend\\node_modules\\express\\lib\\router\\index.js","function":"next","line":280,"method":null,"native":false},{"column":3,"file":"C:\\Users\\win\\Downloads\\Global-Advertising-Platform-d9586aca12844d7c7dbe1a70fb43f4a241df4343\\backend\\node_modules\\express\\lib\\router\\index.js","function":"Function.handle","line":175,"method":"handle","native":false},{"column":12,"file":"C:\\Users\\win\\Downloads\\Global-Advertising-Platform-d9586aca12844d7c7dbe1a70fb43f4a241df4343\\backend\\node_modules\\express\\lib\\router\\index.js","function":"router","line":47,"method":null,"native":false}]}
2026-01-28 14:34:24 [info]: ✅ Database connected
2026-01-28 14:34:24 [info]: 🔄 Running database migrations...
2026-01-28 14:34:24 [info]: ✅ Migrations completed
2026-01-28 14:34:24 [info]: 🔍 Validating database schema...
2026-01-28 14:34:24 [info]: ✅ Schema validation passed
2026-01-28 14:34:24 [info]: ✅ Redis connected
2026-01-28 14:34:24 [info]: 🚀 Server running on port 8001
2026-01-28 14:34:24 [info]: 📡 WebSocket server ready
2026-01-28 14:34:24 [info]: 🌍 Environment: development
2026-01-28 14:34:24 [info]: 🔗 Health check: http://0.0.0.0:8001/api/health
2026-01-28 14:34:30 [error]: unhandledRejection: __filename is not defined
ReferenceError: __filename is not defined
    at file:///C:/Users/win/Downloads/Global-Advertising-Platform-d9586aca12844d7c7dbe1a70fb43f4a241df4343/backend/routes/pixels.js:283:23
    at Layer.handle [as handle_request] (C:\Users\win\Downloads\Global-Advertising-Platform-d9586aca12844d7c7dbe1a70fb43f4a241df4343\backend\node_modules\express\lib\router\layer.js:95:5)
    at next (C:\Users\win\Downloads\Global-Advertising-Platform-d9586aca12844d7c7dbe1a70fb43f4a241df4343\backend\node_modules\express\lib\router\route.js:149:13)
    at Route.dispatch (C:\Users\win\Downloads\Global-Advertising-Platform-d9586aca12844d7c7dbe1a70fb43f4a241df4343\backend\node_modules\express\lib\router\route.js:119:3)
    at Layer.handle [as handle_request] (C:\Users\win\Downloads\Global-Advertising-Platform-d9586aca12844d7c7dbe1a70fb43f4a241df4343\backend\node_modules\express\lib\router\layer.js:95:5)
    at C:\Users\win\Downloads\Global-Advertising-Platform-d9586aca12844d7c7dbe1a70fb43f4a241df4343\backend\node_modules\express\lib\router\index.js:284:15
    at Function.process_params (C:\Users\win\Downloads\Global-Advertising-Platform-d9586aca12844d7c7dbe1a70fb43f4a241df4343\backend\node_modules\express\lib\router\index.js:346:12)
    at next (C:\Users\win\Downloads\Global-Advertising-Platform-d9586aca12844d7c7dbe1a70fb43f4a241df4343\backend\node_modules\express\lib\router\index.js:280:10)
    at Function.handle (C:\Users\win\Downloads\Global-Advertising-Platform-d9586aca12844d7c7dbe1a70fb43f4a241df4343\backend\node_modules\express\lib\router\index.js:175:3)
    at router (C:\Users\win\Downloads\Global-Advertising-Platform-d9586aca12844d7c7dbe1a70fb43f4a241df4343\backend\node_modules\express\lib\router\index.js:47:12)
ReferenceError: __filename is not defined
    at file:///C:/Users/win/Downloads/Global-Advertising-Platform-d9586aca12844d7c7dbe1a70fb43f4a241df4343/backend/routes/pixels.js:283:23
    at Layer.handle [as handle_request] (C:\Users\win\Downloads\Global-Advertising-Platform-d9586aca12844d7c7dbe1a70fb43f4a241df4343\backend\node_modules\express\lib\router\layer.js:95:5)
    at next (C:\Users\win\Downloads\Global-Advertising-Platform-d9586aca12844d7c7dbe1a70fb43f4a241df4343\backend\node_modules\express\lib\router\route.js:149:13)
    at Route.dispatch (C:\Users\win\Downloads\Global-Advertising-Platform-d9586aca12844d7c7dbe1a70fb43f4a241df4343\backend\node_modules\express\lib\router\route.js:119:3)
    at Layer.handle [as handle_request] (C:\Users\win\Downloads\Global-Advertising-Platform-d9586aca12844d7c7dbe1a70fb43f4a241df4343\backend\node_modules\express\lib\router\layer.js:95:5)
    at C:\Users\win\Downloads\Global-Advertising-Platform-d9586aca12844d7c7dbe1a70fb43f4a241df4343\backend\node_modules\express\lib\router\index.js:284:15
    at Function.process_params (C:\Users\win\Downloads\Global-Advertising-Platform-d9586aca12844d7c7dbe1a70fb43f4a241df4343\backend\node_modules\express\lib\router\index.js:346:12)
    at next (C:\Users\win\Downloads\Global-Advertising-Platform-d9586aca12844d7c7dbe1a70fb43f4a241df4343\backend\node_modules\express\lib\router\index.js:280:10)
    at Function.handle (C:\Users\win\Downloads\Global-Advertising-Platform-d9586aca12844d7c7dbe1a70fb43f4a241df4343\backend\node_modules\express\lib\router\index.js:175:3)
    at router (C:\Users\win\Downloads\Global-Advertising-Platform-d9586aca12844d7c7dbe1a70fb43f4a241df4343\backend\node_modules\express\lib\router\index.js:47:12) {"error":{},"rejection":true,"date":"Wed Jan 28 2026 14:34:30 GMT+0900 (대한민국 표준시)","process":{"pid":3472,"uid":null,"gid":null,"cwd":"C:\\Users\\win\\Downloads\\Global-Advertising-Platform-d9586aca12844d7c7dbe1a70fb43f4a241df4343\\backend","execPath":"C:\\Program Files\\nodejs\\node.exe","version":"v22.13.1","argv":["C:\\Program Files\\nodejs\\node.exe","C:\\Users\\win\\Downloads\\Global-Advertising-Platform-d9586aca12844d7c7dbe1a70fb43f4a241df4343\\backend\\server.js"],"memoryUsage":{"rss":130904064,"heapTotal":80273408,"heapUsed":52955088,"external":9424507,"arrayBuffers":5729432}},"os":{"loadavg":[0,0,0],"uptime":148778.5},"trace":[{"column":23,"file":"file:///C:/Users/win/Downloads/Global-Advertising-Platform-d9586aca12844d7c7dbe1a70fb43f4a241df4343/backend/routes/pixels.js","function":null,"line":283,"method":null,"native":false},{"column":5,"file":"C:\\Users\\win\\Downloads\\Global-Advertising-Platform-d9586aca12844d7c7dbe1a70fb43f4a241df4343\\backend\\node_modules\\express\\lib\\router\\layer.js","function":"Layer.handle [as handle_request]","line":95,"method":"handle [as handle_request]","native":false},{"column":13,"file":"C:\\Users\\win\\Downloads\\Global-Advertising-Platform-d9586aca12844d7c7dbe1a70fb43f4a241df4343\\backend\\node_modules\\express\\lib\\router\\route.js","function":"next","line":149,"method":null,"native":false},{"column":3,"file":"C:\\Users\\win\\Downloads\\Global-Advertising-Platform-d9586aca12844d7c7dbe1a70fb43f4a241df4343\\backend\\node_modules\\express\\lib\\router\\route.js","function":"Route.dispatch","line":119,"method":"dispatch","native":false},{"column":5,"file":"C:\\Users\\win\\Downloads\\Global-Advertising-Platform-d9586aca12844d7c7dbe1a70fb43f4a241df4343\\backend\\node_modules\\express\\lib\\router\\layer.js","function":"Layer.handle [as handle_request]","line":95,"method":"handle [as handle_request]","native":false},{"column":15,"file":"C:\\Users\\win\\Downloads\\Global-Advertising-Platform-d9586aca12844d7c7dbe1a70fb43f4a241df4343\\backend\\node_modules\\express\\lib\\router\\index.js","function":null,"line":284,"method":null,"native":false},{"column":12,"file":"C:\\Users\\win\\Downloads\\Global-Advertising-Platform-d9586aca12844d7c7dbe1a70fb43f4a241df4343\\backend\\node_modules\\express\\lib\\router\\index.js","function":"Function.process_params","line":346,"method":"process_params","native":false},{"column":10,"file":"C:\\Users\\win\\Downloads\\Global-Advertising-Platform-d9586aca12844d7c7dbe1a70fb43f4a241df4343\\backend\\node_modules\\express\\lib\\router\\index.js","function":"next","line":280,"method":null,"native":false},{"column":3,"file":"C:\\Users\\win\\Downloads\\Global-Advertising-Platform-d9586aca12844d7c7dbe1a70fb43f4a241df4343\\backend\\node_modules\\express\\lib\\router\\index.js","function":"Function.handle","line":175,"method":"handle","native":false},{"column":12,"file":"C:\\Users\\win\\Downloads\\Global-Advertising-Platform-d9586aca12844d7c7dbe1a70fb43f4a241df4343\\backend\\node_modules\\express\\lib\\router\\index.js","function":"router","line":47,"method":null,"native":false}]}
2026-01-28 14:38:09 [info]: ✅ Database connected
2026-01-28 14:38:09 [info]: 🔄 Running database migrations...
2026-01-28 14:38:09 [info]: ✅ Migrations completed
2026-01-28 14:38:09 [info]: 🔍 Validating database schema...
2026-01-28 14:38:09 [info]: ✅ Schema validation passed
2026-01-28 14:38:09 [info]: ✅ Redis connected
2026-01-28 14:38:09 [info]: 🚀 Server running on port 3000
2026-01-28 14:38:09 [info]: 📡 WebSocket server ready
2026-01-28 14:38:09 [info]: 🌍 Environment: development
2026-01-28 14:38:09 [info]: 🔗 Health check: http://0.0.0.0:3000/api/health
2026-01-28 14:38:16 [error]: unhandledRejection: __filename is not defined
ReferenceError: __filename is not defined
    at file:///C:/Users/win/Downloads/Global-Advertising-Platform-d9586aca12844d7c7dbe1a70fb43f4a241df4343/backend/routes/pixels.js:283:23
    at Layer.handle [as handle_request] (C:\Users\win\Downloads\Global-Advertising-Platform-d9586aca12844d7c7dbe1a70fb43f4a241df4343\backend\node_modules\express\lib\router\layer.js:95:5)
    at next (C:\Users\win\Downloads\Global-Advertising-Platform-d9586aca12844d7c7dbe1a70fb43f4a241df4343\backend\node_modules\express\lib\router\route.js:149:13)
    at Route.dispatch (C:\Users\win\Downloads\Global-Advertising-Platform-d9586aca12844d7c7dbe1a70fb43f4a241df4343\backend\node_modules\express\lib\router\route.js:119:3)
    at Layer.handle [as handle_request] (C:\Users\win\Downloads\Global-Advertising-Platform-d9586aca12844d7c7dbe1a70fb43f4a241df4343\backend\node_modules\express\lib\router\layer.js:95:5)
    at C:\Users\win\Downloads\Global-Advertising-Platform-d9586aca12844d7c7dbe1a70fb43f4a241df4343\backend\node_modules\express\lib\router\index.js:284:15
    at Function.process_params (C:\Users\win\Downloads\Global-Advertising-Platform-d9586aca12844d7c7dbe1a70fb43f4a241df4343\backend\node_modules\express\lib\router\index.js:346:12)
    at next (C:\Users\win\Downloads\Global-Advertising-Platform-d9586aca12844d7c7dbe1a70fb43f4a241df4343\backend\node_modules\express\lib\router\index.js:280:10)
    at Function.handle (C:\Users\win\Downloads\Global-Advertising-Platform-d9586aca12844d7c7dbe1a70fb43f4a241df4343\backend\node_modules\express\lib\router\index.js:175:3)
    at router (C:\Users\win\Downloads\Global-Advertising-Platform-d9586aca12844d7c7dbe1a70fb43f4a241df4343\backend\node_modules\express\lib\router\index.js:47:12)
ReferenceError: __filename is not defined
    at file:///C:/Users/win/Downloads/Global-Advertising-Platform-d9586aca12844d7c7dbe1a70fb43f4a241df4343/backend/routes/pixels.js:283:23
    at Layer.handle [as handle_request] (C:\Users\win\Downloads\Global-Advertising-Platform-d9586aca12844d7c7dbe1a70fb43f4a241df4343\backend\node_modules\express\lib\router\layer.js:95:5)
    at next (C:\Users\win\Downloads\Global-Advertising-Platform-d9586aca12844d7c7dbe1a70fb43f4a241df4343\backend\node_modules\express\lib\router\route.js:149:13)
    at Route.dispatch (C:\Users\win\Downloads\Global-Advertising-Platform-d9586aca12844d7c7dbe1a70fb43f4a241df4343\backend\node_modules\express\lib\router\route.js:119:3)
    at Layer.handle [as handle_request] (C:\Users\win\Downloads\Global-Advertising-Platform-d9586aca12844d7c7dbe1a70fb43f4a241df4343\backend\node_modules\express\lib\router\layer.js:95:5)
    at C:\Users\win\Downloads\Global-Advertising-Platform-d9586aca12844d7c7dbe1a70fb43f4a241df4343\backend\node_modules\express\lib\router\index.js:284:15
    at Function.process_params (C:\Users\win\Downloads\Global-Advertising-Platform-d9586aca12844d7c7dbe1a70fb43f4a241df4343\backend\node_modules\express\lib\router\index.js:346:12)
    at next (C:\Users\win\Downloads\Global-Advertising-Platform-d9586aca12844d7c7dbe1a70fb43f4a241df4343\backend\node_modules\express\lib\router\index.js:280:10)
    at Function.handle (C:\Users\win\Downloads\Global-Advertising-Platform-d9586aca12844d7c7dbe1a70fb43f4a241df4343\backend\node_modules\express\lib\router\index.js:175:3)
    at router (C:\Users\win\Downloads\Global-Advertising-Platform-d9586aca12844d7c7dbe1a70fb43f4a241df4343\backend\node_modules\express\lib\router\index.js:47:12) {"error":{},"rejection":true,"date":"Wed Jan 28 2026 14:38:16 GMT+0900 (대한민국 표준시)","process":{"pid":29224,"uid":null,"gid":null,"cwd":"C:\\Users\\win\\Downloads\\Global-Advertising-Platform-d9586aca12844d7c7dbe1a70fb43f4a241df4343\\backend","execPath":"C:\\Program Files\\nodejs\\node.exe","version":"v22.13.1","argv":["C:\\Program Files\\nodejs\\node.exe","C:\\Users\\win\\Downloads\\Global-Advertising-Platform-d9586aca12844d7c7dbe1a70fb43f4a241df4343\\backend\\server.js"],"memoryUsage":{"rss":80142336,"heapTotal":43761664,"heapUsed":25395408,"external":3770537,"arrayBuffers":79221}},"os":{"loadavg":[0,0,0],"uptime":149004.515},"trace":[{"column":23,"file":"file:///C:/Users/win/Downloads/Global-Advertising-Platform-d9586aca12844d7c7dbe1a70fb43f4a241df4343/backend/routes/pixels.js","function":null,"line":283,"method":null,"native":false},{"column":5,"file":"C:\\Users\\win\\Downloads\\Global-Advertising-Platform-d9586aca12844d7c7dbe1a70fb43f4a241df4343\\backend\\node_modules\\express\\lib\\router\\layer.js","function":"Layer.handle [as handle_request]","line":95,"method":"handle [as handle_request]","native":false},{"column":13,"file":"C:\\Users\\win\\Downloads\\Global-Advertising-Platform-d9586aca12844d7c7dbe1a70fb43f4a241df4343\\backend\\node_modules\\express\\lib\\router\\route.js","function":"next","line":149,"method":null,"native":false},{"column":3,"file":"C:\\Users\\win\\Downloads\\Global-Advertising-Platform-d9586aca12844d7c7dbe1a70fb43f4a241df4343\\backend\\node_modules\\express\\lib\\router\\route.js","function":"Route.dispatch","line":119,"method":"dispatch","native":false},{"column":5,"file":"C:\\Users\\win\\Downloads\\Global-Advertising-Platform-d9586aca12844d7c7dbe1a70fb43f4a241df4343\\backend\\node_modules\\express\\lib\\router\\layer.js","function":"Layer.handle [as handle_request]","line":95,"method":"handle [as handle_request]","native":false},{"column":15,"file":"C:\\Users\\win\\Downloads\\Global-Advertising-Platform-d9586aca12844d7c7dbe1a70fb43f4a241df4343\\backend\\node_modules\\express\\lib\\router\\index.js","function":null,"line":284,"method":null,"native":false},{"column":12,"file":"C:\\Users\\win\\Downloads\\Global-Advertising-Platform-d9586aca12844d7c7dbe1a70fb43f4a241df4343\\backend\\node_modules\\express\\lib\\router\\index.js","function":"Function.process_params","line":346,"method":"process_params","native":false},{"column":10,"file":"C:\\Users\\win\\Downloads\\Global-Advertising-Platform-d9586aca12844d7c7dbe1a70fb43f4a241df4343\\backend\\node_modules\\express\\lib\\router\\index.js","function":"next","line":280,"method":null,"native":false},{"column":3,"file":"C:\\Users\\win\\Downloads\\Global-Advertising-Platform-d9586aca12844d7c7dbe1a70fb43f4a241df4343\\backend\\node_modules\\express\\lib\\router\\index.js","function":"Function.handle","line":175,"method":"handle","native":false},{"column":12,"file":"C:\\Users\\win\\Downloads\\Global-Advertising-Platform-d9586aca12844d7c7dbe1a70fb43f4a241df4343\\backend\\node_modules\\express\\lib\\router\\index.js","function":"router","line":47,"method":null,"native":false}]}
2026-01-28 14:40:37 [info]: ✅ Database connected
2026-01-28 14:40:37 [info]: 🔄 Running database migrations...
2026-01-28 14:40:37 [info]: ✅ Migrations completed
2026-01-28 14:40:37 [info]: 🔍 Validating database schema...
2026-01-28 14:40:37 [info]: ✅ Schema validation passed
2026-01-28 14:40:37 [info]: ✅ Redis connected
2026-01-28 14:40:37 [info]: 🚀 Server running on port 3000
2026-01-28 14:40:37 [info]: 📡 WebSocket server ready
2026-01-28 14:40:37 [info]: 🌍 Environment: development
2026-01-28 14:40:37 [info]: 🔗 Health check: http://0.0.0.0:3000/api/health
2026-01-28 14:40:45 [warn]: [Pixels][GET] ENTER route=v2 pid=14160 file=pixels.js commit=unknown reqId=get-1769578845876-lj1pjcdm3 {"territoryIdParam":"adrar","url":"/","method":"GET"}
2026-01-28 14:40:45 [warn]: [Pixels][GET] CP1 territoryId normalized {"reqId":"get-1769578845876-lj1pjcdm3","territoryIdRaw":"adrar","territoryIdNormalized":"adrar","wasDisplayId":false}
2026-01-28 14:40:45 [warn]: [Pixels][GET] CP2 read pixel_data done {"reqId":"get-1769578845876-lj1pjcdm3","territoryId":"adrar","redisKey":"pixel_data:adrar","hasData":true,"pixelsLength":385,"filledPixels":385,"revision":42,"dataType":"object","pixelDataKeys":["territoryId","pixels","width","height","filledPixels","lastUpdated","ownerId","revision","updatedAt"],"pixelDataRawType":"object","pixelDataRawIsNull":false,"pixelDataRawIsUndefined":false}
2026-01-28 14:40:45 [warn]: [Pixels][GET] CP3 pixelDataValid evaluated {"reqId":"get-1769578845876-lj1pjcdm3","territoryId":"adrar","pixelDataValid":true,"hasPixelData":true,"hasPixelsProperty":true,"pixelsIsArray":true,"pixelsLength":385}
2026-01-28 14:40:45 [warn]: [Pixels][GET] ✅ Returning cached pixel data {"reqId":"get-1769578845876-lj1pjcdm3","territoryId":"adrar","pixelsLength":385,"filledPixels":385,"revision":42,"updatedAt":"2025-12-27T07:55:54.406Z"}
2026-01-28 14:40:45 [warn]: [Pixels][GET] ENTER route=v2 pid=14160 file=pixels.js commit=unknown reqId=get-1769578845965-j7znpgrir {"territoryIdParam":"tamanghasset","url":"/","method":"GET"}
2026-01-28 14:40:45 [warn]: [Pixels][GET] CP1 territoryId normalized {"reqId":"get-1769578845965-j7znpgrir","territoryIdRaw":"tamanghasset","territoryIdNormalized":"tamanghasset","wasDisplayId":false}
2026-01-28 14:40:46 [warn]: [Pixels][GET] CP2 read pixel_data done {"reqId":"get-1769578845965-j7znpgrir","territoryId":"tamanghasset","redisKey":"pixel_data:tamanghasset","hasData":true,"pixelsLength":592,"filledPixels":592,"revision":28,"dataType":"object","pixelDataKeys":["territoryId","pixels","width","height","filledPixels","lastUpdated","ownerId","revision","updatedAt"],"pixelDataRawType":"object","pixelDataRawIsNull":false,"pixelDataRawIsUndefined":false}
2026-01-28 14:40:46 [warn]: [Pixels][GET] CP3 pixelDataValid evaluated {"reqId":"get-1769578845965-j7znpgrir","territoryId":"tamanghasset","pixelDataValid":true,"hasPixelData":true,"hasPixelsProperty":true,"pixelsIsArray":true,"pixelsLength":592}
2026-01-28 14:40:46 [warn]: [Pixels][GET] ✅ Returning cached pixel data {"reqId":"get-1769578845965-j7znpgrir","territoryId":"tamanghasset","pixelsLength":592,"filledPixels":592,"revision":28,"updatedAt":"2025-12-30T02:39:22.329Z"}
2026-01-28 14:41:00 [warn]: [Pixels][GET] ENTER route=v2 pid=14160 file=pixels.js commit=unknown reqId=get-1769578860868-nsrwbe4m6 {"territoryIdParam":"california","url":"/","method":"GET"}
2026-01-28 14:41:00 [warn]: [Pixels][GET] CP1 territoryId normalized {"reqId":"get-1769578860868-nsrwbe4m6","territoryIdRaw":"california","territoryIdNormalized":"california","wasDisplayId":false}
2026-01-28 14:41:00 [warn]: [Pixels][GET] CP2 read pixel_data done {"reqId":"get-1769578860868-nsrwbe4m6","territoryId":"california","redisKey":"pixel_data:california","hasData":false,"pixelsLength":0,"filledPixels":0,"revision":0,"dataType":"object","pixelDataKeys":[],"pixelDataRawType":"object","pixelDataRawIsNull":true,"pixelDataRawIsUndefined":false}
2026-01-28 14:41:00 [warn]: [Pixels][GET] CP3 pixelDataValid evaluated {"reqId":"get-1769578860868-nsrwbe4m6","territoryId":"california","pixelDataValid":null,"hasPixelData":false,"hasPixelsProperty":false,"pixelsIsArray":false,"pixelsLength":0}
2026-01-28 14:41:00 [warn]: [Pixels][GET] ⚠️ No valid cached pixel data, checking tile system {"reqId":"get-1769578860868-nsrwbe4m6","territoryId":"california","hasPixelData":false,"pixelsLength":0,"pixelDataType":"null"}
2026-01-28 14:41:01 [warn]: [Pixels][GET] CP4 tileRevMap read done {"reqId":"get-1769578860868-nsrwbe4m6","territoryId":"california","tileRevKey":"territory_tile_rev:california","hasTileRevisionMap":true,"tileRevisionMapType":"object","tileRevisionMapKeys":["0","1","2","3","4","5","6","7","8","9","10","11","12","13"],"tileRevisionMapLength":14,"tileRevisionMapSample":[["0","c"],["1","a"],["2","l"]]}
2026-01-28 14:41:01 [warn]: [Pixels][GET] 🔍 Loading tiles from tile system {"reqId":"get-1769578860868-nsrwbe4m6","territoryId":"california","tileCount":14,"tileIds":["0","1","2","3","4","5","6","7","8","9"]}
2026-01-28 14:41:01 [warn]: [Pixels][GET] ⚠️ No pixels found in tiles, not caching empty data {"reqId":"get-1769578860868-nsrwbe4m6","territoryId":"california","tileCount":14}
2026-01-28 14:41:21 [warn]: [Pixels][GET] ENTER route=v2 pid=14160 file=pixels.js commit=unknown reqId=get-1769578881503-q3zfpxzj4 {"territoryIdParam":"california","url":"/","method":"GET"}
2026-01-28 14:41:21 [warn]: [Pixels][GET] CP1 territoryId normalized {"reqId":"get-1769578881503-q3zfpxzj4","territoryIdRaw":"california","territoryIdNormalized":"california","wasDisplayId":false}
2026-01-28 14:41:21 [warn]: [Pixels][GET] CP2 read pixel_data done {"reqId":"get-1769578881503-q3zfpxzj4","territoryId":"california","redisKey":"pixel_data:california","hasData":false,"pixelsLength":0,"filledPixels":0,"revision":0,"dataType":"object","pixelDataKeys":[],"pixelDataRawType":"object","pixelDataRawIsNull":true,"pixelDataRawIsUndefined":false}
2026-01-28 14:41:21 [warn]: [Pixels][GET] CP3 pixelDataValid evaluated {"reqId":"get-1769578881503-q3zfpxzj4","territoryId":"california","pixelDataValid":null,"hasPixelData":false,"hasPixelsProperty":false,"pixelsIsArray":false,"pixelsLength":0}
2026-01-28 14:41:21 [warn]: [Pixels][GET] ⚠️ No valid cached pixel data, checking tile system {"reqId":"get-1769578881503-q3zfpxzj4","territoryId":"california","hasPixelData":false,"pixelsLength":0,"pixelDataType":"null"}
2026-01-28 14:41:21 [warn]: [Pixels][GET] CP4 tileRevMap read done {"reqId":"get-1769578881503-q3zfpxzj4","territoryId":"california","tileRevKey":"territory_tile_rev:california","hasTileRevisionMap":true,"tileRevisionMapType":"object","tileRevisionMapKeys":["0","1","2","3","4","5","6","7","8","9","10","11","12","13"],"tileRevisionMapLength":14,"tileRevisionMapSample":[["0","c"],["1","a"],["2","l"]]}
2026-01-28 14:41:21 [warn]: [Pixels][GET] 🔍 Loading tiles from tile system {"reqId":"get-1769578881503-q3zfpxzj4","territoryId":"california","tileCount":14,"tileIds":["0","1","2","3","4","5","6","7","8","9"]}
2026-01-28 14:41:22 [warn]: [Pixels][GET] ⚠️ No pixels found in tiles, not caching empty data {"reqId":"get-1769578881503-q3zfpxzj4","territoryId":"california","tileCount":14}
2026-01-28 14:42:22 [info]: [Pixels] 🔍 POST /tiles START {"reqId":"tiles-1769578942676-rth2g6vsl","territoryIdRaw":"california","contentLength":2658,"tilesCount":5,"bodyKeys":["tiles"],"tilesType":"object","tilesIsArray":true,"tilesSample":{"tileId":"california:4:5","pixels":[{"x":74,"y":80,"color":"#ff0000"},{"x":75,"y":80,"color":"#ff0000"},{"x":68,"y":81,"color":"#ff0000"},{"x":69,"y":81,"color":"#ff0000"},{"x":70,"y":81,"color":"#ff0000"},{"x":72,"y":81,"color":"#ff0000"},{"x":74,"y":81,"color":"#ff0000"},{"x":67,"y":82,"color":"#ff0000"},{"x":68,"y":82,"color":"#ff0000"},{"x":74,"y":82,"color":"#ff0000"},{"x":74,"y":83,"color":"#ff0000"},{"x":75,"y":83,"color":"#ff0000"},{"x":66,"y":84,"color":"#ff0000"},{"x":67,"y":84,"color":"#ff0000"},{"x":74,"y":84,"color":"#ff0000"},{"x":65,"y":85,"color":"#ff0000"},{"x":66,"y":85,"color":"#ff0000"},{"x":74,"y":85,"color":"#ff0000"},{"x":65,"y":86,"color":"#ff0000"},{"x":66,"y":86,"color":"#ff0000"},{"x":65,"y":87,"color":"#ff0000"},{"x":65,"y":88,"color":"#ff0000"},{"x":68,"y":88,"color":"#ff0000"},{"x":65,"y":89,"color":"#ff0000"},{"x":69,"y":89,"color":"#ff0000"},{"x":69,"y":90,"color":"#ff0000"},{"x":70,"y":92,"color":"#ff0000"},{"x":66,"y":93,"color":"#ff0000"},{"x":71,"y":93,"color":"#ff0000"},{"x":66,"y":94,"color":"#ff0000"},{"x":79,"y":94,"color":"#ff0000"},{"x":71,"y":95,"color":"#ff0000"},{"x":78,"y":95,"color":"#ff0000"},{"x":79,"y":95,"color":"#ff0000"}],"revision":0}}
2026-01-28 14:42:22 [warn]: [Pixels][POST] 🔍 Tile revision check {"reqId":"tiles-1769578942676-rth2g6vsl","territoryId":"california","tileId":"california:4:5","clientRevision":0,"clientRevisionType":"number","currentRevision":16,"currentRevisionRaw":16,"currentRevisionType":"number","pixelsCount":34}
2026-01-28 14:42:22 [warn]: [Pixels][POST] 🔍 Revision comparison {"reqId":"tiles-1769578942676-rth2g6vsl","territoryId":"california","tileId":"california:4:5","isFirstSave":true,"clientRevNum":0,"serverRevNum":16,"revisionMatch":false,"canProceed":true,"conflictReason":""}
2026-01-28 14:42:22 [warn]: [Pixels][POST] ✅ First save for tile california:4:5 {"reqId":"tiles-1769578942676-rth2g6vsl","territoryId":"california","tileId":"california:4:5","clientRevision":0,"currentRevision":16}
2026-01-28 14:42:23 [info]: [Pixels] ✅ Tile saved {"reqId":"tiles-1769578942676-rth2g6vsl","territoryId":"california","tileId":"california:4:5","revision":17,"pixelsCount":34}
2026-01-28 14:42:23 [warn]: [Pixels][POST] 🔍 Tile revision check {"reqId":"tiles-1769578942676-rth2g6vsl","territoryId":"california","tileId":"california:4:4","clientRevision":0,"clientRevisionType":"number","currentRevision":5,"currentRevisionRaw":5,"currentRevisionType":"number","pixelsCount":6}
2026-01-28 14:42:23 [warn]: [Pixels][POST] 🔍 Revision comparison {"reqId":"tiles-1769578942676-rth2g6vsl","territoryId":"california","tileId":"california:4:4","isFirstSave":true,"clientRevNum":0,"serverRevNum":5,"revisionMatch":false,"canProceed":true,"conflictReason":""}
2026-01-28 14:42:23 [warn]: [Pixels][POST] ✅ First save for tile california:4:4 {"reqId":"tiles-1769578942676-rth2g6vsl","territoryId":"california","tileId":"california:4:4","clientRevision":0,"currentRevision":5}
2026-01-28 14:42:23 [info]: [Pixels] ✅ Tile saved {"reqId":"tiles-1769578942676-rth2g6vsl","territoryId":"california","tileId":"california:4:4","revision":6,"pixelsCount":6}
2026-01-28 14:42:23 [warn]: [Pixels][POST] 🔍 Tile revision check {"reqId":"tiles-1769578942676-rth2g6vsl","territoryId":"california","tileId":"california:5:4","clientRevision":0,"clientRevisionType":"number","currentRevision":2,"currentRevisionRaw":2,"currentRevisionType":"number","pixelsCount":5}
2026-01-28 14:42:23 [warn]: [Pixels][POST] 🔍 Revision comparison {"reqId":"tiles-1769578942676-rth2g6vsl","territoryId":"california","tileId":"california:5:4","isFirstSave":true,"clientRevNum":0,"serverRevNum":2,"revisionMatch":false,"canProceed":true,"conflictReason":""}
2026-01-28 14:42:23 [warn]: [Pixels][POST] ✅ First save for tile california:5:4 {"reqId":"tiles-1769578942676-rth2g6vsl","territoryId":"california","tileId":"california:5:4","clientRevision":0,"currentRevision":2}
2026-01-28 14:42:23 [info]: [Pixels] ✅ Tile saved {"reqId":"tiles-1769578942676-rth2g6vsl","territoryId":"california","tileId":"california:5:4","revision":3,"pixelsCount":5}
2026-01-28 14:42:23 [warn]: [Pixels][POST] 🔍 Tile revision check {"reqId":"tiles-1769578942676-rth2g6vsl","territoryId":"california","tileId":"california:5:5","clientRevision":0,"clientRevisionType":"number","currentRevision":10,"currentRevisionRaw":10,"currentRevisionType":"number","pixelsCount":10}
2026-01-28 14:42:23 [warn]: [Pixels][POST] 🔍 Revision comparison {"reqId":"tiles-1769578942676-rth2g6vsl","territoryId":"california","tileId":"california:5:5","isFirstSave":true,"clientRevNum":0,"serverRevNum":10,"revisionMatch":false,"canProceed":true,"conflictReason":""}
2026-01-28 14:42:23 [warn]: [Pixels][POST] ✅ First save for tile california:5:5 {"reqId":"tiles-1769578942676-rth2g6vsl","territoryId":"california","tileId":"california:5:5","clientRevision":0,"currentRevision":10}
2026-01-28 14:42:23 [info]: [Pixels] ✅ Tile saved {"reqId":"tiles-1769578942676-rth2g6vsl","territoryId":"california","tileId":"california:5:5","revision":11,"pixelsCount":10}
2026-01-28 14:42:23 [warn]: [Pixels][POST] 🔍 Tile revision check {"reqId":"tiles-1769578942676-rth2g6vsl","territoryId":"california","tileId":"california:4:6","clientRevision":0,"clientRevisionType":"number","currentRevision":16,"currentRevisionRaw":16,"currentRevisionType":"number","pixelsCount":15}
2026-01-28 14:42:23 [warn]: [Pixels][POST] 🔍 Revision comparison {"reqId":"tiles-1769578942676-rth2g6vsl","territoryId":"california","tileId":"california:4:6","isFirstSave":true,"clientRevNum":0,"serverRevNum":16,"revisionMatch":false,"canProceed":true,"conflictReason":""}
2026-01-28 14:42:23 [warn]: [Pixels][POST] ✅ First save for tile california:4:6 {"reqId":"tiles-1769578942676-rth2g6vsl","territoryId":"california","tileId":"california:4:6","clientRevision":0,"currentRevision":16}
2026-01-28 14:42:23 [info]: [Pixels] ✅ Tile saved {"reqId":"tiles-1769578942676-rth2g6vsl","territoryId":"california","tileId":"california:4:6","revision":17,"pixelsCount":15}
2026-01-28 14:42:23 [warn]: [Pixels][POST] 📊 Final tile revision map after save {"reqId":"tiles-1769578942676-rth2g6vsl","territoryId":"california","tileRevKey":"territory_tile_rev:california","tileCount":14,"expectedTileCount":5,"tileIds":["0","1","2","3","4","5","6","7","8","9","10","11","12","13"],"savedTiles":["california:4:5","california:4:4","california:5:4","california:5:5","california:4:6"],"match":false}
2026-01-28 14:42:24 [warn]: [Pixels][GET] ENTER route=v2 pid=14160 file=pixels.js commit=unknown reqId=get-1769578944450-7vqx0k58c {"territoryIdParam":"california","url":"/","method":"GET"}
2026-01-28 14:42:24 [warn]: [Pixels][GET] CP1 territoryId normalized {"reqId":"get-1769578944450-7vqx0k58c","territoryIdRaw":"california","territoryIdNormalized":"california","wasDisplayId":false}
2026-01-28 14:42:24 [warn]: [Pixels][GET] ENTER route=v2 pid=14160 file=pixels.js commit=unknown reqId=get-1769578944490-ui7obgrau {"territoryIdParam":"california","url":"/","method":"GET"}
2026-01-28 14:42:24 [warn]: [Pixels][GET] CP1 territoryId normalized {"reqId":"get-1769578944490-ui7obgrau","territoryIdRaw":"california","territoryIdNormalized":"california","wasDisplayId":false}
2026-01-28 14:42:24 [warn]: [Pixels][GET] ENTER route=v2 pid=14160 file=pixels.js commit=unknown reqId=get-1769578944502-p0bjorg5e {"territoryIdParam":"california","url":"/","method":"GET"}
2026-01-28 14:42:24 [warn]: [Pixels][GET] CP1 territoryId normalized {"reqId":"get-1769578944502-p0bjorg5e","territoryIdRaw":"california","territoryIdNormalized":"california","wasDisplayId":false}
2026-01-28 14:42:24 [warn]: [Pixels][GET] CP2 read pixel_data done {"reqId":"get-1769578944490-ui7obgrau","territoryId":"california","redisKey":"pixel_data:california","hasData":false,"pixelsLength":0,"filledPixels":0,"revision":0,"dataType":"object","pixelDataKeys":[],"pixelDataRawType":"object","pixelDataRawIsNull":true,"pixelDataRawIsUndefined":false}
2026-01-28 14:42:24 [warn]: [Pixels][GET] CP3 pixelDataValid evaluated {"reqId":"get-1769578944490-ui7obgrau","territoryId":"california","pixelDataValid":null,"hasPixelData":false,"hasPixelsProperty":false,"pixelsIsArray":false,"pixelsLength":0}
2026-01-28 14:42:24 [warn]: [Pixels][GET] ⚠️ No valid cached pixel data, checking tile system {"reqId":"get-1769578944490-ui7obgrau","territoryId":"california","hasPixelData":false,"pixelsLength":0,"pixelDataType":"null"}
2026-01-28 14:42:24 [warn]: [Pixels][GET] CP2 read pixel_data done {"reqId":"get-1769578944502-p0bjorg5e","territoryId":"california","redisKey":"pixel_data:california","hasData":false,"pixelsLength":0,"filledPixels":0,"revision":0,"dataType":"object","pixelDataKeys":[],"pixelDataRawType":"object","pixelDataRawIsNull":true,"pixelDataRawIsUndefined":false}
2026-01-28 14:42:24 [warn]: [Pixels][GET] CP3 pixelDataValid evaluated {"reqId":"get-1769578944502-p0bjorg5e","territoryId":"california","pixelDataValid":null,"hasPixelData":false,"hasPixelsProperty":false,"pixelsIsArray":false,"pixelsLength":0}
2026-01-28 14:42:24 [warn]: [Pixels][GET] ⚠️ No valid cached pixel data, checking tile system {"reqId":"get-1769578944502-p0bjorg5e","territoryId":"california","hasPixelData":false,"pixelsLength":0,"pixelDataType":"null"}
2026-01-28 14:42:24 [warn]: [Pixels][GET] CP2 read pixel_data done {"reqId":"get-1769578944450-7vqx0k58c","territoryId":"california","redisKey":"pixel_data:california","hasData":false,"pixelsLength":0,"filledPixels":0,"revision":0,"dataType":"object","pixelDataKeys":[],"pixelDataRawType":"object","pixelDataRawIsNull":true,"pixelDataRawIsUndefined":false}
2026-01-28 14:42:24 [warn]: [Pixels][GET] CP3 pixelDataValid evaluated {"reqId":"get-1769578944450-7vqx0k58c","territoryId":"california","pixelDataValid":null,"hasPixelData":false,"hasPixelsProperty":false,"pixelsIsArray":false,"pixelsLength":0}
2026-01-28 14:42:24 [warn]: [Pixels][GET] ⚠️ No valid cached pixel data, checking tile system {"reqId":"get-1769578944450-7vqx0k58c","territoryId":"california","hasPixelData":false,"pixelsLength":0,"pixelDataType":"null"}
2026-01-28 14:42:24 [warn]: [Pixels][GET] CP4 tileRevMap read done {"reqId":"get-1769578944502-p0bjorg5e","territoryId":"california","tileRevKey":"territory_tile_rev:california","hasTileRevisionMap":true,"tileRevisionMapType":"object","tileRevisionMapKeys":["0","1","2","3","4","5","6","7","8","9","10","11","12","13"],"tileRevisionMapLength":14,"tileRevisionMapSample":[["0","c"],["1","a"],["2","l"]]}
2026-01-28 14:42:24 [warn]: [Pixels][GET] 🔍 Loading tiles from tile system {"reqId":"get-1769578944502-p0bjorg5e","territoryId":"california","tileCount":14,"tileIds":["0","1","2","3","4","5","6","7","8","9"]}
2026-01-28 14:42:24 [warn]: [Pixels][GET] CP4 tileRevMap read done {"reqId":"get-1769578944450-7vqx0k58c","territoryId":"california","tileRevKey":"territory_tile_rev:california","hasTileRevisionMap":true,"tileRevisionMapType":"object","tileRevisionMapKeys":["0","1","2","3","4","5","6","7","8","9","10","11","12","13"],"tileRevisionMapLength":14,"tileRevisionMapSample":[["0","c"],["1","a"],["2","l"]]}
2026-01-28 14:42:24 [warn]: [Pixels][GET] 🔍 Loading tiles from tile system {"reqId":"get-1769578944450-7vqx0k58c","territoryId":"california","tileCount":14,"tileIds":["0","1","2","3","4","5","6","7","8","9"]}
2026-01-28 14:42:24 [warn]: [Pixels][GET] CP4 tileRevMap read done {"reqId":"get-1769578944490-ui7obgrau","territoryId":"california","tileRevKey":"territory_tile_rev:california","hasTileRevisionMap":true,"tileRevisionMapType":"object","tileRevisionMapKeys":["0","1","2","3","4","5","6","7","8","9","10","11","12","13"],"tileRevisionMapLength":14,"tileRevisionMapSample":[["0","c"],["1","a"],["2","l"]]}
2026-01-28 14:42:24 [warn]: [Pixels][GET] 🔍 Loading tiles from tile system {"reqId":"get-1769578944490-ui7obgrau","territoryId":"california","tileCount":14,"tileIds":["0","1","2","3","4","5","6","7","8","9"]}
2026-01-28 14:42:25 [warn]: [Pixels][GET] ⚠️ No pixels found in tiles, not caching empty data {"reqId":"get-1769578944502-p0bjorg5e","territoryId":"california","tileCount":14}
2026-01-28 14:42:25 [warn]: [Pixels][GET] ⚠️ No pixels found in tiles, not caching empty data {"reqId":"get-1769578944450-7vqx0k58c","territoryId":"california","tileCount":14}
2026-01-28 14:42:25 [warn]: [Pixels][GET] ⚠️ No pixels found in tiles, not caching empty data {"reqId":"get-1769578944490-ui7obgrau","territoryId":"california","tileCount":14}
2026-01-28 14:42:29 [warn]: [Pixels][GET] ENTER route=v2 pid=14160 file=pixels.js commit=unknown reqId=get-1769578949185-rnajs7qm5 {"territoryIdParam":"california","url":"/","method":"GET"}
2026-01-28 14:42:29 [warn]: [Pixels][GET] CP1 territoryId normalized {"reqId":"get-1769578949185-rnajs7qm5","territoryIdRaw":"california","territoryIdNormalized":"california","wasDisplayId":false}
2026-01-28 14:42:29 [warn]: [Pixels][GET] CP2 read pixel_data done {"reqId":"get-1769578949185-rnajs7qm5","territoryId":"california","redisKey":"pixel_data:california","hasData":false,"pixelsLength":0,"filledPixels":0,"revision":0,"dataType":"object","pixelDataKeys":[],"pixelDataRawType":"object","pixelDataRawIsNull":true,"pixelDataRawIsUndefined":false}
2026-01-28 14:42:29 [warn]: [Pixels][GET] CP3 pixelDataValid evaluated {"reqId":"get-1769578949185-rnajs7qm5","territoryId":"california","pixelDataValid":null,"hasPixelData":false,"hasPixelsProperty":false,"pixelsIsArray":false,"pixelsLength":0}
2026-01-28 14:42:29 [warn]: [Pixels][GET] ⚠️ No valid cached pixel data, checking tile system {"reqId":"get-1769578949185-rnajs7qm5","territoryId":"california","hasPixelData":false,"pixelsLength":0,"pixelDataType":"null"}
2026-01-28 14:42:29 [warn]: [Pixels][GET] CP4 tileRevMap read done {"reqId":"get-1769578949185-rnajs7qm5","territoryId":"california","tileRevKey":"territory_tile_rev:california","hasTileRevisionMap":true,"tileRevisionMapType":"object","tileRevisionMapKeys":["0","1","2","3","4","5","6","7","8","9","10","11","12","13"],"tileRevisionMapLength":14,"tileRevisionMapSample":[["0","c"],["1","a"],["2","l"]]}
2026-01-28 14:42:29 [warn]: [Pixels][GET] 🔍 Loading tiles from tile system {"reqId":"get-1769578949185-rnajs7qm5","territoryId":"california","tileCount":14,"tileIds":["0","1","2","3","4","5","6","7","8","9"]}
2026-01-28 14:42:29 [warn]: [Pixels][GET] ENTER route=v2 pid=14160 file=pixels.js commit=unknown reqId=get-1769578949593-o80f0i3ug {"territoryIdParam":"california","url":"/","method":"GET"}
2026-01-28 14:42:29 [warn]: [Pixels][GET] CP1 territoryId normalized {"reqId":"get-1769578949593-o80f0i3ug","territoryIdRaw":"california","territoryIdNormalized":"california","wasDisplayId":false}
2026-01-28 14:42:29 [warn]: [Pixels][GET] CP2 read pixel_data done {"reqId":"get-1769578949593-o80f0i3ug","territoryId":"california","redisKey":"pixel_data:california","hasData":false,"pixelsLength":0,"filledPixels":0,"revision":0,"dataType":"object","pixelDataKeys":[],"pixelDataRawType":"object","pixelDataRawIsNull":true,"pixelDataRawIsUndefined":false}
2026-01-28 14:42:29 [warn]: [Pixels][GET] CP3 pixelDataValid evaluated {"reqId":"get-1769578949593-o80f0i3ug","territoryId":"california","pixelDataValid":null,"hasPixelData":false,"hasPixelsProperty":false,"pixelsIsArray":false,"pixelsLength":0}
2026-01-28 14:42:29 [warn]: [Pixels][GET] ⚠️ No valid cached pixel data, checking tile system {"reqId":"get-1769578949593-o80f0i3ug","territoryId":"california","hasPixelData":false,"pixelsLength":0,"pixelDataType":"null"}
2026-01-28 14:42:29 [warn]: [Pixels][GET] CP4 tileRevMap read done {"reqId":"get-1769578949593-o80f0i3ug","territoryId":"california","tileRevKey":"territory_tile_rev:california","hasTileRevisionMap":true,"tileRevisionMapType":"object","tileRevisionMapKeys":["0","1","2","3","4","5","6","7","8","9","10","11","12","13"],"tileRevisionMapLength":14,"tileRevisionMapSample":[["0","c"],["1","a"],["2","l"]]}
2026-01-28 14:42:29 [warn]: [Pixels][GET] 🔍 Loading tiles from tile system {"reqId":"get-1769578949593-o80f0i3ug","territoryId":"california","tileCount":14,"tileIds":["0","1","2","3","4","5","6","7","8","9"]}
2026-01-28 14:42:30 [warn]: [Pixels][GET] ⚠️ No pixels found in tiles, not caching empty data {"reqId":"get-1769578949185-rnajs7qm5","territoryId":"california","tileCount":14}
2026-01-28 14:42:30 [warn]: [Pixels][GET] ⚠️ No pixels found in tiles, not caching empty data {"reqId":"get-1769578949593-o80f0i3ug","territoryId":"california","tileCount":14}
2026-01-28 14:47:17 [info]: ✅ Database connected
2026-01-28 14:47:17 [info]: 🔄 Running database migrations...
2026-01-28 14:47:17 [info]: ✅ Migrations completed
2026-01-28 14:47:17 [info]: 🔍 Validating database schema...
2026-01-28 14:47:17 [info]: ✅ Schema validation passed
2026-01-28 14:47:17 [info]: ✅ Redis connected
2026-01-28 14:47:17 [info]: 🚀 Server running on port 3000
2026-01-28 14:47:17 [info]: 📡 WebSocket server ready
2026-01-28 14:47:17 [info]: 🌍 Environment: development
2026-01-28 14:47:17 [info]: 🔗 Health check: http://0.0.0.0:3000/api/health
2026-01-28 14:47:34 [warn]: [Pixels][GET] ENTER route=v2 pid=11648 file=pixels.js commit=unknown reqId=get-1769579254451-5yan4xo15 {"territoryIdParam":"california","url":"/","method":"GET"}
2026-01-28 14:47:34 [warn]: [Pixels][GET] CP1 territoryId normalized {"reqId":"get-1769579254451-5yan4xo15","territoryIdRaw":"california","territoryIdNormalized":"california","wasDisplayId":false}
2026-01-28 14:47:34 [warn]: [Pixels][GET] CP2 read pixel_data done {"reqId":"get-1769579254451-5yan4xo15","territoryId":"california","redisKey":"pixel_data:california","hasData":false,"pixelsLength":0,"filledPixels":0,"revision":0,"dataType":"object","pixelDataKeys":[],"pixelDataRawType":"object","pixelDataRawIsNull":true,"pixelDataRawIsUndefined":false}
2026-01-28 14:47:34 [warn]: [Pixels][GET] CP3 pixelDataValid evaluated {"reqId":"get-1769579254451-5yan4xo15","territoryId":"california","pixelDataValid":null,"hasPixelData":false,"hasPixelsProperty":false,"pixelsIsArray":false,"pixelsLength":0}
2026-01-28 14:47:34 [warn]: [Pixels][GET] ⚠️ No valid cached pixel data, checking tile system {"reqId":"get-1769579254451-5yan4xo15","territoryId":"california","hasPixelData":false,"pixelsLength":0,"pixelDataType":"null"}
2026-01-28 14:47:34 [warn]: [Pixels][GET] CP4 tileRevMap read done {"reqId":"get-1769579254451-5yan4xo15","territoryId":"california","tileRevKey":"territory_tile_rev:california","hasTileRevisionMap":true,"tileRevisionMapType":"object","tileRevisionMapKeys":["0","1","2","3","4","5","6","7","8","9","10","11","12","13"],"tileRevisionMapLength":14,"tileRevisionMapSample":[["0","c"],["1","a"],["2","l"]],"tileRevisionMapIsEmpty":false}
2026-01-28 14:47:34 [warn]: [Pixels][GET] 🔍 Loading tiles from tile system {"reqId":"get-1769579254451-5yan4xo15","territoryId":"california","tileCount":14,"tileIds":["0","1","2","3","4","5","6","7","8","9"]}
2026-01-28 14:47:34 [warn]: [Pixels][GET] 🔍 Loading 14 tiles from tile system {"reqId":"get-1769579254451-5yan4xo15","territoryId":"california","tileIds":["0","1","2","3","4","5","6","7","8","9"]}
2026-01-28 14:47:34 [warn]: [Pixels][GET] ⚠️ Tile data not found in Redis for 0 {"reqId":"get-1769579254451-5yan4xo15","territoryId":"california","tileId":"0","tileKey":"tile_data:0"}
2026-01-28 14:47:34 [warn]: [Pixels][GET] ⚠️ Tile data not found in Redis for 1 {"reqId":"get-1769579254451-5yan4xo15","territoryId":"california","tileId":"1","tileKey":"tile_data:1"}
2026-01-28 14:47:34 [warn]: [Pixels][GET] ⚠️ Tile data not found in Redis for 2 {"reqId":"get-1769579254451-5yan4xo15","territoryId":"california","tileId":"2","tileKey":"tile_data:2"}
2026-01-28 14:47:34 [warn]: [Pixels][GET] ⚠️ Tile data not found in Redis for 3 {"reqId":"get-1769579254451-5yan4xo15","territoryId":"california","tileId":"3","tileKey":"tile_data:3"}
2026-01-28 14:47:34 [warn]: [Pixels][GET] ⚠️ Tile data not found in Redis for 4 {"reqId":"get-1769579254451-5yan4xo15","territoryId":"california","tileId":"4","tileKey":"tile_data:4"}
2026-01-28 14:47:34 [warn]: [Pixels][GET] ⚠️ Tile data not found in Redis for 5 {"reqId":"get-1769579254451-5yan4xo15","territoryId":"california","tileId":"5","tileKey":"tile_data:5"}
2026-01-28 14:47:34 [warn]: [Pixels][GET] ⚠️ Tile data not found in Redis for 6 {"reqId":"get-1769579254451-5yan4xo15","territoryId":"california","tileId":"6","tileKey":"tile_data:6"}
2026-01-28 14:47:34 [warn]: [Pixels][GET] ⚠️ Tile data not found in Redis for 7 {"reqId":"get-1769579254451-5yan4xo15","territoryId":"california","tileId":"7","tileKey":"tile_data:7"}
2026-01-28 14:47:34 [warn]: [Pixels][GET] ⚠️ Tile data not found in Redis for 8 {"reqId":"get-1769579254451-5yan4xo15","territoryId":"california","tileId":"8","tileKey":"tile_data:8"}
2026-01-28 14:47:34 [warn]: [Pixels][GET] ⚠️ Tile data not found in Redis for 9 {"reqId":"get-1769579254451-5yan4xo15","territoryId":"california","tileId":"9","tileKey":"tile_data:9"}
2026-01-28 14:47:35 [warn]: [Pixels][GET] ⚠️ Tile data not found in Redis for 10 {"reqId":"get-1769579254451-5yan4xo15","territoryId":"california","tileId":"10","tileKey":"tile_data:10"}
2026-01-28 14:47:35 [warn]: [Pixels][GET] ⚠️ Tile data not found in Redis for 11 {"reqId":"get-1769579254451-5yan4xo15","territoryId":"california","tileId":"11","tileKey":"tile_data:11"}
2026-01-28 14:47:35 [warn]: [Pixels][GET] ⚠️ Tile data not found in Redis for 12 {"reqId":"get-1769579254451-5yan4xo15","territoryId":"california","tileId":"12","tileKey":"tile_data:12"}
2026-01-28 14:47:35 [warn]: [Pixels][GET] ⚠️ Tile data not found in Redis for 13 {"reqId":"get-1769579254451-5yan4xo15","territoryId":"california","tileId":"13","tileKey":"tile_data:13"}
2026-01-28 14:47:35 [warn]: [Pixels][GET] 📊 Tile loading summary {"reqId":"get-1769579254451-5yan4xo15","territoryId":"california","totalTilesInMap":14,"tilesLoaded":0,"tilesWithPixels":0,"tilesEmpty":14,"tilesError":0,"totalPixelsCollected":0}
2026-01-28 14:47:35 [warn]: [Pixels][GET] ⚠️ No pixels found in tiles, not caching empty data {"reqId":"get-1769579254451-5yan4xo15","territoryId":"california","tileCount":14}
2026-01-28 14:48:11 [info]: [Pixels] 🔍 POST /tiles START {"reqId":"tiles-1769579291848-kxkogsfen","territoryIdRaw":"california","contentLength":4009,"tilesCount":3,"bodyKeys":["tiles"],"tilesType":"object","tilesIsArray":true,"tilesSample":{"tileId":"california:4:5","pixels":[{"x":70,"y":80,"color":"#ff0000"},{"x":71,"y":80,"color":"#ff0000"},{"x":72,"y":80,"color":"#ff0000"},{"x":73,"y":80,"color":"#ff0000"},{"x":74,"y":80,"color":"#ff0000"},{"x":70,"y":81,"color":"#ff0000"},{"x":71,"y":81,"color":"#ff0000"},{"x":72,"y":81,"color":"#ff0000"},{"x":73,"y":81,"color":"#ff0000"},{"x":74,"y":81,"color":"#ff0000"},{"x":75,"y":81,"color":"#ff0000"},{"x":79,"y":81,"color":"#ff0000"},{"x":70,"y":82,"color":"#ff0000"},{"x":71,"y":82,"color":"#ff0000"},{"x":72,"y":82,"color":"#ff0000"},{"x":73,"y":82,"color":"#ff0000"},{"x":74,"y":82,"color":"#ff0000"},{"x":75,"y":82,"color":"#ff0000"},{"x":78,"y":82,"color":"#ff0000"},{"x":79,"y":82,"color":"#ff0000"},{"x":70,"y":83,"color":"#ff0000"},{"x":71,"y":83,"color":"#ff0000"},{"x":72,"y":83,"color":"#ff0000"},{"x":74,"y":83,"color":"#ff0000"},{"x":75,"y":83,"color":"#ff0000"},{"x":76,"y":83,"color":"#ff0000"},{"x":77,"y":83,"color":"#ff0000"},{"x":78,"y":83,"color":"#ff0000"},{"x":79,"y":83,"color":"#ff0000"},{"x":70,"y":84,"color":"#ff0000"},{"x":71,"y":84,"color":"#ff0000"},{"x":72,"y":84,"color":"#ff0000"},{"x":75,"y":84,"color":"#ff0000"},{"x":76,"y":84,"color":"#ff0000"},{"x":77,"y":84,"color":"#ff0000"},{"x":78,"y":84,"color":"#ff0000"},{"x":79,"y":84,"color":"#ff0000"},{"x":69,"y":85,"color":"#ff0000"},{"x":70,"y":85,"color":"#ff0000"},{"x":71,"y":85,"color":"#ff0000"},{"x":76,"y":85,"color":"#ff0000"},{"x":77,"y":85,"color":"#ff0000"},{"x":78,"y":85,"color":"#ff0000"},{"x":69,"y":86,"color":"#ff0000"},{"x":70,"y":86,"color":"#ff0000"},{"x":71,"y":86,"color":"#ff0000"},{"x":76,"y":86,"color":"#ff0000"},{"x":77,"y":86,"color":"#ff0000"},{"x":78,"y":86,"color":"#ff0000"},{"x":69,"y":87,"color":"#ff0000"},{"x":70,"y":87,"color":"#ff0000"},{"x":71,"y":87,"color":"#ff0000"},{"x":77,"y":87,"color":"#ff0000"},{"x":69,"y":88,"color":"#ff0000"},{"x":70,"y":88,"color":"#ff0000"},{"x":71,"y":88,"color":"#ff0000"},{"x":69,"y":89,"color":"#ff0000"},{"x":70,"y":89,"color":"#ff0000"},{"x":71,"y":89,"color":"#ff0000"},{"x":69,"y":90,"color":"#ff0000"},{"x":70,"y":90,"color":"#ff0000"},{"x":71,"y":90,"color":"#ff0000"},{"x":69,"y":91,"color":"#ff0000"},{"x":70,"y":91,"color":"#ff0000"},{"x":71,"y":91,"color":"#ff0000"},{"x":69,"y":92,"color":"#ff0000"},{"x":70,"y":92,"color":"#ff0000"},{"x":71,"y":92,"color":"#ff0000"},{"x":72,"y":92,"color":"#ff0000"},{"x":70,"y":93,"color":"#ff0000"},{"x":71,"y":93,"color":"#ff0000"},{"x":72,"y":93,"color":"#ff0000"},{"x":70,"y":94,"color":"#ff0000"},{"x":71,"y":94,"color":"#ff0000"},{"x":72,"y":94,"color":"#ff0000"},{"x":79,"y":94,"color":"#ff0000"},{"x":70,"y":95,"color":"#ff0000"},{"x":71,"y":95,"color":"#ff0000"},{"x":72,"y":95,"color":"#ff0000"},{"x":73,"y":95,"color":"#ff0000"},{"x":74,"y":95,"color":"#ff0000"},{"x":79,"y":95,"color":"#ff0000"}],"revision":0}}
2026-01-28 14:48:12 [warn]: [Pixels][POST] 🔍 Tile revision check {"reqId":"tiles-1769579291848-kxkogsfen","territoryId":"california","tileId":"california:4:5","clientRevision":0,"clientRevisionType":"number","currentRevision":17,"currentRevisionRaw":17,"currentRevisionType":"number","pixelsCount":82}
2026-01-28 14:48:12 [warn]: [Pixels][POST] 🔍 Revision comparison {"reqId":"tiles-1769579291848-kxkogsfen","territoryId":"california","tileId":"california:4:5","isFirstSave":true,"clientRevNum":0,"serverRevNum":17,"revisionMatch":false,"canProceed":true,"conflictReason":""}
2026-01-28 14:48:12 [warn]: [Pixels][POST] ✅ First save for tile california:4:5 {"reqId":"tiles-1769579291848-kxkogsfen","territoryId":"california","tileId":"california:4:5","clientRevision":0,"currentRevision":17}
2026-01-28 14:48:12 [info]: [Pixels] ✅ Tile saved {"reqId":"tiles-1769579291848-kxkogsfen","territoryId":"california","tileId":"california:4:5","revision":18,"pixelsCount":82}
2026-01-28 14:48:12 [warn]: [Pixels][POST] 🔍 Tile revision check {"reqId":"tiles-1769579291848-kxkogsfen","territoryId":"california","tileId":"california:4:4","clientRevision":0,"clientRevisionType":"number","currentRevision":6,"currentRevisionRaw":6,"currentRevisionType":"number","pixelsCount":6}
2026-01-28 14:48:12 [warn]: [Pixels][POST] 🔍 Revision comparison {"reqId":"tiles-1769579291848-kxkogsfen","territoryId":"california","tileId":"california:4:4","isFirstSave":true,"clientRevNum":0,"serverRevNum":6,"revisionMatch":false,"canProceed":true,"conflictReason":""}
2026-01-28 14:48:12 [warn]: [Pixels][POST] ✅ First save for tile california:4:4 {"reqId":"tiles-1769579291848-kxkogsfen","territoryId":"california","tileId":"california:4:4","clientRevision":0,"currentRevision":6}
2026-01-28 14:48:12 [info]: [Pixels] ✅ Tile saved {"reqId":"tiles-1769579291848-kxkogsfen","territoryId":"california","tileId":"california:4:4","revision":7,"pixelsCount":6}
2026-01-28 14:48:12 [warn]: [Pixels][POST] 🔍 Tile revision check {"reqId":"tiles-1769579291848-kxkogsfen","territoryId":"california","tileId":"california:4:6","clientRevision":0,"clientRevisionType":"number","currentRevision":17,"currentRevisionRaw":17,"currentRevisionType":"number","pixelsCount":25}
2026-01-28 14:48:12 [warn]: [Pixels][POST] 🔍 Revision comparison {"reqId":"tiles-1769579291848-kxkogsfen","territoryId":"california","tileId":"california:4:6","isFirstSave":true,"clientRevNum":0,"serverRevNum":17,"revisionMatch":false,"canProceed":true,"conflictReason":""}
2026-01-28 14:48:12 [warn]: [Pixels][POST] ✅ First save for tile california:4:6 {"reqId":"tiles-1769579291848-kxkogsfen","territoryId":"california","tileId":"california:4:6","clientRevision":0,"currentRevision":17}
2026-01-28 14:48:12 [info]: [Pixels] ✅ Tile saved {"reqId":"tiles-1769579291848-kxkogsfen","territoryId":"california","tileId":"california:4:6","revision":18,"pixelsCount":25}
2026-01-28 14:48:12 [warn]: [Pixels][POST] 📊 Final tile revision map after save {"reqId":"tiles-1769579291848-kxkogsfen","territoryId":"california","tileRevKey":"territory_tile_rev:california","tileCount":14,"expectedTileCount":3,"savedTileCount":3,"tileIds":["0","1","2","3","4","5","6","7","8","9","10","11","12","13"],"savedTiles":["california:4:5","california:4:4","california:4:6"],"missingTiles":["california:4:5","california:4:4","california:4:6"],"match":false,"tileVerificationResults":[{"tileId":"california:4:5","tileKey":"tile_data:california:4:5","exists":true},{"tileId":"california:4:4","tileKey":"tile_data:california:4:4","exists":true},{"tileId":"california:4:6","tileKey":"tile_data:california:4:6","exists":true}],"tilesNotInRedis":[]}
2026-01-28 14:48:13 [warn]: [Pixels][GET] ENTER route=v2 pid=11648 file=pixels.js commit=unknown reqId=get-1769579293275-9mmvhdt1d {"territoryIdParam":"california","url":"/","method":"GET"}
2026-01-28 14:48:13 [warn]: [Pixels][GET] CP1 territoryId normalized {"reqId":"get-1769579293275-9mmvhdt1d","territoryIdRaw":"california","territoryIdNormalized":"california","wasDisplayId":false}
2026-01-28 14:48:13 [warn]: [Pixels][GET] CP2 read pixel_data done {"reqId":"get-1769579293275-9mmvhdt1d","territoryId":"california","redisKey":"pixel_data:california","hasData":false,"pixelsLength":0,"filledPixels":0,"revision":0,"dataType":"object","pixelDataKeys":[],"pixelDataRawType":"object","pixelDataRawIsNull":true,"pixelDataRawIsUndefined":false}
2026-01-28 14:48:13 [warn]: [Pixels][GET] CP3 pixelDataValid evaluated {"reqId":"get-1769579293275-9mmvhdt1d","territoryId":"california","pixelDataValid":null,"hasPixelData":false,"hasPixelsProperty":false,"pixelsIsArray":false,"pixelsLength":0}
2026-01-28 14:48:13 [warn]: [Pixels][GET] ⚠️ No valid cached pixel data, checking tile system {"reqId":"get-1769579293275-9mmvhdt1d","territoryId":"california","hasPixelData":false,"pixelsLength":0,"pixelDataType":"null"}
2026-01-28 14:48:13 [warn]: [Pixels][GET] CP4 tileRevMap read done {"reqId":"get-1769579293275-9mmvhdt1d","territoryId":"california","tileRevKey":"territory_tile_rev:california","hasTileRevisionMap":true,"tileRevisionMapType":"object","tileRevisionMapKeys":["0","1","2","3","4","5","6","7","8","9","10","11","12","13"],"tileRevisionMapLength":14,"tileRevisionMapSample":[["0","c"],["1","a"],["2","l"]],"tileRevisionMapIsEmpty":false}
2026-01-28 14:48:13 [warn]: [Pixels][GET] 🔍 Loading tiles from tile system {"reqId":"get-1769579293275-9mmvhdt1d","territoryId":"california","tileCount":14,"tileIds":["0","1","2","3","4","5","6","7","8","9"]}
2026-01-28 14:48:13 [warn]: [Pixels][GET] 🔍 Loading 14 tiles from tile system {"reqId":"get-1769579293275-9mmvhdt1d","territoryId":"california","tileIds":["0","1","2","3","4","5","6","7","8","9"]}
2026-01-28 14:48:13 [warn]: [Pixels][GET] ENTER route=v2 pid=11648 file=pixels.js commit=unknown reqId=get-1769579293386-jzfjhk5b7 {"territoryIdParam":"california","url":"/","method":"GET"}
2026-01-28 14:48:13 [warn]: [Pixels][GET] CP1 territoryId normalized {"reqId":"get-1769579293386-jzfjhk5b7","territoryIdRaw":"california","territoryIdNormalized":"california","wasDisplayId":false}
2026-01-28 14:48:13 [warn]: [Pixels][GET] ENTER route=v2 pid=11648 file=pixels.js commit=unknown reqId=get-1769579293391-2tsbrb3a6 {"territoryIdParam":"california","url":"/","method":"GET"}
2026-01-28 14:48:13 [warn]: [Pixels][GET] CP1 territoryId normalized {"reqId":"get-1769579293391-2tsbrb3a6","territoryIdRaw":"california","territoryIdNormalized":"california","wasDisplayId":false}
2026-01-28 14:48:13 [warn]: [Pixels][GET] ⚠️ Tile data not found in Redis for 0 {"reqId":"get-1769579293275-9mmvhdt1d","territoryId":"california","tileId":"0","tileKey":"tile_data:0"}
2026-01-28 14:48:13 [warn]: [Pixels][GET] CP2 read pixel_data done {"reqId":"get-1769579293386-jzfjhk5b7","territoryId":"california","redisKey":"pixel_data:california","hasData":false,"pixelsLength":0,"filledPixels":0,"revision":0,"dataType":"object","pixelDataKeys":[],"pixelDataRawType":"object","pixelDataRawIsNull":true,"pixelDataRawIsUndefined":false}
2026-01-28 14:48:13 [warn]: [Pixels][GET] CP3 pixelDataValid evaluated {"reqId":"get-1769579293386-jzfjhk5b7","territoryId":"california","pixelDataValid":null,"hasPixelData":false,"hasPixelsProperty":false,"pixelsIsArray":false,"pixelsLength":0}
2026-01-28 14:48:13 [warn]: [Pixels][GET] ⚠️ No valid cached pixel data, checking tile system {"reqId":"get-1769579293386-jzfjhk5b7","territoryId":"california","hasPixelData":false,"pixelsLength":0,"pixelDataType":"null"}
2026-01-28 14:48:13 [warn]: [Pixels][GET] CP4 tileRevMap read done {"reqId":"get-1769579293386-jzfjhk5b7","territoryId":"california","tileRevKey":"territory_tile_rev:california","hasTileRevisionMap":true,"tileRevisionMapType":"object","tileRevisionMapKeys":["0","1","2","3","4","5","6","7","8","9","10","11","12","13"],"tileRevisionMapLength":14,"tileRevisionMapSample":[["0","c"],["1","a"],["2","l"]],"tileRevisionMapIsEmpty":false}
2026-01-28 14:48:13 [warn]: [Pixels][GET] 🔍 Loading tiles from tile system {"reqId":"get-1769579293386-jzfjhk5b7","territoryId":"california","tileCount":14,"tileIds":["0","1","2","3","4","5","6","7","8","9"]}
2026-01-28 14:48:13 [warn]: [Pixels][GET] 🔍 Loading 14 tiles from tile system {"reqId":"get-1769579293386-jzfjhk5b7","territoryId":"california","tileIds":["0","1","2","3","4","5","6","7","8","9"]}
2026-01-28 14:48:13 [warn]: [Pixels][GET] ⚠️ Tile data not found in Redis for 0 {"reqId":"get-1769579293386-jzfjhk5b7","territoryId":"california","tileId":"0","tileKey":"tile_data:0"}
2026-01-28 14:48:13 [warn]: [Pixels][GET] CP2 read pixel_data done {"reqId":"get-1769579293391-2tsbrb3a6","territoryId":"california","redisKey":"pixel_data:california","hasData":false,"pixelsLength":0,"filledPixels":0,"revision":0,"dataType":"object","pixelDataKeys":[],"pixelDataRawType":"object","pixelDataRawIsNull":true,"pixelDataRawIsUndefined":false}
2026-01-28 14:48:13 [warn]: [Pixels][GET] CP3 pixelDataValid evaluated {"reqId":"get-1769579293391-2tsbrb3a6","territoryId":"california","pixelDataValid":null,"hasPixelData":false,"hasPixelsProperty":false,"pixelsIsArray":false,"pixelsLength":0}
2026-01-28 14:48:13 [warn]: [Pixels][GET] ⚠️ No valid cached pixel data, checking tile system {"reqId":"get-1769579293391-2tsbrb3a6","territoryId":"california","hasPixelData":false,"pixelsLength":0,"pixelDataType":"null"}
2026-01-28 14:48:13 [warn]: [Pixels][GET] ⚠️ Tile data not found in Redis for 1 {"reqId":"get-1769579293275-9mmvhdt1d","territoryId":"california","tileId":"1","tileKey":"tile_data:1"}
2026-01-28 14:48:13 [warn]: [Pixels][GET] ⚠️ Tile data not found in Redis for 1 {"reqId":"get-1769579293386-jzfjhk5b7","territoryId":"california","tileId":"1","tileKey":"tile_data:1"}
2026-01-28 14:48:13 [warn]: [Pixels][GET] CP4 tileRevMap read done {"reqId":"get-1769579293391-2tsbrb3a6","territoryId":"california","tileRevKey":"territory_tile_rev:california","hasTileRevisionMap":true,"tileRevisionMapType":"object","tileRevisionMapKeys":["0","1","2","3","4","5","6","7","8","9","10","11","12","13"],"tileRevisionMapLength":14,"tileRevisionMapSample":[["0","c"],["1","a"],["2","l"]],"tileRevisionMapIsEmpty":false}
2026-01-28 14:48:13 [warn]: [Pixels][GET] 🔍 Loading tiles from tile system {"reqId":"get-1769579293391-2tsbrb3a6","territoryId":"california","tileCount":14,"tileIds":["0","1","2","3","4","5","6","7","8","9"]}
2026-01-28 14:48:13 [warn]: [Pixels][GET] 🔍 Loading 14 tiles from tile system {"reqId":"get-1769579293391-2tsbrb3a6","territoryId":"california","tileIds":["0","1","2","3","4","5","6","7","8","9"]}
2026-01-28 14:48:13 [warn]: [Pixels][GET] ⚠️ Tile data not found in Redis for 2 {"reqId":"get-1769579293275-9mmvhdt1d","territoryId":"california","tileId":"2","tileKey":"tile_data:2"}
2026-01-28 14:48:13 [warn]: [Pixels][GET] ⚠️ Tile data not found in Redis for 2 {"reqId":"get-1769579293386-jzfjhk5b7","territoryId":"california","tileId":"2","tileKey":"tile_data:2"}
2026-01-28 14:48:13 [warn]: [Pixels][GET] ⚠️ Tile data not found in Redis for 0 {"reqId":"get-1769579293391-2tsbrb3a6","territoryId":"california","tileId":"0","tileKey":"tile_data:0"}
2026-01-28 14:48:13 [warn]: [Pixels][GET] ⚠️ Tile data not found in Redis for 3 {"reqId":"get-1769579293275-9mmvhdt1d","territoryId":"california","tileId":"3","tileKey":"tile_data:3"}
2026-01-28 14:48:13 [warn]: [Pixels][GET] ⚠️ Tile data not found in Redis for 3 {"reqId":"get-1769579293386-jzfjhk5b7","territoryId":"california","tileId":"3","tileKey":"tile_data:3"}
2026-01-28 14:48:13 [warn]: [Pixels][GET] ⚠️ Tile data not found in Redis for 1 {"reqId":"get-1769579293391-2tsbrb3a6","territoryId":"california","tileId":"1","tileKey":"tile_data:1"}
2026-01-28 14:48:13 [warn]: [Pixels][GET] ⚠️ Tile data not found in Redis for 4 {"reqId":"get-1769579293275-9mmvhdt1d","territoryId":"california","tileId":"4","tileKey":"tile_data:4"}
2026-01-28 14:48:13 [warn]: [Pixels][GET] ⚠️ Tile data not found in Redis for 4 {"reqId":"get-1769579293386-jzfjhk5b7","territoryId":"california","tileId":"4","tileKey":"tile_data:4"}
2026-01-28 14:48:13 [warn]: [Pixels][GET] ⚠️ Tile data not found in Redis for 2 {"reqId":"get-1769579293391-2tsbrb3a6","territoryId":"california","tileId":"2","tileKey":"tile_data:2"}
2026-01-28 14:48:13 [warn]: [Pixels][GET] ⚠️ Tile data not found in Redis for 5 {"reqId":"get-1769579293275-9mmvhdt1d","territoryId":"california","tileId":"5","tileKey":"tile_data:5"}
2026-01-28 14:48:13 [warn]: [Pixels][GET] ⚠️ Tile data not found in Redis for 5 {"reqId":"get-1769579293386-jzfjhk5b7","territoryId":"california","tileId":"5","tileKey":"tile_data:5"}
2026-01-28 14:48:13 [warn]: [Pixels][GET] ⚠️ Tile data not found in Redis for 3 {"reqId":"get-1769579293391-2tsbrb3a6","territoryId":"california","tileId":"3","tileKey":"tile_data:3"}
2026-01-28 14:48:13 [warn]: [Pixels][GET] ⚠️ Tile data not found in Redis for 6 {"reqId":"get-1769579293275-9mmvhdt1d","territoryId":"california","tileId":"6","tileKey":"tile_data:6"}
2026-01-28 14:48:13 [warn]: [Pixels][GET] ⚠️ Tile data not found in Redis for 6 {"reqId":"get-1769579293386-jzfjhk5b7","territoryId":"california","tileId":"6","tileKey":"tile_data:6"}
2026-01-28 14:48:13 [warn]: [Pixels][GET] ⚠️ Tile data not found in Redis for 4 {"reqId":"get-1769579293391-2tsbrb3a6","territoryId":"california","tileId":"4","tileKey":"tile_data:4"}
2026-01-28 14:48:13 [warn]: [Pixels][GET] ⚠️ Tile data not found in Redis for 7 {"reqId":"get-1769579293275-9mmvhdt1d","territoryId":"california","tileId":"7","tileKey":"tile_data:7"}
2026-01-28 14:48:13 [warn]: [Pixels][GET] ⚠️ Tile data not found in Redis for 7 {"reqId":"get-1769579293386-jzfjhk5b7","territoryId":"california","tileId":"7","tileKey":"tile_data:7"}
2026-01-28 14:48:13 [warn]: [Pixels][GET] ⚠️ Tile data not found in Redis for 5 {"reqId":"get-1769579293391-2tsbrb3a6","territoryId":"california","tileId":"5","tileKey":"tile_data:5"}
2026-01-28 14:48:13 [warn]: [Pixels][GET] ⚠️ Tile data not found in Redis for 8 {"reqId":"get-1769579293275-9mmvhdt1d","territoryId":"california","tileId":"8","tileKey":"tile_data:8"}
2026-01-28 14:48:13 [warn]: [Pixels][GET] ⚠️ Tile data not found in Redis for 8 {"reqId":"get-1769579293386-jzfjhk5b7","territoryId":"california","tileId":"8","tileKey":"tile_data:8"}
2026-01-28 14:48:13 [warn]: [Pixels][GET] ⚠️ Tile data not found in Redis for 6 {"reqId":"get-1769579293391-2tsbrb3a6","territoryId":"california","tileId":"6","tileKey":"tile_data:6"}
2026-01-28 14:48:13 [warn]: [Pixels][GET] ⚠️ Tile data not found in Redis for 9 {"reqId":"get-1769579293275-9mmvhdt1d","territoryId":"california","tileId":"9","tileKey":"tile_data:9"}
2026-01-28 14:48:13 [warn]: [Pixels][GET] ⚠️ Tile data not found in Redis for 9 {"reqId":"get-1769579293386-jzfjhk5b7","territoryId":"california","tileId":"9","tileKey":"tile_data:9"}
2026-01-28 14:48:13 [warn]: [Pixels][GET] ⚠️ Tile data not found in Redis for 7 {"reqId":"get-1769579293391-2tsbrb3a6","territoryId":"california","tileId":"7","tileKey":"tile_data:7"}
2026-01-28 14:48:13 [warn]: [Pixels][GET] ⚠️ Tile data not found in Redis for 10 {"reqId":"get-1769579293275-9mmvhdt1d","territoryId":"california","tileId":"10","tileKey":"tile_data:10"}
2026-01-28 14:48:13 [warn]: [Pixels][GET] ⚠️ Tile data not found in Redis for 10 {"reqId":"get-1769579293386-jzfjhk5b7","territoryId":"california","tileId":"10","tileKey":"tile_data:10"}
2026-01-28 14:48:13 [warn]: [Pixels][GET] ⚠️ Tile data not found in Redis for 8 {"reqId":"get-1769579293391-2tsbrb3a6","territoryId":"california","tileId":"8","tileKey":"tile_data:8"}
2026-01-28 14:48:13 [warn]: [Pixels][GET] ⚠️ Tile data not found in Redis for 11 {"reqId":"get-1769579293275-9mmvhdt1d","territoryId":"california","tileId":"11","tileKey":"tile_data:11"}
2026-01-28 14:48:13 [warn]: [Pixels][GET] ⚠️ Tile data not found in Redis for 11 {"reqId":"get-1769579293386-jzfjhk5b7","territoryId":"california","tileId":"11","tileKey":"tile_data:11"}
2026-01-28 14:48:13 [warn]: [Pixels][GET] ⚠️ Tile data not found in Redis for 9 {"reqId":"get-1769579293391-2tsbrb3a6","territoryId":"california","tileId":"9","tileKey":"tile_data:9"}
2026-01-28 14:48:13 [warn]: [Pixels][GET] ⚠️ Tile data not found in Redis for 12 {"reqId":"get-1769579293275-9mmvhdt1d","territoryId":"california","tileId":"12","tileKey":"tile_data:12"}
2026-01-28 14:48:13 [warn]: [Pixels][GET] ⚠️ Tile data not found in Redis for 12 {"reqId":"get-1769579293386-jzfjhk5b7","territoryId":"california","tileId":"12","tileKey":"tile_data:12"}
2026-01-28 14:48:13 [warn]: [Pixels][GET] ⚠️ Tile data not found in Redis for 10 {"reqId":"get-1769579293391-2tsbrb3a6","territoryId":"california","tileId":"10","tileKey":"tile_data:10"}
2026-01-28 14:48:14 [warn]: [Pixels][GET] ⚠️ Tile data not found in Redis for 13 {"reqId":"get-1769579293275-9mmvhdt1d","territoryId":"california","tileId":"13","tileKey":"tile_data:13"}
2026-01-28 14:48:14 [warn]: [Pixels][GET] 📊 Tile loading summary {"reqId":"get-1769579293275-9mmvhdt1d","territoryId":"california","totalTilesInMap":14,"tilesLoaded":0,"tilesWithPixels":0,"tilesEmpty":14,"tilesError":0,"totalPixelsCollected":0}
2026-01-28 14:48:14 [warn]: [Pixels][GET] ⚠️ Tile data not found in Redis for 13 {"reqId":"get-1769579293386-jzfjhk5b7","territoryId":"california","tileId":"13","tileKey":"tile_data:13"}
2026-01-28 14:48:14 [warn]: [Pixels][GET] 📊 Tile loading summary {"reqId":"get-1769579293386-jzfjhk5b7","territoryId":"california","totalTilesInMap":14,"tilesLoaded":0,"tilesWithPixels":0,"tilesEmpty":14,"tilesError":0,"totalPixelsCollected":0}
2026-01-28 14:48:14 [warn]: [Pixels][GET] ⚠️ Tile data not found in Redis for 11 {"reqId":"get-1769579293391-2tsbrb3a6","territoryId":"california","tileId":"11","tileKey":"tile_data:11"}
2026-01-28 14:48:14 [warn]: [Pixels][GET] ⚠️ No pixels found in tiles, not caching empty data {"reqId":"get-1769579293275-9mmvhdt1d","territoryId":"california","tileCount":14}
2026-01-28 14:48:14 [warn]: [Pixels][GET] ⚠️ No pixels found in tiles, not caching empty data {"reqId":"get-1769579293386-jzfjhk5b7","territoryId":"california","tileCount":14}
2026-01-28 14:48:14 [warn]: [Pixels][GET] ⚠️ Tile data not found in Redis for 12 {"reqId":"get-1769579293391-2tsbrb3a6","territoryId":"california","tileId":"12","tileKey":"tile_data:12"}
2026-01-28 14:48:14 [warn]: [Pixels][GET] ⚠️ Tile data not found in Redis for 13 {"reqId":"get-1769579293391-2tsbrb3a6","territoryId":"california","tileId":"13","tileKey":"tile_data:13"}
2026-01-28 14:48:14 [warn]: [Pixels][GET] 📊 Tile loading summary {"reqId":"get-1769579293391-2tsbrb3a6","territoryId":"california","totalTilesInMap":14,"tilesLoaded":0,"tilesWithPixels":0,"tilesEmpty":14,"tilesError":0,"totalPixelsCollected":0}
2026-01-28 14:48:14 [warn]: [Pixels][GET] ⚠️ No pixels found in tiles, not caching empty data {"reqId":"get-1769579293391-2tsbrb3a6","territoryId":"california","tileCount":14}
2026-01-28 14:54:17 [info]: ✅ Database connected
2026-01-28 14:54:17 [info]: 🔄 Running database migrations...
2026-01-28 14:54:17 [info]: ✅ Migrations completed
2026-01-28 14:54:17 [info]: 🔍 Validating database schema...
2026-01-28 14:54:17 [info]: ✅ Schema validation passed
2026-01-28 14:54:17 [info]: ✅ Redis connected
2026-01-28 14:54:17 [info]: 🚀 Server running on port 3000
2026-01-28 14:54:17 [info]: 📡 WebSocket server ready
2026-01-28 14:54:17 [info]: 🌍 Environment: development
2026-01-28 14:54:17 [info]: 🔗 Health check: http://0.0.0.0:3000/api/health
2026-01-28 14:54:42 [warn]: [Pixels][GET] ENTER route=v2 pid=26024 file=pixels.js commit=unknown reqId=get-1769579682400-vzaorap7w {"territoryIdParam":"california","url":"/","method":"GET"}
2026-01-28 14:54:42 [warn]: [Pixels][GET] CP1 territoryId normalized {"reqId":"get-1769579682400-vzaorap7w","territoryIdRaw":"california","territoryIdNormalized":"california","wasDisplayId":false}
2026-01-28 14:54:42 [warn]: [Pixels][GET] CP2 read pixel_data done {"reqId":"get-1769579682400-vzaorap7w","territoryId":"california","redisKey":"pixel_data:california","hasData":false,"pixelsLength":0,"filledPixels":0,"revision":0,"dataType":"object","pixelDataKeys":[],"pixelDataRawType":"object","pixelDataRawIsNull":true,"pixelDataRawIsUndefined":false}
2026-01-28 14:54:42 [warn]: [Pixels][GET] CP3 pixelDataValid evaluated {"reqId":"get-1769579682400-vzaorap7w","territoryId":"california","pixelDataValid":null,"hasPixelData":false,"hasPixelsProperty":false,"pixelsIsArray":false,"pixelsLength":0}
2026-01-28 14:54:42 [warn]: [Pixels][GET] ⚠️ No valid cached pixel data, checking tile system {"reqId":"get-1769579682400-vzaorap7w","territoryId":"california","hasPixelData":false,"pixelsLength":0,"pixelDataType":"null"}
2026-01-28 14:54:42 [warn]: [Pixels][GET] CP4 tileRevMap read done {"reqId":"get-1769579682400-vzaorap7w","territoryId":"california","tileRevKey":"territory_tile_rev:california","hasTileRevisionMap":true,"tileRevisionMapType":"object","tileRevisionMapKeys":["0","1","2","3","4","5","6","7","8","9","10","11","12","13"],"tileRevisionMapLength":14,"tileRevisionMapSample":[["0","c"],["1","a"],["2","l"]],"tileRevisionMapIsEmpty":false}
2026-01-28 14:54:42 [warn]: [Pixels][GET] 🔍 Loading tiles from tile system {"reqId":"get-1769579682400-vzaorap7w","territoryId":"california","tileCount":14,"tileIds":["0","1","2","3","4","5","6","7","8","9"]}
2026-01-28 14:54:42 [warn]: [Pixels][GET] 🔍 Loading 14 tiles from tile system {"reqId":"get-1769579682400-vzaorap7w","territoryId":"california","tileIds":["0","1","2","3","4","5","6","7","8","9"]}
2026-01-28 14:54:42 [warn]: [Pixels][GET] ⚠️ Tile data not found in Redis for 0 {"reqId":"get-1769579682400-vzaorap7w","territoryId":"california","tileId":"0","tileKey":"tile_data:0"}
2026-01-28 14:54:42 [warn]: [Pixels][GET] ⚠️ Tile data not found in Redis for 1 {"reqId":"get-1769579682400-vzaorap7w","territoryId":"california","tileId":"1","tileKey":"tile_data:1"}
2026-01-28 14:54:42 [warn]: [Pixels][GET] ⚠️ Tile data not found in Redis for 2 {"reqId":"get-1769579682400-vzaorap7w","territoryId":"california","tileId":"2","tileKey":"tile_data:2"}
2026-01-28 14:54:42 [warn]: [Pixels][GET] ⚠️ Tile data not found in Redis for 3 {"reqId":"get-1769579682400-vzaorap7w","territoryId":"california","tileId":"3","tileKey":"tile_data:3"}
2026-01-28 14:54:42 [warn]: [Pixels][GET] ⚠️ Tile data not found in Redis for 4 {"reqId":"get-1769579682400-vzaorap7w","territoryId":"california","tileId":"4","tileKey":"tile_data:4"}
2026-01-28 14:54:42 [warn]: [Pixels][GET] ⚠️ Tile data not found in Redis for 5 {"reqId":"get-1769579682400-vzaorap7w","territoryId":"california","tileId":"5","tileKey":"tile_data:5"}
2026-01-28 14:54:42 [warn]: [Pixels][GET] ⚠️ Tile data not found in Redis for 6 {"reqId":"get-1769579682400-vzaorap7w","territoryId":"california","tileId":"6","tileKey":"tile_data:6"}
2026-01-28 14:54:42 [warn]: [Pixels][GET] ⚠️ Tile data not found in Redis for 7 {"reqId":"get-1769579682400-vzaorap7w","territoryId":"california","tileId":"7","tileKey":"tile_data:7"}
2026-01-28 14:54:42 [warn]: [Pixels][GET] ⚠️ Tile data not found in Redis for 8 {"reqId":"get-1769579682400-vzaorap7w","territoryId":"california","tileId":"8","tileKey":"tile_data:8"}
2026-01-28 14:54:42 [warn]: [Pixels][GET] ⚠️ Tile data not found in Redis for 9 {"reqId":"get-1769579682400-vzaorap7w","territoryId":"california","tileId":"9","tileKey":"tile_data:9"}
2026-01-28 14:54:43 [warn]: [Pixels][GET] ⚠️ Tile data not found in Redis for 10 {"reqId":"get-1769579682400-vzaorap7w","territoryId":"california","tileId":"10","tileKey":"tile_data:10"}
2026-01-28 14:54:43 [warn]: [Pixels][GET] ⚠️ Tile data not found in Redis for 11 {"reqId":"get-1769579682400-vzaorap7w","territoryId":"california","tileId":"11","tileKey":"tile_data:11"}
2026-01-28 14:54:43 [warn]: [Pixels][GET] ⚠️ Tile data not found in Redis for 12 {"reqId":"get-1769579682400-vzaorap7w","territoryId":"california","tileId":"12","tileKey":"tile_data:12"}
2026-01-28 14:54:43 [warn]: [Pixels][GET] ⚠️ Tile data not found in Redis for 13 {"reqId":"get-1769579682400-vzaorap7w","territoryId":"california","tileId":"13","tileKey":"tile_data:13"}
2026-01-28 14:54:43 [warn]: [Pixels][GET] 📊 Tile loading summary {"reqId":"get-1769579682400-vzaorap7w","territoryId":"california","totalTilesInMap":14,"tilesLoaded":0,"tilesWithPixels":0,"tilesEmpty":14,"tilesError":0,"totalPixelsCollected":0}
2026-01-28 14:54:43 [warn]: [Pixels][GET] ⚠️ No pixels found in tiles, not caching empty data {"reqId":"get-1769579682400-vzaorap7w","territoryId":"california","tileCount":14}
2026-01-28 14:54:45 [warn]: [Pixels][GET] ENTER route=v2 pid=26024 file=pixels.js commit=unknown reqId=get-1769579685890-34vbqvx5b {"territoryIdParam":"california","url":"/","method":"GET"}
2026-01-28 14:54:45 [warn]: [Pixels][GET] CP1 territoryId normalized {"reqId":"get-1769579685890-34vbqvx5b","territoryIdRaw":"california","territoryIdNormalized":"california","wasDisplayId":false}
2026-01-28 14:54:45 [warn]: [Pixels][GET] CP2 read pixel_data done {"reqId":"get-1769579685890-34vbqvx5b","territoryId":"california","redisKey":"pixel_data:california","hasData":false,"pixelsLength":0,"filledPixels":0,"revision":0,"dataType":"object","pixelDataKeys":[],"pixelDataRawType":"object","pixelDataRawIsNull":true,"pixelDataRawIsUndefined":false}
2026-01-28 14:54:45 [warn]: [Pixels][GET] CP3 pixelDataValid evaluated {"reqId":"get-1769579685890-34vbqvx5b","territoryId":"california","pixelDataValid":null,"hasPixelData":false,"hasPixelsProperty":false,"pixelsIsArray":false,"pixelsLength":0}
2026-01-28 14:54:45 [warn]: [Pixels][GET] ⚠️ No valid cached pixel data, checking tile system {"reqId":"get-1769579685890-34vbqvx5b","territoryId":"california","hasPixelData":false,"pixelsLength":0,"pixelDataType":"null"}
2026-01-28 14:54:45 [warn]: [Pixels][GET] CP4 tileRevMap read done {"reqId":"get-1769579685890-34vbqvx5b","territoryId":"california","tileRevKey":"territory_tile_rev:california","hasTileRevisionMap":true,"tileRevisionMapType":"object","tileRevisionMapKeys":["0","1","2","3","4","5","6","7","8","9","10","11","12","13"],"tileRevisionMapLength":14,"tileRevisionMapSample":[["0","c"],["1","a"],["2","l"]],"tileRevisionMapIsEmpty":false}
2026-01-28 14:54:45 [warn]: [Pixels][GET] 🔍 Loading tiles from tile system {"reqId":"get-1769579685890-34vbqvx5b","territoryId":"california","tileCount":14,"tileIds":["0","1","2","3","4","5","6","7","8","9"]}
2026-01-28 14:54:45 [warn]: [Pixels][GET] 🔍 Loading 14 tiles from tile system {"reqId":"get-1769579685890-34vbqvx5b","territoryId":"california","tileIds":["0","1","2","3","4","5","6","7","8","9"]}
2026-01-28 14:54:46 [warn]: [Pixels][GET] ⚠️ Tile data not found in Redis for 0 {"reqId":"get-1769579685890-34vbqvx5b","territoryId":"california","tileId":"0","tileKey":"tile_data:0"}
2026-01-28 14:54:46 [warn]: [Pixels][GET] ⚠️ Tile data not found in Redis for 1 {"reqId":"get-1769579685890-34vbqvx5b","territoryId":"california","tileId":"1","tileKey":"tile_data:1"}
2026-01-28 14:54:46 [warn]: [Pixels][GET] ENTER route=v2 pid=26024 file=pixels.js commit=unknown reqId=get-1769579686118-xxqjuo41y {"territoryIdParam":"california","url":"/","method":"GET"}
2026-01-28 14:54:46 [warn]: [Pixels][GET] CP1 territoryId normalized {"reqId":"get-1769579686118-xxqjuo41y","territoryIdRaw":"california","territoryIdNormalized":"california","wasDisplayId":false}
2026-01-28 14:54:46 [warn]: [Pixels][GET] ⚠️ Tile data not found in Redis for 2 {"reqId":"get-1769579685890-34vbqvx5b","territoryId":"california","tileId":"2","tileKey":"tile_data:2"}
2026-01-28 14:54:46 [warn]: [Pixels][GET] CP2 read pixel_data done {"reqId":"get-1769579686118-xxqjuo41y","territoryId":"california","redisKey":"pixel_data:california","hasData":false,"pixelsLength":0,"filledPixels":0,"revision":0,"dataType":"object","pixelDataKeys":[],"pixelDataRawType":"object","pixelDataRawIsNull":true,"pixelDataRawIsUndefined":false}
2026-01-28 14:54:46 [warn]: [Pixels][GET] CP3 pixelDataValid evaluated {"reqId":"get-1769579686118-xxqjuo41y","territoryId":"california","pixelDataValid":null,"hasPixelData":false,"hasPixelsProperty":false,"pixelsIsArray":false,"pixelsLength":0}
2026-01-28 14:54:46 [warn]: [Pixels][GET] ⚠️ No valid cached pixel data, checking tile system {"reqId":"get-1769579686118-xxqjuo41y","territoryId":"california","hasPixelData":false,"pixelsLength":0,"pixelDataType":"null"}
2026-01-28 14:54:46 [warn]: [Pixels][GET] ⚠️ Tile data not found in Redis for 3 {"reqId":"get-1769579685890-34vbqvx5b","territoryId":"california","tileId":"3","tileKey":"tile_data:3"}
2026-01-28 14:54:46 [warn]: [Pixels][GET] CP4 tileRevMap read done {"reqId":"get-1769579686118-xxqjuo41y","territoryId":"california","tileRevKey":"territory_tile_rev:california","hasTileRevisionMap":true,"tileRevisionMapType":"object","tileRevisionMapKeys":["0","1","2","3","4","5","6","7","8","9","10","11","12","13"],"tileRevisionMapLength":14,"tileRevisionMapSample":[["0","c"],["1","a"],["2","l"]],"tileRevisionMapIsEmpty":false}
2026-01-28 14:54:46 [warn]: [Pixels][GET] 🔍 Loading tiles from tile system {"reqId":"get-1769579686118-xxqjuo41y","territoryId":"california","tileCount":14,"tileIds":["0","1","2","3","4","5","6","7","8","9"]}
2026-01-28 14:54:46 [warn]: [Pixels][GET] 🔍 Loading 14 tiles from tile system {"reqId":"get-1769579686118-xxqjuo41y","territoryId":"california","tileIds":["0","1","2","3","4","5","6","7","8","9"]}
2026-01-28 14:54:46 [warn]: [Pixels][GET] ⚠️ Tile data not found in Redis for 4 {"reqId":"get-1769579685890-34vbqvx5b","territoryId":"california","tileId":"4","tileKey":"tile_data:4"}
2026-01-28 14:54:46 [warn]: [Pixels][GET] ⚠️ Tile data not found in Redis for 0 {"reqId":"get-1769579686118-xxqjuo41y","territoryId":"california","tileId":"0","tileKey":"tile_data:0"}
2026-01-28 14:54:46 [warn]: [Pixels][GET] ⚠️ Tile data not found in Redis for 5 {"reqId":"get-1769579685890-34vbqvx5b","territoryId":"california","tileId":"5","tileKey":"tile_data:5"}
2026-01-28 14:54:46 [warn]: [Pixels][GET] ⚠️ Tile data not found in Redis for 1 {"reqId":"get-1769579686118-xxqjuo41y","territoryId":"california","tileId":"1","tileKey":"tile_data:1"}
2026-01-28 14:54:46 [warn]: [Pixels][GET] ⚠️ Tile data not found in Redis for 6 {"reqId":"get-1769579685890-34vbqvx5b","territoryId":"california","tileId":"6","tileKey":"tile_data:6"}
2026-01-28 14:54:46 [warn]: [Pixels][GET] ⚠️ Tile data not found in Redis for 2 {"reqId":"get-1769579686118-xxqjuo41y","territoryId":"california","tileId":"2","tileKey":"tile_data:2"}
2026-01-28 14:54:46 [warn]: [Pixels][GET] ⚠️ Tile data not found in Redis for 7 {"reqId":"get-1769579685890-34vbqvx5b","territoryId":"california","tileId":"7","tileKey":"tile_data:7"}
2026-01-28 14:54:46 [warn]: [Pixels][GET] ⚠️ Tile data not found in Redis for 3 {"reqId":"get-1769579686118-xxqjuo41y","territoryId":"california","tileId":"3","tileKey":"tile_data:3"}
2026-01-28 14:54:46 [warn]: [Pixels][GET] ⚠️ Tile data not found in Redis for 8 {"reqId":"get-1769579685890-34vbqvx5b","territoryId":"california","tileId":"8","tileKey":"tile_data:8"}
2026-01-28 14:54:46 [warn]: [Pixels][GET] ⚠️ Tile data not found in Redis for 4 {"reqId":"get-1769579686118-xxqjuo41y","territoryId":"california","tileId":"4","tileKey":"tile_data:4"}
2026-01-28 14:54:46 [warn]: [Pixels][GET] ⚠️ Tile data not found in Redis for 9 {"reqId":"get-1769579685890-34vbqvx5b","territoryId":"california","tileId":"9","tileKey":"tile_data:9"}
2026-01-28 14:54:46 [warn]: [Pixels][GET] ⚠️ Tile data not found in Redis for 5 {"reqId":"get-1769579686118-xxqjuo41y","territoryId":"california","tileId":"5","tileKey":"tile_data:5"}
2026-01-28 14:54:46 [warn]: [Pixels][GET] ⚠️ Tile data not found in Redis for 10 {"reqId":"get-1769579685890-34vbqvx5b","territoryId":"california","tileId":"10","tileKey":"tile_data:10"}
2026-01-28 14:54:46 [warn]: [Pixels][GET] ⚠️ Tile data not found in Redis for 6 {"reqId":"get-1769579686118-xxqjuo41y","territoryId":"california","tileId":"6","tileKey":"tile_data:6"}
2026-01-28 14:54:46 [warn]: [Pixels][GET] ⚠️ Tile data not found in Redis for 11 {"reqId":"get-1769579685890-34vbqvx5b","territoryId":"california","tileId":"11","tileKey":"tile_data:11"}
2026-01-28 14:54:46 [warn]: [Pixels][GET] ⚠️ Tile data not found in Redis for 7 {"reqId":"get-1769579686118-xxqjuo41y","territoryId":"california","tileId":"7","tileKey":"tile_data:7"}
2026-01-28 14:54:46 [warn]: [Pixels][GET] ⚠️ Tile data not found in Redis for 12 {"reqId":"get-1769579685890-34vbqvx5b","territoryId":"california","tileId":"12","tileKey":"tile_data:12"}
2026-01-28 14:54:46 [warn]: [Pixels][GET] ⚠️ Tile data not found in Redis for 8 {"reqId":"get-1769579686118-xxqjuo41y","territoryId":"california","tileId":"8","tileKey":"tile_data:8"}
2026-01-28 14:54:46 [warn]: [Pixels][GET] ⚠️ Tile data not found in Redis for 13 {"reqId":"get-1769579685890-34vbqvx5b","territoryId":"california","tileId":"13","tileKey":"tile_data:13"}
2026-01-28 14:54:46 [warn]: [Pixels][GET] 📊 Tile loading summary {"reqId":"get-1769579685890-34vbqvx5b","territoryId":"california","totalTilesInMap":14,"tilesLoaded":0,"tilesWithPixels":0,"tilesEmpty":14,"tilesError":0,"totalPixelsCollected":0}
2026-01-28 14:54:46 [warn]: [Pixels][GET] ⚠️ Tile data not found in Redis for 9 {"reqId":"get-1769579686118-xxqjuo41y","territoryId":"california","tileId":"9","tileKey":"tile_data:9"}
2026-01-28 14:54:46 [warn]: [Pixels][GET] ⚠️ Tile data not found in Redis for 10 {"reqId":"get-1769579686118-xxqjuo41y","territoryId":"california","tileId":"10","tileKey":"tile_data:10"}
2026-01-28 14:54:46 [warn]: [Pixels][GET] ⚠️ Tile data not found in Redis for 11 {"reqId":"get-1769579686118-xxqjuo41y","territoryId":"california","tileId":"11","tileKey":"tile_data:11"}
2026-01-28 14:54:46 [warn]: [Pixels][GET] ⚠️ Tile data not found in Redis for 12 {"reqId":"get-1769579686118-xxqjuo41y","territoryId":"california","tileId":"12","tileKey":"tile_data:12"}
2026-01-28 14:54:46 [warn]: [Pixels][GET] ⚠️ Tile data not found in Redis for 13 {"reqId":"get-1769579686118-xxqjuo41y","territoryId":"california","tileId":"13","tileKey":"tile_data:13"}
2026-01-28 14:54:46 [warn]: [Pixels][GET] 📊 Tile loading summary {"reqId":"get-1769579686118-xxqjuo41y","territoryId":"california","totalTilesInMap":14,"tilesLoaded":0,"tilesWithPixels":0,"tilesEmpty":14,"tilesError":0,"totalPixelsCollected":0}
2026-01-28 14:54:46 [warn]: [Pixels][GET] ⚠️ No pixels found in tiles, not caching empty data {"reqId":"get-1769579685890-34vbqvx5b","territoryId":"california","tileCount":14}
2026-01-28 14:54:46 [warn]: [Pixels][GET] ⚠️ No pixels found in tiles, not caching empty data {"reqId":"get-1769579686118-xxqjuo41y","territoryId":"california","tileCount":14}
2026-01-28 14:55:00 [warn]: [Pixels][GET] ENTER route=v2 pid=26024 file=pixels.js commit=unknown reqId=get-1769579700185-q0n56vky8 {"territoryIdParam":"california","url":"/","method":"GET"}
2026-01-28 14:55:00 [warn]: [Pixels][GET] CP1 territoryId normalized {"reqId":"get-1769579700185-q0n56vky8","territoryIdRaw":"california","territoryIdNormalized":"california","wasDisplayId":false}
2026-01-28 14:55:00 [warn]: [Pixels][GET] CP2 read pixel_data done {"reqId":"get-1769579700185-q0n56vky8","territoryId":"california","redisKey":"pixel_data:california","hasData":false,"pixelsLength":0,"filledPixels":0,"revision":0,"dataType":"object","pixelDataKeys":[],"pixelDataRawType":"object","pixelDataRawIsNull":true,"pixelDataRawIsUndefined":false}
2026-01-28 14:55:00 [warn]: [Pixels][GET] CP3 pixelDataValid evaluated {"reqId":"get-1769579700185-q0n56vky8","territoryId":"california","pixelDataValid":null,"hasPixelData":false,"hasPixelsProperty":false,"pixelsIsArray":false,"pixelsLength":0}
2026-01-28 14:55:00 [warn]: [Pixels][GET] ⚠️ No valid cached pixel data, checking tile system {"reqId":"get-1769579700185-q0n56vky8","territoryId":"california","hasPixelData":false,"pixelsLength":0,"pixelDataType":"null"}
2026-01-28 14:55:00 [warn]: [Pixels][GET] CP4 tileRevMap read done {"reqId":"get-1769579700185-q0n56vky8","territoryId":"california","tileRevKey":"territory_tile_rev:california","hasTileRevisionMap":true,"tileRevisionMapType":"object","tileRevisionMapKeys":["0","1","2","3","4","5","6","7","8","9","10","11","12","13"],"tileRevisionMapLength":14,"tileRevisionMapSample":[["0","c"],["1","a"],["2","l"]],"tileRevisionMapIsEmpty":false}
2026-01-28 14:55:00 [warn]: [Pixels][GET] 🔍 Loading tiles from tile system {"reqId":"get-1769579700185-q0n56vky8","territoryId":"california","tileCount":14,"tileIds":["0","1","2","3","4","5","6","7","8","9"]}
2026-01-28 14:55:00 [warn]: [Pixels][GET] 🔍 Loading 14 tiles from tile system {"reqId":"get-1769579700185-q0n56vky8","territoryId":"california","tileIds":["0","1","2","3","4","5","6","7","8","9"]}
2026-01-28 14:55:00 [warn]: [Pixels][GET] ⚠️ Tile data not found in Redis for 0 {"reqId":"get-1769579700185-q0n56vky8","territoryId":"california","tileId":"0","tileKey":"tile_data:0"}
2026-01-28 14:55:00 [warn]: [Pixels][GET] ⚠️ Tile data not found in Redis for 1 {"reqId":"get-1769579700185-q0n56vky8","territoryId":"california","tileId":"1","tileKey":"tile_data:1"}
2026-01-28 14:55:00 [warn]: [Pixels][GET] ⚠️ Tile data not found in Redis for 2 {"reqId":"get-1769579700185-q0n56vky8","territoryId":"california","tileId":"2","tileKey":"tile_data:2"}
2026-01-28 14:55:00 [warn]: [Pixels][GET] ENTER route=v2 pid=26024 file=pixels.js commit=unknown reqId=get-1769579700496-tsp5bcz6l {"territoryIdParam":"california","url":"/","method":"GET"}
2026-01-28 14:55:00 [warn]: [Pixels][GET] CP1 territoryId normalized {"reqId":"get-1769579700496-tsp5bcz6l","territoryIdRaw":"california","territoryIdNormalized":"california","wasDisplayId":false}
2026-01-28 14:55:00 [warn]: [Pixels][GET] CP2 read pixel_data done {"reqId":"get-1769579700496-tsp5bcz6l","territoryId":"california","redisKey":"pixel_data:california","hasData":false,"pixelsLength":0,"filledPixels":0,"revision":0,"dataType":"object","pixelDataKeys":[],"pixelDataRawType":"object","pixelDataRawIsNull":true,"pixelDataRawIsUndefined":false}
2026-01-28 14:55:00 [warn]: [Pixels][GET] CP3 pixelDataValid evaluated {"reqId":"get-1769579700496-tsp5bcz6l","territoryId":"california","pixelDataValid":null,"hasPixelData":false,"hasPixelsProperty":false,"pixelsIsArray":false,"pixelsLength":0}
2026-01-28 14:55:00 [warn]: [Pixels][GET] ⚠️ No valid cached pixel data, checking tile system {"reqId":"get-1769579700496-tsp5bcz6l","territoryId":"california","hasPixelData":false,"pixelsLength":0,"pixelDataType":"null"}
2026-01-28 14:55:00 [warn]: [Pixels][GET] CP4 tileRevMap read done {"reqId":"get-1769579700496-tsp5bcz6l","territoryId":"california","tileRevKey":"territory_tile_rev:california","hasTileRevisionMap":true,"tileRevisionMapType":"object","tileRevisionMapKeys":["0","1","2","3","4","5","6","7","8","9","10","11","12","13"],"tileRevisionMapLength":14,"tileRevisionMapSample":[["0","c"],["1","a"],["2","l"]],"tileRevisionMapIsEmpty":false}
2026-01-28 14:55:00 [warn]: [Pixels][GET] 🔍 Loading tiles from tile system {"reqId":"get-1769579700496-tsp5bcz6l","territoryId":"california","tileCount":14,"tileIds":["0","1","2","3","4","5","6","7","8","9"]}
2026-01-28 14:55:00 [warn]: [Pixels][GET] 🔍 Loading 14 tiles from tile system {"reqId":"get-1769579700496-tsp5bcz6l","territoryId":"california","tileIds":["0","1","2","3","4","5","6","7","8","9"]}
2026-01-28 14:55:00 [warn]: [Pixels][GET] ⚠️ Tile data not found in Redis for 3 {"reqId":"get-1769579700185-q0n56vky8","territoryId":"california","tileId":"3","tileKey":"tile_data:3"}
2026-01-28 14:55:00 [warn]: [Pixels][GET] ⚠️ Tile data not found in Redis for 0 {"reqId":"get-1769579700496-tsp5bcz6l","territoryId":"california","tileId":"0","tileKey":"tile_data:0"}
2026-01-28 14:55:00 [warn]: [Pixels][GET] ⚠️ Tile data not found in Redis for 4 {"reqId":"get-1769579700185-q0n56vky8","territoryId":"california","tileId":"4","tileKey":"tile_data:4"}
2026-01-28 14:55:00 [warn]: [Pixels][GET] ⚠️ Tile data not found in Redis for 1 {"reqId":"get-1769579700496-tsp5bcz6l","territoryId":"california","tileId":"1","tileKey":"tile_data:1"}
2026-01-28 14:55:00 [warn]: [Pixels][GET] ⚠️ Tile data not found in Redis for 5 {"reqId":"get-1769579700185-q0n56vky8","territoryId":"california","tileId":"5","tileKey":"tile_data:5"}
2026-01-28 14:55:00 [warn]: [Pixels][GET] ⚠️ Tile data not found in Redis for 2 {"reqId":"get-1769579700496-tsp5bcz6l","territoryId":"california","tileId":"2","tileKey":"tile_data:2"}
2026-01-28 14:55:00 [warn]: [Pixels][GET] ⚠️ Tile data not found in Redis for 6 {"reqId":"get-1769579700185-q0n56vky8","territoryId":"california","tileId":"6","tileKey":"tile_data:6"}
2026-01-28 14:55:00 [warn]: [Pixels][GET] ⚠️ Tile data not found in Redis for 3 {"reqId":"get-1769579700496-tsp5bcz6l","territoryId":"california","tileId":"3","tileKey":"tile_data:3"}
2026-01-28 14:55:00 [warn]: [Pixels][GET] ⚠️ Tile data not found in Redis for 7 {"reqId":"get-1769579700185-q0n56vky8","territoryId":"california","tileId":"7","tileKey":"tile_data:7"}
2026-01-28 14:55:00 [warn]: [Pixels][GET] ⚠️ Tile data not found in Redis for 4 {"reqId":"get-1769579700496-tsp5bcz6l","territoryId":"california","tileId":"4","tileKey":"tile_data:4"}
2026-01-28 14:55:00 [warn]: [Pixels][GET] ⚠️ Tile data not found in Redis for 8 {"reqId":"get-1769579700185-q0n56vky8","territoryId":"california","tileId":"8","tileKey":"tile_data:8"}
2026-01-28 14:55:00 [warn]: [Pixels][GET] ⚠️ Tile data not found in Redis for 5 {"reqId":"get-1769579700496-tsp5bcz6l","territoryId":"california","tileId":"5","tileKey":"tile_data:5"}
2026-01-28 14:55:00 [warn]: [Pixels][GET] ⚠️ Tile data not found in Redis for 9 {"reqId":"get-1769579700185-q0n56vky8","territoryId":"california","tileId":"9","tileKey":"tile_data:9"}
2026-01-28 14:55:00 [warn]: [Pixels][GET] ⚠️ Tile data not found in Redis for 6 {"reqId":"get-1769579700496-tsp5bcz6l","territoryId":"california","tileId":"6","tileKey":"tile_data:6"}
2026-01-28 14:55:00 [warn]: [Pixels][GET] ⚠️ Tile data not found in Redis for 10 {"reqId":"get-1769579700185-q0n56vky8","territoryId":"california","tileId":"10","tileKey":"tile_data:10"}
2026-01-28 14:55:00 [warn]: [Pixels][GET] ⚠️ Tile data not found in Redis for 7 {"reqId":"get-1769579700496-tsp5bcz6l","territoryId":"california","tileId":"7","tileKey":"tile_data:7"}
2026-01-28 14:55:00 [warn]: [Pixels][GET] ⚠️ Tile data not found in Redis for 11 {"reqId":"get-1769579700185-q0n56vky8","territoryId":"california","tileId":"11","tileKey":"tile_data:11"}
2026-01-28 14:55:00 [warn]: [Pixels][GET] ⚠️ Tile data not found in Redis for 8 {"reqId":"get-1769579700496-tsp5bcz6l","territoryId":"california","tileId":"8","tileKey":"tile_data:8"}
2026-01-28 14:55:00 [warn]: [Pixels][GET] ⚠️ Tile data not found in Redis for 12 {"reqId":"get-1769579700185-q0n56vky8","territoryId":"california","tileId":"12","tileKey":"tile_data:12"}
2026-01-28 14:55:01 [warn]: [Pixels][GET] ⚠️ Tile data not found in Redis for 9 {"reqId":"get-1769579700496-tsp5bcz6l","territoryId":"california","tileId":"9","tileKey":"tile_data:9"}
2026-01-28 14:55:01 [warn]: [Pixels][GET] ⚠️ Tile data not found in Redis for 13 {"reqId":"get-1769579700185-q0n56vky8","territoryId":"california","tileId":"13","tileKey":"tile_data:13"}
2026-01-28 14:55:01 [warn]: [Pixels][GET] 📊 Tile loading summary {"reqId":"get-1769579700185-q0n56vky8","territoryId":"california","totalTilesInMap":14,"tilesLoaded":0,"tilesWithPixels":0,"tilesEmpty":14,"tilesError":0,"totalPixelsCollected":0}
2026-01-28 14:55:01 [warn]: [Pixels][GET] ⚠️ Tile data not found in Redis for 10 {"reqId":"get-1769579700496-tsp5bcz6l","territoryId":"california","tileId":"10","tileKey":"tile_data:10"}
2026-01-28 14:55:01 [warn]: [Pixels][GET] ⚠️ No pixels found in tiles, not caching empty data {"reqId":"get-1769579700185-q0n56vky8","territoryId":"california","tileCount":14}
2026-01-28 14:55:01 [warn]: [Pixels][GET] ⚠️ Tile data not found in Redis for 11 {"reqId":"get-1769579700496-tsp5bcz6l","territoryId":"california","tileId":"11","tileKey":"tile_data:11"}
2026-01-28 14:55:01 [warn]: [Pixels][GET] ⚠️ Tile data not found in Redis for 12 {"reqId":"get-1769579700496-tsp5bcz6l","territoryId":"california","tileId":"12","tileKey":"tile_data:12"}
2026-01-28 14:55:01 [warn]: [Pixels][GET] ⚠️ Tile data not found in Redis for 13 {"reqId":"get-1769579700496-tsp5bcz6l","territoryId":"california","tileId":"13","tileKey":"tile_data:13"}
2026-01-28 14:55:01 [warn]: [Pixels][GET] 📊 Tile loading summary {"reqId":"get-1769579700496-tsp5bcz6l","territoryId":"california","totalTilesInMap":14,"tilesLoaded":0,"tilesWithPixels":0,"tilesEmpty":14,"tilesError":0,"totalPixelsCollected":0}
2026-01-28 14:55:01 [warn]: [Pixels][GET] ⚠️ No pixels found in tiles, not caching empty data {"reqId":"get-1769579700496-tsp5bcz6l","territoryId":"california","tileCount":14}
2026-01-28 14:55:13 [info]: [Pixels] 🔍 POST /tiles START {"reqId":"tiles-1769579713135-nd0vwqr7o","territoryIdRaw":"california","contentLength":8277,"tilesCount":4,"bodyKeys":["tiles"],"tilesType":"object","tilesIsArray":true,"tilesSample":{"tileId":"california:4:4","pixels":[{"x":75,"y":71,"color":"#ff0000"},{"x":76,"y":71,"color":"#ff0000"},{"x":64,"y":72,"color":"#ff0000"},{"x":74,"y":72,"color":"#ff0000"},{"x":75,"y":72,"color":"#ff0000"},{"x":76,"y":72,"color":"#ff0000"},{"x":77,"y":72,"color":"#ff0000"},{"x":64,"y":73,"color":"#ff0000"},{"x":65,"y":73,"color":"#ff0000"},{"x":73,"y":73,"color":"#ff0000"},{"x":74,"y":73,"color":"#ff0000"},{"x":75,"y":73,"color":"#ff0000"},{"x":76,"y":73,"color":"#ff0000"},{"x":77,"y":73,"color":"#ff0000"},{"x":64,"y":74,"color":"#ff0000"},{"x":65,"y":74,"color":"#ff0000"},{"x":72,"y":74,"color":"#ff0000"},{"x":73,"y":74,"color":"#ff0000"},{"x":74,"y":74,"color":"#ff0000"},{"x":75,"y":74,"color":"#ff0000"},{"x":76,"y":74,"color":"#ff0000"},{"x":77,"y":74,"color":"#ff0000"},{"x":78,"y":74,"color":"#ff0000"},{"x":64,"y":75,"color":"#ff0000"},{"x":65,"y":75,"color":"#ff0000"},{"x":66,"y":75,"color":"#ff0000"},{"x":71,"y":75,"color":"#ff0000"},{"x":72,"y":75,"color":"#ff0000"},{"x":73,"y":75,"color":"#ff0000"},{"x":74,"y":75,"color":"#ff0000"},{"x":76,"y":75,"color":"#ff0000"},{"x":77,"y":75,"color":"#ff0000"},{"x":78,"y":75,"color":"#ff0000"},{"x":65,"y":76,"color":"#ff0000"},{"x":66,"y":76,"color":"#ff0000"},{"x":67,"y":76,"color":"#ff0000"},{"x":70,"y":76,"color":"#ff0000"},{"x":71,"y":76,"color":"#ff0000"},{"x":72,"y":76,"color":"#ff0000"},{"x":73,"y":76,"color":"#ff0000"},{"x":76,"y":76,"color":"#ff0000"},{"x":77,"y":76,"color":"#ff0000"},{"x":78,"y":76,"color":"#ff0000"},{"x":66,"y":77,"color":"#ff0000"},{"x":67,"y":77,"color":"#ff0000"},{"x":68,"y":77,"color":"#ff0000"},{"x":69,"y":77,"color":"#ff0000"},{"x":70,"y":77,"color":"#ff0000"},{"x":71,"y":77,"color":"#ff0000"},{"x":72,"y":77,"color":"#ff0000"},{"x":75,"y":77,"color":"#ff0000"},{"x":76,"y":77,"color":"#ff0000"},{"x":77,"y":77,"color":"#ff0000"},{"x":78,"y":77,"color":"#ff0000"},{"x":67,"y":78,"color":"#ff0000"},{"x":68,"y":78,"color":"#ff0000"},{"x":69,"y":78,"color":"#ff0000"},{"x":70,"y":78,"color":"#ff0000"},{"x":71,"y":78,"color":"#ff0000"},{"x":75,"y":78,"color":"#ff0000"},{"x":76,"y":78,"color":"#ff0000"},{"x":77,"y":78,"color":"#ff0000"},{"x":67,"y":79,"color":"#ff0000"},{"x":68,"y":79,"color":"#ff0000"},{"x":69,"y":79,"color":"#ff0000"},{"x":70,"y":79,"color":"#ff0000"},{"x":75,"y":79,"color":"#ff0000"},{"x":76,"y":79,"color":"#ff0000"},{"x":77,"y":79,"color":"#ff0000"}],"revision":0}}
2026-01-28 14:55:13 [warn]: [Pixels][POST] ⚠️ Found 14 invalid keys in tile revision map, cleaning up {"reqId":"tiles-1769579713135-nd0vwqr7o","territoryId":"california","tileRevKey":"territory_tile_rev:california","invalidKeys":["0","1","2","3","4","5","6","7","8","9"],"totalKeys":14}
2026-01-28 14:55:13 [warn]: [Pixels][POST] 🔍 Tile revision check {"reqId":"tiles-1769579713135-nd0vwqr7o","territoryId":"california","tileId":"california:4:4","clientRevision":0,"clientRevisionType":"number","currentRevision":7,"currentRevisionRaw":7,"currentRevisionType":"number","pixelsCount":69}
2026-01-28 14:55:13 [warn]: [Pixels][POST] 🔍 Revision comparison {"reqId":"tiles-1769579713135-nd0vwqr7o","territoryId":"california","tileId":"california:4:4","isFirstSave":true,"clientRevNum":0,"serverRevNum":7,"revisionMatch":false,"canProceed":true,"conflictReason":""}
2026-01-28 14:55:13 [warn]: [Pixels][POST] ✅ First save for tile california:4:4 {"reqId":"tiles-1769579713135-nd0vwqr7o","territoryId":"california","tileId":"california:4:4","clientRevision":0,"currentRevision":7}
2026-01-28 14:55:14 [warn]: [Pixels][POST] ✅ Tile revision map updated {"reqId":"tiles-1769579713135-nd0vwqr7o","territoryId":"california","tileId":"california:4:4","tileRevKey":"territory_tile_rev:california","revision":"8","hsetResult":1,"hsetResultType":"number"}
2026-01-28 14:55:14 [error]: [Pixels][POST] ❌ CRITICAL: hset verification failed {"reqId":"tiles-1769579713135-nd0vwqr7o","territoryId":"california","tileId":"california:4:4","tileRevKey":"territory_tile_rev:california","expectedRevision":"8","actualRevision":8,"verifyValueType":"number"}
2026-01-28 14:55:14 [info]: [Pixels] ✅ Tile saved {"reqId":"tiles-1769579713135-nd0vwqr7o","territoryId":"california","tileId":"california:4:4","revision":8,"pixelsCount":69}
2026-01-28 14:55:14 [warn]: [Pixels][POST] 🔍 Tile revision check {"reqId":"tiles-1769579713135-nd0vwqr7o","territoryId":"california","tileId":"california:4:5","clientRevision":0,"clientRevisionType":"number","currentRevision":18,"currentRevisionRaw":18,"currentRevisionType":"number","pixelsCount":82}
2026-01-28 14:55:14 [warn]: [Pixels][POST] 🔍 Revision comparison {"reqId":"tiles-1769579713135-nd0vwqr7o","territoryId":"california","tileId":"california:4:5","isFirstSave":true,"clientRevNum":0,"serverRevNum":18,"revisionMatch":false,"canProceed":true,"conflictReason":""}
2026-01-28 14:55:14 [warn]: [Pixels][POST] ✅ First save for tile california:4:5 {"reqId":"tiles-1769579713135-nd0vwqr7o","territoryId":"california","tileId":"california:4:5","clientRevision":0,"currentRevision":18}
2026-01-28 14:55:14 [warn]: [Pixels][POST] ✅ Tile revision map updated {"reqId":"tiles-1769579713135-nd0vwqr7o","territoryId":"california","tileId":"california:4:5","tileRevKey":"territory_tile_rev:california","revision":"19","hsetResult":1,"hsetResultType":"number"}
2026-01-28 14:55:14 [error]: [Pixels][POST] ❌ CRITICAL: hset verification failed {"reqId":"tiles-1769579713135-nd0vwqr7o","territoryId":"california","tileId":"california:4:5","tileRevKey":"territory_tile_rev:california","expectedRevision":"19","actualRevision":19,"verifyValueType":"number"}
2026-01-28 14:55:14 [info]: [Pixels] ✅ Tile saved {"reqId":"tiles-1769579713135-nd0vwqr7o","territoryId":"california","tileId":"california:4:5","revision":19,"pixelsCount":82}
2026-01-28 14:55:14 [warn]: [Pixels][POST] 🔍 Tile revision check {"reqId":"tiles-1769579713135-nd0vwqr7o","territoryId":"california","tileId":"california:3:4","clientRevision":0,"clientRevisionType":"number","currentRevision":4,"currentRevisionRaw":4,"currentRevisionType":"number","pixelsCount":57}
2026-01-28 14:55:14 [warn]: [Pixels][POST] 🔍 Revision comparison {"reqId":"tiles-1769579713135-nd0vwqr7o","territoryId":"california","tileId":"california:3:4","isFirstSave":true,"clientRevNum":0,"serverRevNum":4,"revisionMatch":false,"canProceed":true,"conflictReason":""}
2026-01-28 14:55:14 [warn]: [Pixels][POST] ✅ First save for tile california:3:4 {"reqId":"tiles-1769579713135-nd0vwqr7o","territoryId":"california","tileId":"california:3:4","clientRevision":0,"currentRevision":4}
2026-01-28 14:55:14 [warn]: [Pixels][POST] ✅ Tile revision map updated {"reqId":"tiles-1769579713135-nd0vwqr7o","territoryId":"california","tileId":"california:3:4","tileRevKey":"territory_tile_rev:california","revision":"5","hsetResult":1,"hsetResultType":"number"}
2026-01-28 14:55:14 [error]: [Pixels][POST] ❌ CRITICAL: hset verification failed {"reqId":"tiles-1769579713135-nd0vwqr7o","territoryId":"california","tileId":"california:3:4","tileRevKey":"territory_tile_rev:california","expectedRevision":"5","actualRevision":5,"verifyValueType":"number"}
2026-01-28 14:55:14 [info]: [Pixels] ✅ Tile saved {"reqId":"tiles-1769579713135-nd0vwqr7o","territoryId":"california","tileId":"california:3:4","revision":5,"pixelsCount":57}
2026-01-28 14:55:14 [warn]: [Pixels][POST] 🔍 Tile revision check {"reqId":"tiles-1769579713135-nd0vwqr7o","territoryId":"california","tileId":"california:3:5","clientRevision":0,"clientRevisionType":"number","currentRevision":10,"currentRevisionRaw":10,"currentRevisionType":"number","pixelsCount":29}
2026-01-28 14:55:14 [warn]: [Pixels][POST] 🔍 Revision comparison {"reqId":"tiles-1769579713135-nd0vwqr7o","territoryId":"california","tileId":"california:3:5","isFirstSave":true,"clientRevNum":0,"serverRevNum":10,"revisionMatch":false,"canProceed":true,"conflictReason":""}
2026-01-28 14:55:14 [warn]: [Pixels][POST] ✅ First save for tile california:3:5 {"reqId":"tiles-1769579713135-nd0vwqr7o","territoryId":"california","tileId":"california:3:5","clientRevision":0,"currentRevision":10}
2026-01-28 14:55:14 [warn]: [Pixels][POST] ✅ Tile revision map updated {"reqId":"tiles-1769579713135-nd0vwqr7o","territoryId":"california","tileId":"california:3:5","tileRevKey":"territory_tile_rev:california","revision":"11","hsetResult":1,"hsetResultType":"number"}
2026-01-28 14:55:14 [error]: [Pixels][POST] ❌ CRITICAL: hset verification failed {"reqId":"tiles-1769579713135-nd0vwqr7o","territoryId":"california","tileId":"california:3:5","tileRevKey":"territory_tile_rev:california","expectedRevision":"11","actualRevision":11,"verifyValueType":"number"}
2026-01-28 14:55:14 [info]: [Pixels] ✅ Tile saved {"reqId":"tiles-1769579713135-nd0vwqr7o","territoryId":"california","tileId":"california:3:5","revision":11,"pixelsCount":29}
2026-01-28 14:55:14 [warn]: [Pixels][POST] 📊 Final tile revision map after save {"reqId":"tiles-1769579713135-nd0vwqr7o","territoryId":"california","tileRevKey":"territory_tile_rev:california","tileCount":4,"expectedTileCount":4,"savedTileCount":4,"tileIds":["california:4:4","california:4:5","california:3:4","california:3:5"],"savedTiles":["california:4:4","california:4:5","california:3:4","california:3:5"],"missingTiles":[],"match":true,"tileVerificationResults":[{"tileId":"california:4:4","tileKey":"tile_data:california:4:4","exists":true},{"tileId":"california:4:5","tileKey":"tile_data:california:4:5","exists":true},{"tileId":"california:3:4","tileKey":"tile_data:california:3:4","exists":true},{"tileId":"california:3:5","tileKey":"tile_data:california:3:5","exists":true}],"tilesNotInRedis":[]}
2026-01-28 14:55:15 [warn]: [Pixels][GET] ENTER route=v2 pid=26024 file=pixels.js commit=unknown reqId=get-1769579715276-2xwnolqac {"territoryIdParam":"california","url":"/","method":"GET"}
2026-01-28 14:55:15 [warn]: [Pixels][GET] CP1 territoryId normalized {"reqId":"get-1769579715276-2xwnolqac","territoryIdRaw":"california","territoryIdNormalized":"california","wasDisplayId":false}
2026-01-28 14:55:15 [warn]: [Pixels][GET] ENTER route=v2 pid=26024 file=pixels.js commit=unknown reqId=get-1769579715315-7s7dorls7 {"territoryIdParam":"california","url":"/","method":"GET"}
2026-01-28 14:55:15 [warn]: [Pixels][GET] CP1 territoryId normalized {"reqId":"get-1769579715315-7s7dorls7","territoryIdRaw":"california","territoryIdNormalized":"california","wasDisplayId":false}
2026-01-28 14:55:15 [warn]: [Pixels][GET] CP2 read pixel_data done {"reqId":"get-1769579715276-2xwnolqac","territoryId":"california","redisKey":"pixel_data:california","hasData":false,"pixelsLength":0,"filledPixels":0,"revision":0,"dataType":"object","pixelDataKeys":[],"pixelDataRawType":"object","pixelDataRawIsNull":true,"pixelDataRawIsUndefined":false}
2026-01-28 14:55:15 [warn]: [Pixels][GET] CP3 pixelDataValid evaluated {"reqId":"get-1769579715276-2xwnolqac","territoryId":"california","pixelDataValid":null,"hasPixelData":false,"hasPixelsProperty":false,"pixelsIsArray":false,"pixelsLength":0}
2026-01-28 14:55:15 [warn]: [Pixels][GET] ⚠️ No valid cached pixel data, checking tile system {"reqId":"get-1769579715276-2xwnolqac","territoryId":"california","hasPixelData":false,"pixelsLength":0,"pixelDataType":"null"}
2026-01-28 14:55:15 [warn]: [Pixels][GET] CP2 read pixel_data done {"reqId":"get-1769579715315-7s7dorls7","territoryId":"california","redisKey":"pixel_data:california","hasData":false,"pixelsLength":0,"filledPixels":0,"revision":0,"dataType":"object","pixelDataKeys":[],"pixelDataRawType":"object","pixelDataRawIsNull":true,"pixelDataRawIsUndefined":false}
2026-01-28 14:55:15 [warn]: [Pixels][GET] CP3 pixelDataValid evaluated {"reqId":"get-1769579715315-7s7dorls7","territoryId":"california","pixelDataValid":null,"hasPixelData":false,"hasPixelsProperty":false,"pixelsIsArray":false,"pixelsLength":0}
2026-01-28 14:55:15 [warn]: [Pixels][GET] ⚠️ No valid cached pixel data, checking tile system {"reqId":"get-1769579715315-7s7dorls7","territoryId":"california","hasPixelData":false,"pixelsLength":0,"pixelDataType":"null"}
2026-01-28 14:55:15 [warn]: [Pixels][GET] CP4 tileRevMap read done {"reqId":"get-1769579715315-7s7dorls7","territoryId":"california","tileRevKey":"territory_tile_rev:california","hasTileRevisionMap":true,"tileRevisionMapType":"object","tileRevisionMapKeys":["california:3:5","california:4:4","california:4:5","california:3:4"],"tileRevisionMapLength":4,"tileRevisionMapSample":[["california:3:5",11],["california:4:4",8],["california:4:5",19]],"tileRevisionMapIsEmpty":false}
2026-01-28 14:55:15 [warn]: [Pixels][GET] 🔍 Loading tiles from tile system {"reqId":"get-1769579715315-7s7dorls7","territoryId":"california","tileCount":4,"tileIds":["california:3:5","california:4:4","california:4:5","california:3:4"]}
2026-01-28 14:55:15 [warn]: [Pixels][GET] 🔍 Loading 4 tiles from tile system {"reqId":"get-1769579715315-7s7dorls7","territoryId":"california","tileIds":["california:3:5","california:4:4","california:4:5","california:3:4"]}
2026-01-28 14:55:15 [warn]: [Pixels][GET] CP4 tileRevMap read done {"reqId":"get-1769579715276-2xwnolqac","territoryId":"california","tileRevKey":"territory_tile_rev:california","hasTileRevisionMap":true,"tileRevisionMapType":"object","tileRevisionMapKeys":["california:3:5","california:4:4","california:4:5","california:3:4"],"tileRevisionMapLength":4,"tileRevisionMapSample":[["california:3:5",11],["california:4:4",8],["california:4:5",19]],"tileRevisionMapIsEmpty":false}
2026-01-28 14:55:15 [warn]: [Pixels][GET] 🔍 Loading tiles from tile system {"reqId":"get-1769579715276-2xwnolqac","territoryId":"california","tileCount":4,"tileIds":["california:3:5","california:4:4","california:4:5","california:3:4"]}
2026-01-28 14:55:15 [warn]: [Pixels][GET] 🔍 Loading 4 tiles from tile system {"reqId":"get-1769579715276-2xwnolqac","territoryId":"california","tileIds":["california:3:5","california:4:4","california:4:5","california:3:4"]}
2026-01-28 14:55:15 [warn]: [Pixels][GET] ENTER route=v2 pid=26024 file=pixels.js commit=unknown reqId=get-1769579715542-atbtkut1p {"territoryIdParam":"california","url":"/","method":"GET"}
2026-01-28 14:55:15 [warn]: [Pixels][GET] CP1 territoryId normalized {"reqId":"get-1769579715542-atbtkut1p","territoryIdRaw":"california","territoryIdNormalized":"california","wasDisplayId":false}
2026-01-28 14:55:15 [warn]: [Pixels][GET] 📊 Tile loading summary {"reqId":"get-1769579715315-7s7dorls7","territoryId":"california","totalTilesInMap":4,"tilesLoaded":4,"tilesWithPixels":4,"tilesEmpty":0,"tilesError":0,"totalPixelsCollected":237}
2026-01-28 14:55:15 [warn]: [Pixels][GET] CP2 read pixel_data done {"reqId":"get-1769579715542-atbtkut1p","territoryId":"california","redisKey":"pixel_data:california","hasData":false,"pixelsLength":0,"filledPixels":0,"revision":0,"dataType":"object","pixelDataKeys":[],"pixelDataRawType":"object","pixelDataRawIsNull":true,"pixelDataRawIsUndefined":false}
2026-01-28 14:55:15 [warn]: [Pixels][GET] CP3 pixelDataValid evaluated {"reqId":"get-1769579715542-atbtkut1p","territoryId":"california","pixelDataValid":null,"hasPixelData":false,"hasPixelsProperty":false,"pixelsIsArray":false,"pixelsLength":0}
2026-01-28 14:55:15 [warn]: [Pixels][GET] ⚠️ No valid cached pixel data, checking tile system {"reqId":"get-1769579715542-atbtkut1p","territoryId":"california","hasPixelData":false,"pixelsLength":0,"pixelDataType":"null"}
2026-01-28 14:55:15 [warn]: [Pixels][GET] 📊 Tile loading summary {"reqId":"get-1769579715276-2xwnolqac","territoryId":"california","totalTilesInMap":4,"tilesLoaded":4,"tilesWithPixels":4,"tilesEmpty":0,"tilesError":0,"totalPixelsCollected":237}
2026-01-28 14:55:15 [warn]: [Pixels][GET] CP4 tileRevMap read done {"reqId":"get-1769579715542-atbtkut1p","territoryId":"california","tileRevKey":"territory_tile_rev:california","hasTileRevisionMap":true,"tileRevisionMapType":"object","tileRevisionMapKeys":["california:3:4","california:3:5","california:4:4","california:4:5"],"tileRevisionMapLength":4,"tileRevisionMapSample":[["california:3:4",5],["california:3:5",11],["california:4:4",8]],"tileRevisionMapIsEmpty":false}
2026-01-28 14:55:15 [warn]: [Pixels][GET] 🔍 Loading tiles from tile system {"reqId":"get-1769579715542-atbtkut1p","territoryId":"california","tileCount":4,"tileIds":["california:3:4","california:3:5","california:4:4","california:4:5"]}
2026-01-28 14:55:15 [warn]: [Pixels][GET] 🔍 Loading 4 tiles from tile system {"reqId":"get-1769579715542-atbtkut1p","territoryId":"california","tileIds":["california:3:4","california:3:5","california:4:4","california:4:5"]}
2026-01-28 14:55:15 [warn]: [Pixels][GET] ✅ Cached combined tile data {"reqId":"get-1769579715276-2xwnolqac","territoryId":"california","pixelsLength":237,"cacheKey":"pixel_data:california"}
2026-01-28 14:55:15 [warn]: [Pixels][GET] CP5 tile merge done {"reqId":"get-1769579715276-2xwnolqac","territoryId":"california","pixelsLength":237,"filledPixels":237,"revision":38,"width":128,"height":128,"tilesProcessed":4,"tilesWithData":4}
2026-01-28 14:55:15 [warn]: [Pixels][GET] ✅ Cached combined tile data {"reqId":"get-1769579715315-7s7dorls7","territoryId":"california","pixelsLength":237,"cacheKey":"pixel_data:california"}
2026-01-28 14:55:15 [warn]: [Pixels][GET] CP5 tile merge done {"reqId":"get-1769579715315-7s7dorls7","territoryId":"california","pixelsLength":237,"filledPixels":237,"revision":38,"width":128,"height":128,"tilesProcessed":4,"tilesWithData":4}
2026-01-28 14:55:15 [warn]: [Pixels][GET] 📊 Tile loading summary {"reqId":"get-1769579715542-atbtkut1p","territoryId":"california","totalTilesInMap":4,"tilesLoaded":4,"tilesWithPixels":4,"tilesEmpty":0,"tilesError":0,"totalPixelsCollected":237}
2026-01-28 14:55:15 [warn]: [Pixels][GET] ✅ Cached combined tile data {"reqId":"get-1769579715542-atbtkut1p","territoryId":"california","pixelsLength":237,"cacheKey":"pixel_data:california"}
2026-01-28 14:55:15 [warn]: [Pixels][GET] CP5 tile merge done {"reqId":"get-1769579715542-atbtkut1p","territoryId":"california","pixelsLength":237,"filledPixels":237,"revision":38,"width":128,"height":128,"tilesProcessed":4,"tilesWithData":4}
2026-01-28 14:55:22 [warn]: [Pixels][GET] ENTER route=v2 pid=26024 file=pixels.js commit=unknown reqId=get-1769579722068-yxdfuadaz {"territoryIdParam":"california","url":"/","method":"GET"}
2026-01-28 14:55:22 [warn]: [Pixels][GET] CP1 territoryId normalized {"reqId":"get-1769579722068-yxdfuadaz","territoryIdRaw":"california","territoryIdNormalized":"california","wasDisplayId":false}
2026-01-28 14:55:22 [warn]: [Pixels][GET] CP2 read pixel_data done {"reqId":"get-1769579722068-yxdfuadaz","territoryId":"california","redisKey":"pixel_data:california","hasData":true,"pixelsLength":237,"filledPixels":237,"revision":38,"dataType":"object","pixelDataKeys":["territoryId","pixels","width","height","filledPixels","lastUpdated","revision","updatedAt"],"pixelDataRawType":"object","pixelDataRawIsNull":false,"pixelDataRawIsUndefined":false}
2026-01-28 14:55:22 [warn]: [Pixels][GET] CP3 pixelDataValid evaluated {"reqId":"get-1769579722068-yxdfuadaz","territoryId":"california","pixelDataValid":true,"hasPixelData":true,"hasPixelsProperty":true,"pixelsIsArray":true,"pixelsLength":237}
2026-01-28 14:55:22 [warn]: [Pixels][GET] ✅ Returning cached pixel data {"reqId":"get-1769579722068-yxdfuadaz","territoryId":"california","pixelsLength":237,"filledPixels":237,"revision":38,"updatedAt":"2026-01-28T05:55:14.678Z"}
2026-01-28 14:55:23 [warn]: [Pixels][GET] ENTER route=v2 pid=26024 file=pixels.js commit=unknown reqId=get-1769579723182-b1bgd7v4r {"territoryIdParam":"california","url":"/","method":"GET"}
2026-01-28 14:55:23 [warn]: [Pixels][GET] CP1 territoryId normalized {"reqId":"get-1769579723182-b1bgd7v4r","territoryIdRaw":"california","territoryIdNormalized":"california","wasDisplayId":false}
2026-01-28 14:55:23 [warn]: [Pixels][GET] CP2 read pixel_data done {"reqId":"get-1769579723182-b1bgd7v4r","territoryId":"california","redisKey":"pixel_data:california","hasData":true,"pixelsLength":237,"filledPixels":237,"revision":38,"dataType":"object","pixelDataKeys":["territoryId","pixels","width","height","filledPixels","lastUpdated","revision","updatedAt"],"pixelDataRawType":"object","pixelDataRawIsNull":false,"pixelDataRawIsUndefined":false}
2026-01-28 14:55:23 [warn]: [Pixels][GET] CP3 pixelDataValid evaluated {"reqId":"get-1769579723182-b1bgd7v4r","territoryId":"california","pixelDataValid":true,"hasPixelData":true,"hasPixelsProperty":true,"pixelsIsArray":true,"pixelsLength":237}
2026-01-28 14:55:23 [warn]: [Pixels][GET] ✅ Returning cached pixel data {"reqId":"get-1769579723182-b1bgd7v4r","territoryId":"california","pixelsLength":237,"filledPixels":237,"revision":38,"updatedAt":"2026-01-28T05:55:14.678Z"}
2026-01-28 14:56:07 [info]: [Pixels] 🔍 POST /tiles START {"reqId":"tiles-1769579767849-7h03wtl27","territoryIdRaw":"california","contentLength":36185,"tilesCount":9,"bodyKeys":["tiles"],"tilesType":"object","tilesIsArray":true,"tilesSample":{"tileId":"california:0:0","pixels":[{"x":13,"y":4,"color":"#07080a"},{"x":14,"y":4,"color":"#07080a"},{"x":15,"y":4,"color":"#07080a"},{"x":13,"y":5,"color":"#07080a"},{"x":14,"y":5,"color":"#07080a"},{"x":15,"y":5,"color":"#07080a"},{"x":13,"y":6,"color":"#07080a"},{"x":14,"y":6,"color":"#07080a"},{"x":15,"y":6,"color":"#07080a"},{"x":13,"y":7,"color":"#07080a"},{"x":14,"y":7,"color":"#07080a"},{"x":15,"y":7,"color":"#07080a"},{"x":13,"y":8,"color":"#07080a"},{"x":14,"y":8,"color":"#07080a"},{"x":15,"y":8,"color":"#07080a"},{"x":13,"y":9,"color":"#07080a"},{"x":14,"y":9,"color":"#07080a"},{"x":15,"y":9,"color":"#07080a"},{"x":13,"y":10,"color":"#0d0e10"},{"x":14,"y":10,"color":"#060709"},{"x":15,"y":10,"color":"#060709"},{"x":13,"y":11,"color":"#090a0c"},{"x":14,"y":11,"color":"#050608"},{"x":15,"y":11,"color":"#07080a"},{"x":13,"y":12,"color":"#060709"},{"x":14,"y":12,"color":"#08090b"},{"x":15,"y":12,"color":"#0f1012"},{"x":13,"y":13,"color":"#08090b"},{"x":14,"y":13,"color":"#0d0e10"},{"x":15,"y":13,"color":"#0c0d0f"},{"x":13,"y":14,"color":"#07080a"},{"x":14,"y":14,"color":"#07080a"},{"x":15,"y":14,"color":"#0a0b0d"},{"x":13,"y":15,"color":"#060709"},{"x":14,"y":15,"color":"#0a0b0d"},{"x":15,"y":15,"color":"#040507"}],"revision":0}}
2026-01-28 14:56:08 [warn]: [Pixels][POST] 🔍 Tile revision check {"reqId":"tiles-1769579767849-7h03wtl27","territoryId":"california","tileId":"california:0:0","clientRevision":0,"clientRevisionType":"number","currentRevision":0,"currentRevisionRaw":null,"currentRevisionType":"object","pixelsCount":36}
2026-01-28 14:56:08 [warn]: [Pixels][POST] 🔍 Revision comparison {"reqId":"tiles-1769579767849-7h03wtl27","territoryId":"california","tileId":"california:0:0","isFirstSave":true,"clientRevNum":0,"serverRevNum":0,"revisionMatch":true,"canProceed":true,"conflictReason":""}
2026-01-28 14:56:08 [warn]: [Pixels][POST] ✅ First save for tile california:0:0 {"reqId":"tiles-1769579767849-7h03wtl27","territoryId":"california","tileId":"california:0:0","clientRevision":0,"currentRevision":0}
2026-01-28 14:56:08 [warn]: [Pixels][POST] ✅ Tile revision map updated {"reqId":"tiles-1769579767849-7h03wtl27","territoryId":"california","tileId":"california:0:0","tileRevKey":"territory_tile_rev:california","revision":"1","hsetResult":1,"hsetResultType":"number"}
2026-01-28 14:56:08 [error]: [Pixels][POST] ❌ CRITICAL: hset verification failed {"reqId":"tiles-1769579767849-7h03wtl27","territoryId":"california","tileId":"california:0:0","tileRevKey":"territory_tile_rev:california","expectedRevision":"1","actualRevision":1,"verifyValueType":"number"}
2026-01-28 14:56:08 [info]: [Pixels] ✅ Tile saved {"reqId":"tiles-1769579767849-7h03wtl27","territoryId":"california","tileId":"california:0:0","revision":1,"pixelsCount":36}
2026-01-28 14:56:08 [warn]: [Pixels][POST] 🔍 Tile revision check {"reqId":"tiles-1769579767849-7h03wtl27","territoryId":"california","tileId":"california:1:0","clientRevision":0,"clientRevisionType":"number","currentRevision":0,"currentRevisionRaw":null,"currentRevisionType":"object","pixelsCount":192}
2026-01-28 14:56:08 [warn]: [Pixels][POST] 🔍 Revision comparison {"reqId":"tiles-1769579767849-7h03wtl27","territoryId":"california","tileId":"california:1:0","isFirstSave":true,"clientRevNum":0,"serverRevNum":0,"revisionMatch":true,"canProceed":true,"conflictReason":""}
2026-01-28 14:56:08 [warn]: [Pixels][POST] ✅ First save for tile california:1:0 {"reqId":"tiles-1769579767849-7h03wtl27","territoryId":"california","tileId":"california:1:0","clientRevision":0,"currentRevision":0}
2026-01-28 14:56:08 [warn]: [Pixels][POST] ✅ Tile revision map updated {"reqId":"tiles-1769579767849-7h03wtl27","territoryId":"california","tileId":"california:1:0","tileRevKey":"territory_tile_rev:california","revision":"1","hsetResult":1,"hsetResultType":"number"}
2026-01-28 14:56:08 [error]: [Pixels][POST] ❌ CRITICAL: hset verification failed {"reqId":"tiles-1769579767849-7h03wtl27","territoryId":"california","tileId":"california:1:0","tileRevKey":"territory_tile_rev:california","expectedRevision":"1","actualRevision":1,"verifyValueType":"number"}
2026-01-28 14:56:08 [info]: [Pixels] ✅ Tile saved {"reqId":"tiles-1769579767849-7h03wtl27","territoryId":"california","tileId":"california:1:0","revision":1,"pixelsCount":192}
2026-01-28 14:56:08 [warn]: [Pixels][POST] 🔍 Tile revision check {"reqId":"tiles-1769579767849-7h03wtl27","territoryId":"california","tileId":"california:2:0","clientRevision":0,"clientRevisionType":"number","currentRevision":0,"currentRevisionRaw":null,"currentRevisionType":"object","pixelsCount":168}
2026-01-28 14:56:08 [warn]: [Pixels][POST] 🔍 Revision comparison {"reqId":"tiles-1769579767849-7h03wtl27","territoryId":"california","tileId":"california:2:0","isFirstSave":true,"clientRevNum":0,"serverRevNum":0,"revisionMatch":true,"canProceed":true,"conflictReason":""}
2026-01-28 14:56:08 [warn]: [Pixels][POST] ✅ First save for tile california:2:0 {"reqId":"tiles-1769579767849-7h03wtl27","territoryId":"california","tileId":"california:2:0","clientRevision":0,"currentRevision":0}
2026-01-28 14:56:08 [warn]: [Pixels][POST] ✅ Tile revision map updated {"reqId":"tiles-1769579767849-7h03wtl27","territoryId":"california","tileId":"california:2:0","tileRevKey":"territory_tile_rev:california","revision":"1","hsetResult":1,"hsetResultType":"number"}
2026-01-28 14:56:08 [error]: [Pixels][POST] ❌ CRITICAL: hset verification failed {"reqId":"tiles-1769579767849-7h03wtl27","territoryId":"california","tileId":"california:2:0","tileRevKey":"territory_tile_rev:california","expectedRevision":"1","actualRevision":1,"verifyValueType":"number"}
2026-01-28 14:56:08 [info]: [Pixels] ✅ Tile saved {"reqId":"tiles-1769579767849-7h03wtl27","territoryId":"california","tileId":"california:2:0","revision":1,"pixelsCount":168}
2026-01-28 14:56:08 [warn]: [Pixels][POST] 🔍 Tile revision check {"reqId":"tiles-1769579767849-7h03wtl27","territoryId":"california","tileId":"california:0:1","clientRevision":0,"clientRevisionType":"number","currentRevision":0,"currentRevisionRaw":null,"currentRevisionType":"object","pixelsCount":48}
2026-01-28 14:56:08 [warn]: [Pixels][POST] 🔍 Revision comparison {"reqId":"tiles-1769579767849-7h03wtl27","territoryId":"california","tileId":"california:0:1","isFirstSave":true,"clientRevNum":0,"serverRevNum":0,"revisionMatch":true,"canProceed":true,"conflictReason":""}
2026-01-28 14:56:08 [warn]: [Pixels][POST] ✅ First save for tile california:0:1 {"reqId":"tiles-1769579767849-7h03wtl27","territoryId":"california","tileId":"california:0:1","clientRevision":0,"currentRevision":0}
2026-01-28 14:56:08 [warn]: [Pixels][POST] ✅ Tile revision map updated {"reqId":"tiles-1769579767849-7h03wtl27","territoryId":"california","tileId":"california:0:1","tileRevKey":"territory_tile_rev:california","revision":"1","hsetResult":1,"hsetResultType":"number"}
2026-01-28 14:56:08 [error]: [Pixels][POST] ❌ CRITICAL: hset verification failed {"reqId":"tiles-1769579767849-7h03wtl27","territoryId":"california","tileId":"california:0:1","tileRevKey":"territory_tile_rev:california","expectedRevision":"1","actualRevision":1,"verifyValueType":"number"}
2026-01-28 14:56:08 [info]: [Pixels] ✅ Tile saved {"reqId":"tiles-1769579767849-7h03wtl27","territoryId":"california","tileId":"california:0:1","revision":1,"pixelsCount":48}
2026-01-28 14:56:08 [warn]: [Pixels][POST] 🔍 Tile revision check {"reqId":"tiles-1769579767849-7h03wtl27","territoryId":"california","tileId":"california:1:1","clientRevision":0,"clientRevisionType":"number","currentRevision":0,"currentRevisionRaw":null,"currentRevisionType":"object","pixelsCount":256}
2026-01-28 14:56:08 [warn]: [Pixels][POST] 🔍 Revision comparison {"reqId":"tiles-1769579767849-7h03wtl27","territoryId":"california","tileId":"california:1:1","isFirstSave":true,"clientRevNum":0,"serverRevNum":0,"revisionMatch":true,"canProceed":true,"conflictReason":""}
2026-01-28 14:56:08 [warn]: [Pixels][POST] ✅ First save for tile california:1:1 {"reqId":"tiles-1769579767849-7h03wtl27","territoryId":"california","tileId":"california:1:1","clientRevision":0,"currentRevision":0}
2026-01-28 14:56:09 [warn]: [Pixels][POST] ✅ Tile revision map updated {"reqId":"tiles-1769579767849-7h03wtl27","territoryId":"california","tileId":"california:1:1","tileRevKey":"territory_tile_rev:california","revision":"1","hsetResult":1,"hsetResultType":"number"}
2026-01-28 14:56:09 [error]: [Pixels][POST] ❌ CRITICAL: hset verification failed {"reqId":"tiles-1769579767849-7h03wtl27","territoryId":"california","tileId":"california:1:1","tileRevKey":"territory_tile_rev:california","expectedRevision":"1","actualRevision":1,"verifyValueType":"number"}
2026-01-28 14:56:09 [info]: [Pixels] ✅ Tile saved {"reqId":"tiles-1769579767849-7h03wtl27","territoryId":"california","tileId":"california:1:1","revision":1,"pixelsCount":256}
2026-01-28 14:56:09 [warn]: [Pixels][POST] 🔍 Tile revision check {"reqId":"tiles-1769579767849-7h03wtl27","territoryId":"california","tileId":"california:2:1","clientRevision":0,"clientRevisionType":"number","currentRevision":0,"currentRevisionRaw":null,"currentRevisionType":"object","pixelsCount":224}
2026-01-28 14:56:09 [warn]: [Pixels][POST] 🔍 Revision comparison {"reqId":"tiles-1769579767849-7h03wtl27","territoryId":"california","tileId":"california:2:1","isFirstSave":true,"clientRevNum":0,"serverRevNum":0,"revisionMatch":true,"canProceed":true,"conflictReason":""}
2026-01-28 14:56:09 [warn]: [Pixels][POST] ✅ First save for tile california:2:1 {"reqId":"tiles-1769579767849-7h03wtl27","territoryId":"california","tileId":"california:2:1","clientRevision":0,"currentRevision":0}
2026-01-28 14:56:09 [warn]: [Pixels][POST] ✅ Tile revision map updated {"reqId":"tiles-1769579767849-7h03wtl27","territoryId":"california","tileId":"california:2:1","tileRevKey":"territory_tile_rev:california","revision":"1","hsetResult":1,"hsetResultType":"number"}
2026-01-28 14:56:09 [error]: [Pixels][POST] ❌ CRITICAL: hset verification failed {"reqId":"tiles-1769579767849-7h03wtl27","territoryId":"california","tileId":"california:2:1","tileRevKey":"territory_tile_rev:california","expectedRevision":"1","actualRevision":1,"verifyValueType":"number"}
2026-01-28 14:56:09 [info]: [Pixels] ✅ Tile saved {"reqId":"tiles-1769579767849-7h03wtl27","territoryId":"california","tileId":"california:2:1","revision":1,"pixelsCount":224}
2026-01-28 14:56:09 [warn]: [Pixels][POST] 🔍 Tile revision check {"reqId":"tiles-1769579767849-7h03wtl27","territoryId":"california","tileId":"california:0:2","clientRevision":0,"clientRevisionType":"number","currentRevision":0,"currentRevisionRaw":null,"currentRevisionType":"object","pixelsCount":12}
2026-01-28 14:56:09 [warn]: [Pixels][POST] 🔍 Revision comparison {"reqId":"tiles-1769579767849-7h03wtl27","territoryId":"california","tileId":"california:0:2","isFirstSave":true,"clientRevNum":0,"serverRevNum":0,"revisionMatch":true,"canProceed":true,"conflictReason":""}
2026-01-28 14:56:09 [warn]: [Pixels][POST] ✅ First save for tile california:0:2 {"reqId":"tiles-1769579767849-7h03wtl27","territoryId":"california","tileId":"california:0:2","clientRevision":0,"currentRevision":0}
2026-01-28 14:56:09 [warn]: [Pixels][POST] ✅ Tile revision map updated {"reqId":"tiles-1769579767849-7h03wtl27","territoryId":"california","tileId":"california:0:2","tileRevKey":"territory_tile_rev:california","revision":"1","hsetResult":1,"hsetResultType":"number"}
2026-01-28 14:56:09 [error]: [Pixels][POST] ❌ CRITICAL: hset verification failed {"reqId":"tiles-1769579767849-7h03wtl27","territoryId":"california","tileId":"california:0:2","tileRevKey":"territory_tile_rev:california","expectedRevision":"1","actualRevision":1,"verifyValueType":"number"}
2026-01-28 14:56:09 [info]: [Pixels] ✅ Tile saved {"reqId":"tiles-1769579767849-7h03wtl27","territoryId":"california","tileId":"california:0:2","revision":1,"pixelsCount":12}
2026-01-28 14:56:09 [warn]: [Pixels][POST] 🔍 Tile revision check {"reqId":"tiles-1769579767849-7h03wtl27","territoryId":"california","tileId":"california:1:2","clientRevision":0,"clientRevisionType":"number","currentRevision":0,"currentRevisionRaw":null,"currentRevisionType":"object","pixelsCount":64}
2026-01-28 14:56:09 [warn]: [Pixels][POST] 🔍 Revision comparison {"reqId":"tiles-1769579767849-7h03wtl27","territoryId":"california","tileId":"california:1:2","isFirstSave":true,"clientRevNum":0,"serverRevNum":0,"revisionMatch":true,"canProceed":true,"conflictReason":""}
2026-01-28 14:56:09 [warn]: [Pixels][POST] ✅ First save for tile california:1:2 {"reqId":"tiles-1769579767849-7h03wtl27","territoryId":"california","tileId":"california:1:2","clientRevision":0,"currentRevision":0}
2026-01-28 14:56:09 [warn]: [Pixels][POST] ✅ Tile revision map updated {"reqId":"tiles-1769579767849-7h03wtl27","territoryId":"california","tileId":"california:1:2","tileRevKey":"territory_tile_rev:california","revision":"1","hsetResult":1,"hsetResultType":"number"}
2026-01-28 14:56:09 [error]: [Pixels][POST] ❌ CRITICAL: hset verification failed {"reqId":"tiles-1769579767849-7h03wtl27","territoryId":"california","tileId":"california:1:2","tileRevKey":"territory_tile_rev:california","expectedRevision":"1","actualRevision":1,"verifyValueType":"number"}
2026-01-28 14:56:09 [info]: [Pixels] ✅ Tile saved {"reqId":"tiles-1769579767849-7h03wtl27","territoryId":"california","tileId":"california:1:2","revision":1,"pixelsCount":64}
2026-01-28 14:56:09 [warn]: [Pixels][POST] 🔍 Tile revision check {"reqId":"tiles-1769579767849-7h03wtl27","territoryId":"california","tileId":"california:2:2","clientRevision":0,"clientRevisionType":"number","currentRevision":0,"currentRevisionRaw":null,"currentRevisionType":"object","pixelsCount":56}
2026-01-28 14:56:09 [warn]: [Pixels][POST] 🔍 Revision comparison {"reqId":"tiles-1769579767849-7h03wtl27","territoryId":"california","tileId":"california:2:2","isFirstSave":true,"clientRevNum":0,"serverRevNum":0,"revisionMatch":true,"canProceed":true,"conflictReason":""}
2026-01-28 14:56:09 [warn]: [Pixels][POST] ✅ First save for tile california:2:2 {"reqId":"tiles-1769579767849-7h03wtl27","territoryId":"california","tileId":"california:2:2","clientRevision":0,"currentRevision":0}
2026-01-28 14:56:09 [warn]: [Pixels][POST] ✅ Tile revision map updated {"reqId":"tiles-1769579767849-7h03wtl27","territoryId":"california","tileId":"california:2:2","tileRevKey":"territory_tile_rev:california","revision":"1","hsetResult":1,"hsetResultType":"number"}
2026-01-28 14:56:10 [error]: [Pixels][POST] ❌ CRITICAL: hset verification failed {"reqId":"tiles-1769579767849-7h03wtl27","territoryId":"california","tileId":"california:2:2","tileRevKey":"territory_tile_rev:california","expectedRevision":"1","actualRevision":1,"verifyValueType":"number"}
2026-01-28 14:56:10 [info]: [Pixels] ✅ Tile saved {"reqId":"tiles-1769579767849-7h03wtl27","territoryId":"california","tileId":"california:2:2","revision":1,"pixelsCount":56}
2026-01-28 14:56:10 [warn]: [Pixels][POST] 📊 Final tile revision map after save {"reqId":"tiles-1769579767849-7h03wtl27","territoryId":"california","tileRevKey":"territory_tile_rev:california","tileCount":13,"expectedTileCount":9,"savedTileCount":9,"tileIds":["california:1:0","california:2:1","california:4:5","california:0:0","california:2:0","california:2:2","california:4:4","california:3:4","california:0:2","california:1:2","california:0:1","california:1:1","california:3:5"],"savedTiles":["california:0:0","california:1:0","california:2:0","california:0:1","california:1:1","california:2:1","california:0:2","california:1:2","california:2:2"],"missingTiles":[],"match":false,"tileVerificationResults":[{"tileId":"california:0:0","tileKey":"tile_data:california:0:0","exists":true},{"tileId":"california:1:0","tileKey":"tile_data:california:1:0","exists":true},{"tileId":"california:2:0","tileKey":"tile_data:california:2:0","exists":true},{"tileId":"california:0:1","tileKey":"tile_data:california:0:1","exists":true},{"tileId":"california:1:1","tileKey":"tile_data:california:1:1","exists":true},{"tileId":"california:2:1","tileKey":"tile_data:california:2:1","exists":true},{"tileId":"california:0:2","tileKey":"tile_data:california:0:2","exists":true},{"tileId":"california:1:2","tileKey":"tile_data:california:1:2","exists":true},{"tileId":"california:2:2","tileKey":"tile_data:california:2:2","exists":true}],"tilesNotInRedis":[]}
2026-01-28 14:56:10 [error]: [Error]
PayloadTooLargeError: request entity too large
    at readStream (C:\Users\win\Downloads\Global-Advertising-Platform-d9586aca12844d7c7dbe1a70fb43f4a241df4343\backend\node_modules\raw-body\index.js:163:17)
    at getRawBody (C:\Users\win\Downloads\Global-Advertising-Platform-d9586aca12844d7c7dbe1a70fb43f4a241df4343\backend\node_modules\raw-body\index.js:116:12)
    at read (C:\Users\win\Downloads\Global-Advertising-Platform-d9586aca12844d7c7dbe1a70fb43f4a241df4343\backend\node_modules\body-parser\lib\read.js:79:3)
    at jsonParser (C:\Users\win\Downloads\Global-Advertising-Platform-d9586aca12844d7c7dbe1a70fb43f4a241df4343\backend\node_modules\body-parser\lib\types\json.js:138:5)
    at Layer.handle [as handle_request] (C:\Users\win\Downloads\Global-Advertising-Platform-d9586aca12844d7c7dbe1a70fb43f4a241df4343\backend\node_modules\express\lib\router\layer.js:95:5)
    at trim_prefix (C:\Users\win\Downloads\Global-Advertising-Platform-d9586aca12844d7c7dbe1a70fb43f4a241df4343\backend\node_modules\express\lib\router\index.js:328:13)
    at C:\Users\win\Downloads\Global-Advertising-Platform-d9586aca12844d7c7dbe1a70fb43f4a241df4343\backend\node_modules\express\lib\router\index.js:286:9
    at Function.process_params (C:\Users\win\Downloads\Global-Advertising-Platform-d9586aca12844d7c7dbe1a70fb43f4a241df4343\backend\node_modules\express\lib\router\index.js:346:12)
    at next (C:\Users\win\Downloads\Global-Advertising-Platform-d9586aca12844d7c7dbe1a70fb43f4a241df4343\backend\node_modules\express\lib\router\index.js:280:10)
    at cors (C:\Users\win\Downloads\Global-Advertising-Platform-d9586aca12844d7c7dbe1a70fb43f4a241df4343\backend\node_modules\cors\lib\index.js:188:7) {"error":"request entity too large","path":"/api/territories/california/pixels"}
2026-01-28 14:56:10 [warn]: [Pixels][GET] ENTER route=v2 pid=26024 file=pixels.js commit=unknown reqId=get-1769579770709-g17bx794s {"territoryIdParam":"california","url":"/","method":"GET"}
2026-01-28 14:56:10 [warn]: [Pixels][GET] CP1 territoryId normalized {"reqId":"get-1769579770709-g17bx794s","territoryIdRaw":"california","territoryIdNormalized":"california","wasDisplayId":false}
2026-01-28 14:56:10 [warn]: [Pixels][GET] CP2 read pixel_data done {"reqId":"get-1769579770709-g17bx794s","territoryId":"california","redisKey":"pixel_data:california","hasData":false,"pixelsLength":0,"filledPixels":0,"revision":0,"dataType":"object","pixelDataKeys":[],"pixelDataRawType":"object","pixelDataRawIsNull":true,"pixelDataRawIsUndefined":false}
2026-01-28 14:56:10 [warn]: [Pixels][GET] CP3 pixelDataValid evaluated {"reqId":"get-1769579770709-g17bx794s","territoryId":"california","pixelDataValid":null,"hasPixelData":false,"hasPixelsProperty":false,"pixelsIsArray":false,"pixelsLength":0}
2026-01-28 14:56:10 [warn]: [Pixels][GET] ⚠️ No valid cached pixel data, checking tile system {"reqId":"get-1769579770709-g17bx794s","territoryId":"california","hasPixelData":false,"pixelsLength":0,"pixelDataType":"null"}
2026-01-28 14:56:10 [warn]: [Pixels][GET] CP4 tileRevMap read done {"reqId":"get-1769579770709-g17bx794s","territoryId":"california","tileRevKey":"territory_tile_rev:california","hasTileRevisionMap":true,"tileRevisionMapType":"object","tileRevisionMapKeys":["california:3:5","california:4:5","california:0:0","california:2:0","california:0:1","california:1:1","california:1:0","california:2:1","california:0:2","california:1:2","california:2:2","california:4:4","california:3:4"],"tileRevisionMapLength":13,"tileRevisionMapSample":[["california:3:5",11],["california:4:5",19],["california:0:0",1]],"tileRevisionMapIsEmpty":false}
2026-01-28 14:56:10 [warn]: [Pixels][GET] 🔍 Loading tiles from tile system {"reqId":"get-1769579770709-g17bx794s","territoryId":"california","tileCount":13,"tileIds":["california:3:5","california:4:5","california:0:0","california:2:0","california:0:1","california:1:1","california:1:0","california:2:1","california:0:2","california:1:2"]}
2026-01-28 14:56:10 [warn]: [Pixels][GET] 🔍 Loading 13 tiles from tile system {"reqId":"get-1769579770709-g17bx794s","territoryId":"california","tileIds":["california:3:5","california:4:5","california:0:0","california:2:0","california:0:1","california:1:1","california:1:0","california:2:1","california:0:2","california:1:2"]}
2026-01-28 14:56:11 [warn]: [Pixels][GET] 📊 Tile loading summary {"reqId":"get-1769579770709-g17bx794s","territoryId":"california","totalTilesInMap":13,"tilesLoaded":13,"tilesWithPixels":13,"tilesEmpty":0,"tilesError":0,"totalPixelsCollected":1293}
2026-01-28 14:56:11 [warn]: [Pixels][GET] ✅ Cached combined tile data {"reqId":"get-1769579770709-g17bx794s","territoryId":"california","pixelsLength":1293,"cacheKey":"pixel_data:california"}
2026-01-28 14:56:11 [warn]: [Pixels][GET] CP5 tile merge done {"reqId":"get-1769579770709-g17bx794s","territoryId":"california","pixelsLength":1293,"filledPixels":1293,"revision":39,"width":128,"height":128,"tilesProcessed":13,"tilesWithData":13}
2026-01-28 14:56:16 [error]: [Error]
PayloadTooLargeError: request entity too large
    at readStream (C:\Users\win\Downloads\Global-Advertising-Platform-d9586aca12844d7c7dbe1a70fb43f4a241df4343\backend\node_modules\raw-body\index.js:163:17)
    at getRawBody (C:\Users\win\Downloads\Global-Advertising-Platform-d9586aca12844d7c7dbe1a70fb43f4a241df4343\backend\node_modules\raw-body\index.js:116:12)
    at read (C:\Users\win\Downloads\Global-Advertising-Platform-d9586aca12844d7c7dbe1a70fb43f4a241df4343\backend\node_modules\body-parser\lib\read.js:79:3)
    at jsonParser (C:\Users\win\Downloads\Global-Advertising-Platform-d9586aca12844d7c7dbe1a70fb43f4a241df4343\backend\node_modules\body-parser\lib\types\json.js:138:5)
    at Layer.handle [as handle_request] (C:\Users\win\Downloads\Global-Advertising-Platform-d9586aca12844d7c7dbe1a70fb43f4a241df4343\backend\node_modules\express\lib\router\layer.js:95:5)
    at trim_prefix (C:\Users\win\Downloads\Global-Advertising-Platform-d9586aca12844d7c7dbe1a70fb43f4a241df4343\backend\node_modules\express\lib\router\index.js:328:13)
    at C:\Users\win\Downloads\Global-Advertising-Platform-d9586aca12844d7c7dbe1a70fb43f4a241df4343\backend\node_modules\express\lib\router\index.js:286:9
    at Function.process_params (C:\Users\win\Downloads\Global-Advertising-Platform-d9586aca12844d7c7dbe1a70fb43f4a241df4343\backend\node_modules\express\lib\router\index.js:346:12)
    at next (C:\Users\win\Downloads\Global-Advertising-Platform-d9586aca12844d7c7dbe1a70fb43f4a241df4343\backend\node_modules\express\lib\router\index.js:280:10)
    at cors (C:\Users\win\Downloads\Global-Advertising-Platform-d9586aca12844d7c7dbe1a70fb43f4a241df4343\backend\node_modules\cors\lib\index.js:188:7) {"error":"request entity too large","path":"/api/territories/california/pixels"}
2026-01-28 14:56:22 [error]: [Error]
PayloadTooLargeError: request entity too large
    at readStream (C:\Users\win\Downloads\Global-Advertising-Platform-d9586aca12844d7c7dbe1a70fb43f4a241df4343\backend\node_modules\raw-body\index.js:163:17)
    at getRawBody (C:\Users\win\Downloads\Global-Advertising-Platform-d9586aca12844d7c7dbe1a70fb43f4a241df4343\backend\node_modules\raw-body\index.js:116:12)
    at read (C:\Users\win\Downloads\Global-Advertising-Platform-d9586aca12844d7c7dbe1a70fb43f4a241df4343\backend\node_modules\body-parser\lib\read.js:79:3)
    at jsonParser (C:\Users\win\Downloads\Global-Advertising-Platform-d9586aca12844d7c7dbe1a70fb43f4a241df4343\backend\node_modules\body-parser\lib\types\json.js:138:5)
    at Layer.handle [as handle_request] (C:\Users\win\Downloads\Global-Advertising-Platform-d9586aca12844d7c7dbe1a70fb43f4a241df4343\backend\node_modules\express\lib\router\layer.js:95:5)
    at trim_prefix (C:\Users\win\Downloads\Global-Advertising-Platform-d9586aca12844d7c7dbe1a70fb43f4a241df4343\backend\node_modules\express\lib\router\index.js:328:13)
    at C:\Users\win\Downloads\Global-Advertising-Platform-d9586aca12844d7c7dbe1a70fb43f4a241df4343\backend\node_modules\express\lib\router\index.js:286:9
    at Function.process_params (C:\Users\win\Downloads\Global-Advertising-Platform-d9586aca12844d7c7dbe1a70fb43f4a241df4343\backend\node_modules\express\lib\router\index.js:346:12)
    at next (C:\Users\win\Downloads\Global-Advertising-Platform-d9586aca12844d7c7dbe1a70fb43f4a241df4343\backend\node_modules\express\lib\router\index.js:280:10)
    at cors (C:\Users\win\Downloads\Global-Advertising-Platform-d9586aca12844d7c7dbe1a70fb43f4a241df4343\backend\node_modules\cors\lib\index.js:188:7) {"error":"request entity too large","path":"/api/territories/california/pixels"}
2026-01-28 14:56:27 [error]: [Error]
PayloadTooLargeError: request entity too large
    at readStream (C:\Users\win\Downloads\Global-Advertising-Platform-d9586aca12844d7c7dbe1a70fb43f4a241df4343\backend\node_modules\raw-body\index.js:163:17)
    at getRawBody (C:\Users\win\Downloads\Global-Advertising-Platform-d9586aca12844d7c7dbe1a70fb43f4a241df4343\backend\node_modules\raw-body\index.js:116:12)
    at read (C:\Users\win\Downloads\Global-Advertising-Platform-d9586aca12844d7c7dbe1a70fb43f4a241df4343\backend\node_modules\body-parser\lib\read.js:79:3)
    at jsonParser (C:\Users\win\Downloads\Global-Advertising-Platform-d9586aca12844d7c7dbe1a70fb43f4a241df4343\backend\node_modules\body-parser\lib\types\json.js:138:5)
    at Layer.handle [as handle_request] (C:\Users\win\Downloads\Global-Advertising-Platform-d9586aca12844d7c7dbe1a70fb43f4a241df4343\backend\node_modules\express\lib\router\layer.js:95:5)
    at trim_prefix (C:\Users\win\Downloads\Global-Advertising-Platform-d9586aca12844d7c7dbe1a70fb43f4a241df4343\backend\node_modules\express\lib\router\index.js:328:13)
    at C:\Users\win\Downloads\Global-Advertising-Platform-d9586aca12844d7c7dbe1a70fb43f4a241df4343\backend\node_modules\express\lib\router\index.js:286:9
    at Function.process_params (C:\Users\win\Downloads\Global-Advertising-Platform-d9586aca12844d7c7dbe1a70fb43f4a241df4343\backend\node_modules\express\lib\router\index.js:346:12)
    at next (C:\Users\win\Downloads\Global-Advertising-Platform-d9586aca12844d7c7dbe1a70fb43f4a241df4343\backend\node_modules\express\lib\router\index.js:280:10)
    at cors (C:\Users\win\Downloads\Global-Advertising-Platform-d9586aca12844d7c7dbe1a70fb43f4a241df4343\backend\node_modules\cors\lib\index.js:188:7) {"error":"request entity too large","path":"/api/territories/california/pixels"}
2026-01-28 14:56:31 [warn]: [Pixels][GET] ENTER route=v2 pid=26024 file=pixels.js commit=unknown reqId=get-1769579791839-e75rlsk68 {"territoryIdParam":"california","url":"/","method":"GET"}
2026-01-28 14:56:31 [warn]: [Pixels][GET] CP1 territoryId normalized {"reqId":"get-1769579791839-e75rlsk68","territoryIdRaw":"california","territoryIdNormalized":"california","wasDisplayId":false}
2026-01-28 14:56:31 [warn]: [Pixels][GET] CP2 read pixel_data done {"reqId":"get-1769579791839-e75rlsk68","territoryId":"california","redisKey":"pixel_data:california","hasData":true,"pixelsLength":1293,"filledPixels":1293,"revision":39,"dataType":"object","pixelDataKeys":["territoryId","pixels","width","height","filledPixels","lastUpdated","revision","updatedAt"],"pixelDataRawType":"object","pixelDataRawIsNull":false,"pixelDataRawIsUndefined":false}
2026-01-28 14:56:31 [warn]: [Pixels][GET] CP3 pixelDataValid evaluated {"reqId":"get-1769579791839-e75rlsk68","territoryId":"california","pixelDataValid":true,"hasPixelData":true,"hasPixelsProperty":true,"pixelsIsArray":true,"pixelsLength":1293}
2026-01-28 14:56:31 [warn]: [Pixels][GET] ✅ Returning cached pixel data {"reqId":"get-1769579791839-e75rlsk68","territoryId":"california","pixelsLength":1293,"filledPixels":1293,"revision":39,"updatedAt":"2026-01-28T05:56:09.881Z"}
2026-01-28 14:56:33 [warn]: [Pixels][GET] ENTER route=v2 pid=26024 file=pixels.js commit=unknown reqId=get-1769579793426-q2s96ol8d {"territoryIdParam":"california","url":"/","method":"GET"}
2026-01-28 14:56:33 [warn]: [Pixels][GET] CP1 territoryId normalized {"reqId":"get-1769579793426-q2s96ol8d","territoryIdRaw":"california","territoryIdNormalized":"california","wasDisplayId":false}
2026-01-28 14:56:33 [warn]: [Pixels][GET] CP2 read pixel_data done {"reqId":"get-1769579793426-q2s96ol8d","territoryId":"california","redisKey":"pixel_data:california","hasData":true,"pixelsLength":1293,"filledPixels":1293,"revision":39,"dataType":"object","pixelDataKeys":["territoryId","pixels","width","height","filledPixels","lastUpdated","revision","updatedAt"],"pixelDataRawType":"object","pixelDataRawIsNull":false,"pixelDataRawIsUndefined":false}
2026-01-28 14:56:33 [warn]: [Pixels][GET] CP3 pixelDataValid evaluated {"reqId":"get-1769579793426-q2s96ol8d","territoryId":"california","pixelDataValid":true,"hasPixelData":true,"hasPixelsProperty":true,"pixelsIsArray":true,"pixelsLength":1293}
2026-01-28 14:56:33 [warn]: [Pixels][GET] ✅ Returning cached pixel data {"reqId":"get-1769579793426-q2s96ol8d","territoryId":"california","pixelsLength":1293,"filledPixels":1293,"revision":39,"updatedAt":"2026-01-28T05:56:09.881Z"}
2026-01-28 15:42:03 [info]: [Pixels] 🔍 POST /tiles START {"reqId":"tiles-1769582523572-75w4csqtj","territoryIdRaw":"california","contentLength":6350,"tilesCount":3,"bodyKeys":["tiles"],"tilesType":"object","tilesIsArray":true,"tilesSample":{"tileId":"california:2:0","pixels":[{"x":44,"y":8,"color":"#ff0000"},{"x":42,"y":9,"color":"#ff0000"},{"x":43,"y":9,"color":"#ff0000"},{"x":44,"y":9,"color":"#ff0000"},{"x":45,"y":9,"color":"#ff0000"},{"x":40,"y":10,"color":"#ff0000"},{"x":41,"y":10,"color":"#ff0000"},{"x":42,"y":10,"color":"#ff0000"},{"x":43,"y":10,"color":"#ff0000"},{"x":44,"y":10,"color":"#ff0000"},{"x":45,"y":10,"color":"#ff0000"},{"x":46,"y":10,"color":"#ff0000"},{"x":39,"y":11,"color":"#ff0000"},{"x":40,"y":11,"color":"#ff0000"},{"x":41,"y":11,"color":"#ff0000"},{"x":42,"y":11,"color":"#ff0000"},{"x":43,"y":11,"color":"#ff0000"},{"x":44,"y":11,"color":"#ff0000"},{"x":45,"y":11,"color":"#ff0000"},{"x":46,"y":11,"color":"#ff0000"},{"x":38,"y":12,"color":"#ff0000"},{"x":39,"y":12,"color":"#ff0000"},{"x":40,"y":12,"color":"#ff0000"},{"x":41,"y":12,"color":"#ff0000"},{"x":42,"y":12,"color":"#ff0000"},{"x":43,"y":12,"color":"#ff0000"},{"x":44,"y":12,"color":"#ff0000"},{"x":45,"y":12,"color":"#ff0000"},{"x":46,"y":12,"color":"#ff0000"},{"x":37,"y":13,"color":"#ff0000"},{"x":38,"y":13,"color":"#ff0000"},{"x":39,"y":13,"color":"#ff0000"},{"x":40,"y":13,"color":"#ff0000"},{"x":41,"y":13,"color":"#ff0000"},{"x":42,"y":13,"color":"#ff0000"},{"x":43,"y":13,"color":"#ff0000"},{"x":44,"y":13,"color":"#ff0000"},{"x":45,"y":13,"color":"#ff0000"},{"x":46,"y":13,"color":"#ff0000"},{"x":35,"y":14,"color":"#ff0000"},{"x":36,"y":14,"color":"#ff0000"},{"x":37,"y":14,"color":"#ff0000"},{"x":38,"y":14,"color":"#ff0000"},{"x":39,"y":14,"color":"#ff0000"},{"x":40,"y":14,"color":"#ff0000"},{"x":41,"y":14,"color":"#ff0000"},{"x":42,"y":14,"color":"#ff0000"},{"x":43,"y":14,"color":"#ff0000"},{"x":44,"y":14,"color":"#ff0000"},{"x":45,"y":14,"color":"#ff0000"},{"x":46,"y":14,"color":"#ff0000"},{"x":33,"y":15,"color":"#ff0000"},{"x":34,"y":15,"color":"#ff0000"},{"x":35,"y":15,"color":"#ff0000"},{"x":36,"y":15,"color":"#ff0000"},{"x":37,"y":15,"color":"#ff0000"},{"x":38,"y":15,"color":"#ff0000"},{"x":39,"y":15,"color":"#ff0000"},{"x":42,"y":15,"color":"#ff0000"},{"x":43,"y":15,"color":"#ff0000"},{"x":44,"y":15,"color":"#ff0000"},{"x":45,"y":15,"color":"#ff0000"},{"x":46,"y":15,"color":"#ff0000"}],"revision":0}}
2026-01-28 15:42:03 [warn]: [Pixels][POST] 🔍 Tile revision check {"reqId":"tiles-1769582523572-75w4csqtj","territoryId":"california","tileId":"california:2:0","clientRevision":0,"clientRevisionType":"number","currentRevision":1,"currentRevisionRaw":1,"currentRevisionType":"number","pixelsCount":63}
2026-01-28 15:42:03 [warn]: [Pixels][POST] 🔍 Revision comparison {"reqId":"tiles-1769582523572-75w4csqtj","territoryId":"california","tileId":"california:2:0","isFirstSave":true,"clientRevNum":0,"serverRevNum":1,"revisionMatch":false,"canProceed":true,"conflictReason":""}
2026-01-28 15:42:03 [warn]: [Pixels][POST] ✅ First save for tile california:2:0 {"reqId":"tiles-1769582523572-75w4csqtj","territoryId":"california","tileId":"california:2:0","clientRevision":0,"currentRevision":1}
2026-01-28 15:42:03 [warn]: [Pixels][POST] ✅ Tile revision map updated {"reqId":"tiles-1769582523572-75w4csqtj","territoryId":"california","tileId":"california:2:0","tileRevKey":"territory_tile_rev:california","revision":"2","hsetResult":0,"hsetResultType":"number"}
2026-01-28 15:42:04 [error]: [Pixels][POST] ❌ CRITICAL: hset verification failed {"reqId":"tiles-1769582523572-75w4csqtj","territoryId":"california","tileId":"california:2:0","tileRevKey":"territory_tile_rev:california","expectedRevision":"2","actualRevision":2,"verifyValueType":"number"}
2026-01-28 15:42:04 [info]: [Pixels] ✅ Tile saved {"reqId":"tiles-1769582523572-75w4csqtj","territoryId":"california","tileId":"california:2:0","revision":2,"pixelsCount":63}
2026-01-28 15:42:04 [warn]: [Pixels][POST] 🔍 Tile revision check {"reqId":"tiles-1769582523572-75w4csqtj","territoryId":"california","tileId":"california:2:1","clientRevision":0,"clientRevisionType":"number","currentRevision":1,"currentRevisionRaw":1,"currentRevisionType":"number","pixelsCount":78}
2026-01-28 15:42:04 [warn]: [Pixels][POST] 🔍 Revision comparison {"reqId":"tiles-1769582523572-75w4csqtj","territoryId":"california","tileId":"california:2:1","isFirstSave":true,"clientRevNum":0,"serverRevNum":1,"revisionMatch":false,"canProceed":true,"conflictReason":""}
2026-01-28 15:42:04 [warn]: [Pixels][POST] ✅ First save for tile california:2:1 {"reqId":"tiles-1769582523572-75w4csqtj","territoryId":"california","tileId":"california:2:1","clientRevision":0,"currentRevision":1}
2026-01-28 15:42:04 [warn]: [Pixels][POST] ✅ Tile revision map updated {"reqId":"tiles-1769582523572-75w4csqtj","territoryId":"california","tileId":"california:2:1","tileRevKey":"territory_tile_rev:california","revision":"2","hsetResult":0,"hsetResultType":"number"}
2026-01-28 15:42:04 [error]: [Pixels][POST] ❌ CRITICAL: hset verification failed {"reqId":"tiles-1769582523572-75w4csqtj","territoryId":"california","tileId":"california:2:1","tileRevKey":"territory_tile_rev:california","expectedRevision":"2","actualRevision":2,"verifyValueType":"number"}
2026-01-28 15:42:04 [info]: [Pixels] ✅ Tile saved {"reqId":"tiles-1769582523572-75w4csqtj","territoryId":"california","tileId":"california:2:1","revision":2,"pixelsCount":78}
2026-01-28 15:42:04 [warn]: [Pixels][POST] 🔍 Tile revision check {"reqId":"tiles-1769582523572-75w4csqtj","territoryId":"california","tileId":"california:1:1","clientRevision":0,"clientRevisionType":"number","currentRevision":1,"currentRevisionRaw":1,"currentRevisionType":"number","pixelsCount":41}
2026-01-28 15:42:04 [warn]: [Pixels][POST] 🔍 Revision comparison {"reqId":"tiles-1769582523572-75w4csqtj","territoryId":"california","tileId":"california:1:1","isFirstSave":true,"clientRevNum":0,"serverRevNum":1,"revisionMatch":false,"canProceed":true,"conflictReason":""}
2026-01-28 15:42:04 [warn]: [Pixels][POST] ✅ First save for tile california:1:1 {"reqId":"tiles-1769582523572-75w4csqtj","territoryId":"california","tileId":"california:1:1","clientRevision":0,"currentRevision":1}
2026-01-28 15:42:04 [warn]: [Pixels][POST] ✅ Tile revision map updated {"reqId":"tiles-1769582523572-75w4csqtj","territoryId":"california","tileId":"california:1:1","tileRevKey":"territory_tile_rev:california","revision":"2","hsetResult":0,"hsetResultType":"number"}
2026-01-28 15:42:04 [error]: [Pixels][POST] ❌ CRITICAL: hset verification failed {"reqId":"tiles-1769582523572-75w4csqtj","territoryId":"california","tileId":"california:1:1","tileRevKey":"territory_tile_rev:california","expectedRevision":"2","actualRevision":2,"verifyValueType":"number"}
2026-01-28 15:42:04 [info]: [Pixels] ✅ Tile saved {"reqId":"tiles-1769582523572-75w4csqtj","territoryId":"california","tileId":"california:1:1","revision":2,"pixelsCount":41}
2026-01-28 15:42:04 [warn]: [Pixels][POST] 📊 Final tile revision map after save {"reqId":"tiles-1769582523572-75w4csqtj","territoryId":"california","tileRevKey":"territory_tile_rev:california","tileCount":13,"expectedTileCount":3,"savedTileCount":3,"tileIds":["california:0:2","california:1:1","california:1:2","california:2:0","california:3:4","california:3:5","california:4:4","california:0:0","california:0:1","california:4:5","california:1:0","california:2:1","california:2:2"],"savedTiles":["california:2:0","california:2:1","california:1:1"],"missingTiles":[],"match":false,"tileVerificationResults":[{"tileId":"california:2:0","tileKey":"tile_data:california:2:0","exists":true},{"tileId":"california:2:1","tileKey":"tile_data:california:2:1","exists":true},{"tileId":"california:1:1","tileKey":"tile_data:california:1:1","exists":true}],"tilesNotInRedis":[]}
2026-01-28 15:42:04 [info]: [Pixels] 🔍 POST /pixels START {"reqId":"req-1769582524826-nuo868m97","territoryIdRaw":"california","contentLength":42353,"payloadPixelsLen":561,"payloadEncodedLen":0,"isDelta":false,"width":128,"height":128,"pixelsType":"object","pixelsIsArray":true,"bodyKeys":["pixels","width","height"]}
2026-01-28 15:42:04 [info]: [Pixels] 🔍 Territory ID normalized {"reqId":"req-1769582524826-nuo868m97","territoryIdRaw":"california","territoryIdNormalized":"california","redisKey":"pixel_data:california","wasDisplayId":false}
2026-01-28 15:42:04 [warn]: [Pixels][GET] ENTER route=v2 pid=26024 file=pixels.js commit=unknown reqId=get-1769582524875-h7b8ubt43 {"territoryIdParam":"california","url":"/","method":"GET"}
2026-01-28 15:42:04 [warn]: [Pixels][GET] CP1 territoryId normalized {"reqId":"get-1769582524875-h7b8ubt43","territoryIdRaw":"california","territoryIdNormalized":"california","wasDisplayId":false}
2026-01-28 15:42:04 [warn]: [Pixels][GET] CP2 read pixel_data done {"reqId":"get-1769582524875-h7b8ubt43","territoryId":"california","redisKey":"pixel_data:california","hasData":false,"pixelsLength":0,"filledPixels":0,"revision":0,"dataType":"object","pixelDataKeys":[],"pixelDataRawType":"object","pixelDataRawIsNull":true,"pixelDataRawIsUndefined":false}
2026-01-28 15:42:04 [warn]: [Pixels][GET] CP3 pixelDataValid evaluated {"reqId":"get-1769582524875-h7b8ubt43","territoryId":"california","pixelDataValid":null,"hasPixelData":false,"hasPixelsProperty":false,"pixelsIsArray":false,"pixelsLength":0}
2026-01-28 15:42:04 [warn]: [Pixels][GET] ⚠️ No valid cached pixel data, checking tile system {"reqId":"get-1769582524875-h7b8ubt43","territoryId":"california","hasPixelData":false,"pixelsLength":0,"pixelDataType":"null"}
2026-01-28 15:42:04 [warn]: [Pixels][GET] CP4 tileRevMap read done {"reqId":"get-1769582524875-h7b8ubt43","territoryId":"california","tileRevKey":"territory_tile_rev:california","hasTileRevisionMap":true,"tileRevisionMapType":"object","tileRevisionMapKeys":["california:0:2","california:1:1","california:2:1","california:4:4","california:0:0","california:2:2","california:4:5","california:1:2","california:0:1","california:1:0","california:2:0","california:3:4","california:3:5"],"tileRevisionMapLength":13,"tileRevisionMapSample":[["california:0:2",1],["california:1:1",2],["california:2:1",2]],"tileRevisionMapIsEmpty":false}
2026-01-28 15:42:04 [warn]: [Pixels][GET] 🔍 Loading tiles from tile system {"reqId":"get-1769582524875-h7b8ubt43","territoryId":"california","tileCount":13,"tileIds":["california:0:2","california:1:1","california:2:1","california:4:4","california:0:0","california:2:2","california:4:5","california:1:2","california:0:1","california:1:0"]}
2026-01-28 15:42:04 [warn]: [Pixels][GET] 🔍 Loading 13 tiles from tile system {"reqId":"get-1769582524875-h7b8ubt43","territoryId":"california","tileIds":["california:0:2","california:1:1","california:2:1","california:4:4","california:0:0","california:2:2","california:4:5","california:1:2","california:0:1","california:1:0"]}
2026-01-28 15:42:05 [info]: [Pixels] 🔍 Before save {"reqId":"req-1769582524826-nuo868m97","territoryId":"california","redisKey":"pixel_data:california","payloadPixelsLen":561,"finalPixelsLen":561,"finalWidth":128,"finalHeight":128,"revisionToWrite":1,"incomingRevision":0,"isDelta":false}
2026-01-28 15:42:05 [info]: [Pixels] ✅ Save completed {"reqId":"req-1769582524826-nuo868m97","territoryId":"california","redisKey":"pixel_data:california","payloadPixelsLen":561,"finalPixelsLen":561,"verifiedPixelsLen":561,"storedRevision":1,"updatedAt":"2026-01-28T06:42:05.013Z"}
2026-01-28 15:42:05 [warn]: [Pixels][GET] 📊 Tile loading summary {"reqId":"get-1769582524875-h7b8ubt43","territoryId":"california","totalTilesInMap":13,"tilesLoaded":13,"tilesWithPixels":13,"tilesEmpty":0,"tilesError":0,"totalPixelsCollected":827}
2026-01-28 15:42:05 [warn]: [Pixels][GET] ✅ Cached combined tile data {"reqId":"get-1769582524875-h7b8ubt43","territoryId":"california","pixelsLength":827,"cacheKey":"pixel_data:california"}
2026-01-28 15:42:05 [warn]: [Pixels][GET] CP5 tile merge done {"reqId":"get-1769582524875-h7b8ubt43","territoryId":"california","pixelsLength":827,"filledPixels":827,"revision":40,"width":128,"height":128,"tilesProcessed":13,"tilesWithData":13}
2026-01-28 15:42:06 [warn]: [Pixels][GET] ENTER route=v2 pid=26024 file=pixels.js commit=unknown reqId=get-1769582526424-66amj1kym {"territoryIdParam":"california","url":"/","method":"GET"}
2026-01-28 15:42:06 [warn]: [Pixels][GET] CP1 territoryId normalized {"reqId":"get-1769582526424-66amj1kym","territoryIdRaw":"california","territoryIdNormalized":"california","wasDisplayId":false}
2026-01-28 15:42:06 [warn]: [Pixels][GET] ENTER route=v2 pid=26024 file=pixels.js commit=unknown reqId=get-1769582526427-80ixtuffz {"territoryIdParam":"california","url":"/","method":"GET"}
2026-01-28 15:42:06 [warn]: [Pixels][GET] CP1 territoryId normalized {"reqId":"get-1769582526427-80ixtuffz","territoryIdRaw":"california","territoryIdNormalized":"california","wasDisplayId":false}
2026-01-28 15:42:06 [warn]: [Pixels][GET] ENTER route=v2 pid=26024 file=pixels.js commit=unknown reqId=get-1769582526435-vy7a9rbfn {"territoryIdParam":"california","url":"/","method":"GET"}
2026-01-28 15:42:06 [warn]: [Pixels][GET] CP1 territoryId normalized {"reqId":"get-1769582526435-vy7a9rbfn","territoryIdRaw":"california","territoryIdNormalized":"california","wasDisplayId":false}
2026-01-28 15:42:06 [warn]: [Pixels][GET] CP2 read pixel_data done {"reqId":"get-1769582526427-80ixtuffz","territoryId":"california","redisKey":"pixel_data:california","hasData":true,"pixelsLength":827,"filledPixels":827,"revision":40,"dataType":"object","pixelDataKeys":["territoryId","pixels","width","height","filledPixels","lastUpdated","revision","updatedAt"],"pixelDataRawType":"object","pixelDataRawIsNull":false,"pixelDataRawIsUndefined":false}
2026-01-28 15:42:06 [warn]: [Pixels][GET] CP3 pixelDataValid evaluated {"reqId":"get-1769582526427-80ixtuffz","territoryId":"california","pixelDataValid":true,"hasPixelData":true,"hasPixelsProperty":true,"pixelsIsArray":true,"pixelsLength":827}
2026-01-28 15:42:06 [warn]: [Pixels][GET] ✅ Returning cached pixel data {"reqId":"get-1769582526427-80ixtuffz","territoryId":"california","pixelsLength":827,"filledPixels":827,"revision":40,"updatedAt":"2026-01-28T06:42:04.296Z"}
2026-01-28 15:42:06 [warn]: [Pixels][GET] CP2 read pixel_data done {"reqId":"get-1769582526435-vy7a9rbfn","territoryId":"california","redisKey":"pixel_data:california","hasData":true,"pixelsLength":827,"filledPixels":827,"revision":40,"dataType":"object","pixelDataKeys":["territoryId","pixels","width","height","filledPixels","lastUpdated","revision","updatedAt"],"pixelDataRawType":"object","pixelDataRawIsNull":false,"pixelDataRawIsUndefined":false}
2026-01-28 15:42:06 [warn]: [Pixels][GET] CP3 pixelDataValid evaluated {"reqId":"get-1769582526435-vy7a9rbfn","territoryId":"california","pixelDataValid":true,"hasPixelData":true,"hasPixelsProperty":true,"pixelsIsArray":true,"pixelsLength":827}
2026-01-28 15:42:06 [warn]: [Pixels][GET] ✅ Returning cached pixel data {"reqId":"get-1769582526435-vy7a9rbfn","territoryId":"california","pixelsLength":827,"filledPixels":827,"revision":40,"updatedAt":"2026-01-28T06:42:04.296Z"}
2026-01-28 15:42:06 [warn]: [Pixels][GET] CP2 read pixel_data done {"reqId":"get-1769582526424-66amj1kym","territoryId":"california","redisKey":"pixel_data:california","hasData":true,"pixelsLength":827,"filledPixels":827,"revision":40,"dataType":"object","pixelDataKeys":["territoryId","pixels","width","height","filledPixels","lastUpdated","revision","updatedAt"],"pixelDataRawType":"object","pixelDataRawIsNull":false,"pixelDataRawIsUndefined":false}
2026-01-28 15:42:06 [warn]: [Pixels][GET] CP3 pixelDataValid evaluated {"reqId":"get-1769582526424-66amj1kym","territoryId":"california","pixelDataValid":true,"hasPixelData":true,"hasPixelsProperty":true,"pixelsIsArray":true,"pixelsLength":827}
2026-01-28 15:42:06 [warn]: [Pixels][GET] ✅ Returning cached pixel data {"reqId":"get-1769582526424-66amj1kym","territoryId":"california","pixelsLength":827,"filledPixels":827,"revision":40,"updatedAt":"2026-01-28T06:42:04.296Z"}
2026-01-28 15:42:11 [warn]: [Pixels][GET] ENTER route=v2 pid=26024 file=pixels.js commit=unknown reqId=get-1769582531325-lv2tjmr1p {"territoryIdParam":"california","url":"/","method":"GET"}
2026-01-28 15:42:11 [warn]: [Pixels][GET] CP1 territoryId normalized {"reqId":"get-1769582531325-lv2tjmr1p","territoryIdRaw":"california","territoryIdNormalized":"california","wasDisplayId":false}
2026-01-28 15:42:11 [warn]: [Pixels][GET] CP2 read pixel_data done {"reqId":"get-1769582531325-lv2tjmr1p","territoryId":"california","redisKey":"pixel_data:california","hasData":true,"pixelsLength":827,"filledPixels":827,"revision":40,"dataType":"object","pixelDataKeys":["territoryId","pixels","width","height","filledPixels","lastUpdated","revision","updatedAt"],"pixelDataRawType":"object","pixelDataRawIsNull":false,"pixelDataRawIsUndefined":false}
2026-01-28 15:42:11 [warn]: [Pixels][GET] CP3 pixelDataValid evaluated {"reqId":"get-1769582531325-lv2tjmr1p","territoryId":"california","pixelDataValid":true,"hasPixelData":true,"hasPixelsProperty":true,"pixelsIsArray":true,"pixelsLength":827}
2026-01-28 15:42:11 [warn]: [Pixels][GET] ✅ Returning cached pixel data {"reqId":"get-1769582531325-lv2tjmr1p","territoryId":"california","pixelsLength":827,"filledPixels":827,"revision":40,"updatedAt":"2026-01-28T06:42:04.296Z"}
2026-01-28 15:42:13 [warn]: [Pixels][GET] ENTER route=v2 pid=26024 file=pixels.js commit=unknown reqId=get-1769582533595-g75f0lhi1 {"territoryIdParam":"california","url":"/","method":"GET"}
2026-01-28 15:42:13 [warn]: [Pixels][GET] CP1 territoryId normalized {"reqId":"get-1769582533595-g75f0lhi1","territoryIdRaw":"california","territoryIdNormalized":"california","wasDisplayId":false}
2026-01-28 15:42:13 [warn]: [Pixels][GET] ENTER route=v2 pid=26024 file=pixels.js commit=unknown reqId=get-1769582533603-z6hvvzt83 {"territoryIdParam":"california","url":"/","method":"GET"}
2026-01-28 15:42:13 [warn]: [Pixels][GET] CP1 territoryId normalized {"reqId":"get-1769582533603-z6hvvzt83","territoryIdRaw":"california","territoryIdNormalized":"california","wasDisplayId":false}
2026-01-28 15:42:13 [warn]: [Pixels][GET] CP2 read pixel_data done {"reqId":"get-1769582533595-g75f0lhi1","territoryId":"california","redisKey":"pixel_data:california","hasData":true,"pixelsLength":827,"filledPixels":827,"revision":40,"dataType":"object","pixelDataKeys":["territoryId","pixels","width","height","filledPixels","lastUpdated","revision","updatedAt"],"pixelDataRawType":"object","pixelDataRawIsNull":false,"pixelDataRawIsUndefined":false}
2026-01-28 15:42:13 [warn]: [Pixels][GET] CP3 pixelDataValid evaluated {"reqId":"get-1769582533595-g75f0lhi1","territoryId":"california","pixelDataValid":true,"hasPixelData":true,"hasPixelsProperty":true,"pixelsIsArray":true,"pixelsLength":827}
2026-01-28 15:42:13 [warn]: [Pixels][GET] ✅ Returning cached pixel data {"reqId":"get-1769582533595-g75f0lhi1","territoryId":"california","pixelsLength":827,"filledPixels":827,"revision":40,"updatedAt":"2026-01-28T06:42:04.296Z"}
2026-01-28 15:42:13 [warn]: [Pixels][GET] CP2 read pixel_data done {"reqId":"get-1769582533603-z6hvvzt83","territoryId":"california","redisKey":"pixel_data:california","hasData":true,"pixelsLength":827,"filledPixels":827,"revision":40,"dataType":"object","pixelDataKeys":["territoryId","pixels","width","height","filledPixels","lastUpdated","revision","updatedAt"],"pixelDataRawType":"object","pixelDataRawIsNull":false,"pixelDataRawIsUndefined":false}
2026-01-28 15:42:13 [warn]: [Pixels][GET] CP3 pixelDataValid evaluated {"reqId":"get-1769582533603-z6hvvzt83","territoryId":"california","pixelDataValid":true,"hasPixelData":true,"hasPixelsProperty":true,"pixelsIsArray":true,"pixelsLength":827}
2026-01-28 15:42:13 [warn]: [Pixels][GET] ✅ Returning cached pixel data {"reqId":"get-1769582533603-z6hvvzt83","territoryId":"california","pixelsLength":827,"filledPixels":827,"revision":40,"updatedAt":"2026-01-28T06:42:04.296Z"}
2026-01-28 15:42:40 [info]: [Pixels] 🔍 POST /tiles START {"reqId":"tiles-1769582560611-1uztmqw9t","territoryIdRaw":"california","contentLength":4759,"tilesCount":5,"bodyKeys":["tiles"],"tilesType":"object","tilesIsArray":true,"tilesSample":{"tileId":"california:0:1","pixels":[{"x":15,"y":16,"color":"#ff0000"},{"x":14,"y":17,"color":"#ff0000"},{"x":15,"y":17,"color":"#ff0000"},{"x":13,"y":18,"color":"#ff0000"},{"x":14,"y":18,"color":"#ff0000"},{"x":15,"y":18,"color":"#ff0000"},{"x":14,"y":19,"color":"#ff0000"},{"x":12,"y":29,"color":"#ff0000"},{"x":11,"y":30,"color":"#ff0000"},{"x":12,"y":30,"color":"#ff0000"},{"x":13,"y":30,"color":"#ff0000"},{"x":11,"y":31,"color":"#ff0000"},{"x":12,"y":31,"color":"#ff0000"},{"x":13,"y":31,"color":"#ff0000"}],"revision":0}}
2026-01-28 15:42:40 [warn]: [Pixels][POST] 🔍 Tile revision check {"reqId":"tiles-1769582560611-1uztmqw9t","territoryId":"california","tileId":"california:0:1","clientRevision":0,"clientRevisionType":"number","currentRevision":1,"currentRevisionRaw":1,"currentRevisionType":"number","pixelsCount":14}
2026-01-28 15:42:40 [warn]: [Pixels][POST] 🔍 Revision comparison {"reqId":"tiles-1769582560611-1uztmqw9t","territoryId":"california","tileId":"california:0:1","isFirstSave":true,"clientRevNum":0,"serverRevNum":1,"revisionMatch":false,"canProceed":true,"conflictReason":""}
2026-01-28 15:42:40 [warn]: [Pixels][POST] ✅ First save for tile california:0:1 {"reqId":"tiles-1769582560611-1uztmqw9t","territoryId":"california","tileId":"california:0:1","clientRevision":0,"currentRevision":1}
2026-01-28 15:42:41 [warn]: [Pixels][POST] ✅ Tile revision map updated {"reqId":"tiles-1769582560611-1uztmqw9t","territoryId":"california","tileId":"california:0:1","tileRevKey":"territory_tile_rev:california","revision":"2","hsetResult":0,"hsetResultType":"number"}
2026-01-28 15:42:41 [error]: [Pixels][POST] ❌ CRITICAL: hset verification failed {"reqId":"tiles-1769582560611-1uztmqw9t","territoryId":"california","tileId":"california:0:1","tileRevKey":"territory_tile_rev:california","expectedRevision":"2","actualRevision":2,"verifyValueType":"number"}
2026-01-28 15:42:41 [info]: [Pixels] ✅ Tile saved {"reqId":"tiles-1769582560611-1uztmqw9t","territoryId":"california","tileId":"california:0:1","revision":2,"pixelsCount":14}
2026-01-28 15:42:41 [warn]: [Pixels][POST] 🔍 Tile revision check {"reqId":"tiles-1769582560611-1uztmqw9t","territoryId":"california","tileId":"california:0:2","clientRevision":0,"clientRevisionType":"number","currentRevision":1,"currentRevisionRaw":1,"currentRevisionType":"number","pixelsCount":12}
2026-01-28 15:42:41 [warn]: [Pixels][POST] 🔍 Revision comparison {"reqId":"tiles-1769582560611-1uztmqw9t","territoryId":"california","tileId":"california:0:2","isFirstSave":true,"clientRevNum":0,"serverRevNum":1,"revisionMatch":false,"canProceed":true,"conflictReason":""}
2026-01-28 15:42:41 [warn]: [Pixels][POST] ✅ First save for tile california:0:2 {"reqId":"tiles-1769582560611-1uztmqw9t","territoryId":"california","tileId":"california:0:2","clientRevision":0,"currentRevision":1}
2026-01-28 15:42:41 [warn]: [Pixels][POST] ✅ Tile revision map updated {"reqId":"tiles-1769582560611-1uztmqw9t","territoryId":"california","tileId":"california:0:2","tileRevKey":"territory_tile_rev:california","revision":"2","hsetResult":0,"hsetResultType":"number"}
2026-01-28 15:42:41 [error]: [Pixels][POST] ❌ CRITICAL: hset verification failed {"reqId":"tiles-1769582560611-1uztmqw9t","territoryId":"california","tileId":"california:0:2","tileRevKey":"territory_tile_rev:california","expectedRevision":"2","actualRevision":2,"verifyValueType":"number"}
2026-01-28 15:42:41 [info]: [Pixels] ✅ Tile saved {"reqId":"tiles-1769582560611-1uztmqw9t","territoryId":"california","tileId":"california:0:2","revision":2,"pixelsCount":12}
2026-01-28 15:42:41 [warn]: [Pixels][POST] 🔍 Tile revision check {"reqId":"tiles-1769582560611-1uztmqw9t","territoryId":"california","tileId":"california:1:2","clientRevision":0,"clientRevisionType":"number","currentRevision":1,"currentRevisionRaw":1,"currentRevisionType":"number","pixelsCount":48}
2026-01-28 15:42:41 [warn]: [Pixels][POST] 🔍 Revision comparison {"reqId":"tiles-1769582560611-1uztmqw9t","territoryId":"california","tileId":"california:1:2","isFirstSave":true,"clientRevNum":0,"serverRevNum":1,"revisionMatch":false,"canProceed":true,"conflictReason":""}
2026-01-28 15:42:41 [warn]: [Pixels][POST] ✅ First save for tile california:1:2 {"reqId":"tiles-1769582560611-1uztmqw9t","territoryId":"california","tileId":"california:1:2","clientRevision":0,"currentRevision":1}
2026-01-28 15:42:41 [warn]: [Pixels][POST] ✅ Tile revision map updated {"reqId":"tiles-1769582560611-1uztmqw9t","territoryId":"california","tileId":"california:1:2","tileRevKey":"territory_tile_rev:california","revision":"2","hsetResult":0,"hsetResultType":"number"}
2026-01-28 15:42:41 [error]: [Pixels][POST] ❌ CRITICAL: hset verification failed {"reqId":"tiles-1769582560611-1uztmqw9t","territoryId":"california","tileId":"california:1:2","tileRevKey":"territory_tile_rev:california","expectedRevision":"2","actualRevision":2,"verifyValueType":"number"}
2026-01-28 15:42:41 [info]: [Pixels] ✅ Tile saved {"reqId":"tiles-1769582560611-1uztmqw9t","territoryId":"california","tileId":"california:1:2","revision":2,"pixelsCount":48}
2026-01-28 15:42:41 [warn]: [Pixels][POST] 🔍 Tile revision check {"reqId":"tiles-1769582560611-1uztmqw9t","territoryId":"california","tileId":"california:2:2","clientRevision":0,"clientRevisionType":"number","currentRevision":1,"currentRevisionRaw":1,"currentRevisionType":"number","pixelsCount":39}
2026-01-28 15:42:41 [warn]: [Pixels][POST] 🔍 Revision comparison {"reqId":"tiles-1769582560611-1uztmqw9t","territoryId":"california","tileId":"california:2:2","isFirstSave":true,"clientRevNum":0,"serverRevNum":1,"revisionMatch":false,"canProceed":true,"conflictReason":""}
2026-01-28 15:42:41 [warn]: [Pixels][POST] ✅ First save for tile california:2:2 {"reqId":"tiles-1769582560611-1uztmqw9t","territoryId":"california","tileId":"california:2:2","clientRevision":0,"currentRevision":1}
2026-01-28 15:42:41 [warn]: [Pixels][POST] ✅ Tile revision map updated {"reqId":"tiles-1769582560611-1uztmqw9t","territoryId":"california","tileId":"california:2:2","tileRevKey":"territory_tile_rev:california","revision":"2","hsetResult":0,"hsetResultType":"number"}
2026-01-28 15:42:41 [error]: [Pixels][POST] ❌ CRITICAL: hset verification failed {"reqId":"tiles-1769582560611-1uztmqw9t","territoryId":"california","tileId":"california:2:2","tileRevKey":"territory_tile_rev:california","expectedRevision":"2","actualRevision":2,"verifyValueType":"number"}
2026-01-28 15:42:41 [info]: [Pixels] ✅ Tile saved {"reqId":"tiles-1769582560611-1uztmqw9t","territoryId":"california","tileId":"california:2:2","revision":2,"pixelsCount":39}
2026-01-28 15:42:41 [warn]: [Pixels][POST] 🔍 Tile revision check {"reqId":"tiles-1769582560611-1uztmqw9t","territoryId":"california","tileId":"california:2:1","clientRevision":0,"clientRevisionType":"number","currentRevision":2,"currentRevisionRaw":2,"currentRevisionType":"number","pixelsCount":19}
2026-01-28 15:42:41 [warn]: [Pixels][POST] 🔍 Revision comparison {"reqId":"tiles-1769582560611-1uztmqw9t","territoryId":"california","tileId":"california:2:1","isFirstSave":true,"clientRevNum":0,"serverRevNum":2,"revisionMatch":false,"canProceed":true,"conflictReason":""}
2026-01-28 15:42:41 [warn]: [Pixels][POST] ✅ First save for tile california:2:1 {"reqId":"tiles-1769582560611-1uztmqw9t","territoryId":"california","tileId":"california:2:1","clientRevision":0,"currentRevision":2}
2026-01-28 15:42:41 [warn]: [Pixels][POST] ✅ Tile revision map updated {"reqId":"tiles-1769582560611-1uztmqw9t","territoryId":"california","tileId":"california:2:1","tileRevKey":"territory_tile_rev:california","revision":"3","hsetResult":0,"hsetResultType":"number"}
2026-01-28 15:42:41 [error]: [Pixels][POST] ❌ CRITICAL: hset verification failed {"reqId":"tiles-1769582560611-1uztmqw9t","territoryId":"california","tileId":"california:2:1","tileRevKey":"territory_tile_rev:california","expectedRevision":"3","actualRevision":3,"verifyValueType":"number"}
2026-01-28 15:42:41 [info]: [Pixels] ✅ Tile saved {"reqId":"tiles-1769582560611-1uztmqw9t","territoryId":"california","tileId":"california:2:1","revision":3,"pixelsCount":19}
2026-01-28 15:42:42 [warn]: [Pixels][POST] 📊 Final tile revision map after save {"reqId":"tiles-1769582560611-1uztmqw9t","territoryId":"california","tileRevKey":"territory_tile_rev:california","tileCount":13,"expectedTileCount":5,"savedTileCount":5,"tileIds":["california:2:1","california:4:4","california:0:0","california:1:0","california:2:2","california:3:5","california:0:2","california:1:2","california:0:1","california:2:0","california:3:4","california:4:5","california:1:1"],"savedTiles":["california:0:1","california:0:2","california:1:2","california:2:2","california:2:1"],"missingTiles":[],"match":false,"tileVerificationResults":[{"tileId":"california:0:1","tileKey":"tile_data:california:0:1","exists":true},{"tileId":"california:0:2","tileKey":"tile_data:california:0:2","exists":true},{"tileId":"california:1:2","tileKey":"tile_data:california:1:2","exists":true},{"tileId":"california:2:2","tileKey":"tile_data:california:2:2","exists":true},{"tileId":"california:2:1","tileKey":"tile_data:california:2:1","exists":true}],"tilesNotInRedis":[]}
2026-01-28 15:42:42 [info]: [Pixels] 🔍 POST /pixels START {"reqId":"req-1769582562448-glmio0hsv","territoryIdRaw":"california","contentLength":33242,"payloadPixelsLen":455,"payloadEncodedLen":0,"isDelta":false,"width":128,"height":128,"pixelsType":"object","pixelsIsArray":true,"bodyKeys":["pixels","width","height"]}
2026-01-28 15:42:42 [info]: [Pixels] 🔍 Territory ID normalized {"reqId":"req-1769582562448-glmio0hsv","territoryIdRaw":"california","territoryIdNormalized":"california","redisKey":"pixel_data:california","wasDisplayId":false}
2026-01-28 15:42:42 [warn]: [Pixels][GET] ENTER route=v2 pid=26024 file=pixels.js commit=unknown reqId=get-1769582562499-khqcchbce {"territoryIdParam":"california","url":"/","method":"GET"}
2026-01-28 15:42:42 [warn]: [Pixels][GET] CP1 territoryId normalized {"reqId":"get-1769582562499-khqcchbce","territoryIdRaw":"california","territoryIdNormalized":"california","wasDisplayId":false}
2026-01-28 15:42:42 [warn]: [Pixels][GET] CP2 read pixel_data done {"reqId":"get-1769582562499-khqcchbce","territoryId":"california","redisKey":"pixel_data:california","hasData":false,"pixelsLength":0,"filledPixels":0,"revision":0,"dataType":"object","pixelDataKeys":[],"pixelDataRawType":"object","pixelDataRawIsNull":true,"pixelDataRawIsUndefined":false}
2026-01-28 15:42:42 [warn]: [Pixels][GET] CP3 pixelDataValid evaluated {"reqId":"get-1769582562499-khqcchbce","territoryId":"california","pixelDataValid":null,"hasPixelData":false,"hasPixelsProperty":false,"pixelsIsArray":false,"pixelsLength":0}
2026-01-28 15:42:42 [warn]: [Pixels][GET] ⚠️ No valid cached pixel data, checking tile system {"reqId":"get-1769582562499-khqcchbce","territoryId":"california","hasPixelData":false,"pixelsLength":0,"pixelDataType":"null"}
2026-01-28 15:42:42 [warn]: [Pixels][GET] CP4 tileRevMap read done {"reqId":"get-1769582562499-khqcchbce","territoryId":"california","tileRevKey":"territory_tile_rev:california","hasTileRevisionMap":true,"tileRevisionMapType":"object","tileRevisionMapKeys":["california:4:4","california:0:0","california:2:0","california:2:2","california:3:4","california:3:5","california:0:2","california:1:1","california:2:1","california:0:1","california:1:0","california:4:5","california:1:2"],"tileRevisionMapLength":13,"tileRevisionMapSample":[["california:4:4",8],["california:0:0",1],["california:2:0",2]],"tileRevisionMapIsEmpty":false}
2026-01-28 15:42:42 [warn]: [Pixels][GET] 🔍 Loading tiles from tile system {"reqId":"get-1769582562499-khqcchbce","territoryId":"california","tileCount":13,"tileIds":["california:4:4","california:0:0","california:2:0","california:2:2","california:3:4","california:3:5","california:0:2","california:1:1","california:2:1","california:0:1"]}
2026-01-28 15:42:42 [warn]: [Pixels][GET] 🔍 Loading 13 tiles from tile system {"reqId":"get-1769582562499-khqcchbce","territoryId":"california","tileIds":["california:4:4","california:0:0","california:2:0","california:2:2","california:3:4","california:3:5","california:0:2","california:1:1","california:2:1","california:0:1"]}
2026-01-28 15:42:42 [info]: [Pixels] 🔍 Before save {"reqId":"req-1769582562448-glmio0hsv","territoryId":"california","redisKey":"pixel_data:california","payloadPixelsLen":455,"finalPixelsLen":455,"finalWidth":128,"finalHeight":128,"revisionToWrite":2,"incomingRevision":0,"isDelta":false}
2026-01-28 15:42:42 [info]: [Pixels] ✅ Save completed {"reqId":"req-1769582562448-glmio0hsv","territoryId":"california","redisKey":"pixel_data:california","payloadPixelsLen":455,"finalPixelsLen":455,"verifiedPixelsLen":455,"storedRevision":2,"updatedAt":"2026-01-28T06:42:42.640Z"}
2026-01-28 15:42:43 [warn]: [Pixels][GET] ENTER route=v2 pid=26024 file=pixels.js commit=unknown reqId=get-1769582563135-1pjsr4esg {"territoryIdParam":"california","url":"/","method":"GET"}
2026-01-28 15:42:43 [warn]: [Pixels][GET] CP1 territoryId normalized {"reqId":"get-1769582563135-1pjsr4esg","territoryIdRaw":"california","territoryIdNormalized":"california","wasDisplayId":false}
2026-01-28 15:42:43 [warn]: [Pixels][GET] ENTER route=v2 pid=26024 file=pixels.js commit=unknown reqId=get-1769582563174-nrnsl24v2 {"territoryIdParam":"california","url":"/","method":"GET"}
2026-01-28 15:42:43 [warn]: [Pixels][GET] CP1 territoryId normalized {"reqId":"get-1769582563174-nrnsl24v2","territoryIdRaw":"california","territoryIdNormalized":"california","wasDisplayId":false}
2026-01-28 15:42:43 [warn]: [Pixels][GET] 📊 Tile loading summary {"reqId":"get-1769582562499-khqcchbce","territoryId":"california","totalTilesInMap":13,"tilesLoaded":13,"tilesWithPixels":13,"tilesEmpty":0,"tilesError":0,"totalPixelsCollected":701}
2026-01-28 15:42:43 [warn]: [Pixels][GET] CP2 read pixel_data done {"reqId":"get-1769582563135-1pjsr4esg","territoryId":"california","redisKey":"pixel_data:california","hasData":true,"pixelsLength":455,"filledPixels":455,"revision":2,"dataType":"object","pixelDataKeys":["territoryId","pixels","width","height","filledPixels","lastUpdated","ownerId","revision","updatedAt"],"pixelDataRawType":"object","pixelDataRawIsNull":false,"pixelDataRawIsUndefined":false}
2026-01-28 15:42:43 [warn]: [Pixels][GET] CP3 pixelDataValid evaluated {"reqId":"get-1769582563135-1pjsr4esg","territoryId":"california","pixelDataValid":true,"hasPixelData":true,"hasPixelsProperty":true,"pixelsIsArray":true,"pixelsLength":455}
2026-01-28 15:42:43 [warn]: [Pixels][GET] ✅ Returning cached pixel data {"reqId":"get-1769582563135-1pjsr4esg","territoryId":"california","pixelsLength":455,"filledPixels":455,"revision":2,"updatedAt":"2026-01-28T06:42:42.640Z"}
2026-01-28 15:42:43 [warn]: [Pixels][GET] CP2 read pixel_data done {"reqId":"get-1769582563174-nrnsl24v2","territoryId":"california","redisKey":"pixel_data:california","hasData":true,"pixelsLength":455,"filledPixels":455,"revision":2,"dataType":"object","pixelDataKeys":["territoryId","pixels","width","height","filledPixels","lastUpdated","ownerId","revision","updatedAt"],"pixelDataRawType":"object","pixelDataRawIsNull":false,"pixelDataRawIsUndefined":false}
2026-01-28 15:42:43 [warn]: [Pixels][GET] CP3 pixelDataValid evaluated {"reqId":"get-1769582563174-nrnsl24v2","territoryId":"california","pixelDataValid":true,"hasPixelData":true,"hasPixelsProperty":true,"pixelsIsArray":true,"pixelsLength":455}
2026-01-28 15:42:43 [warn]: [Pixels][GET] ✅ Returning cached pixel data {"reqId":"get-1769582563174-nrnsl24v2","territoryId":"california","pixelsLength":455,"filledPixels":455,"revision":2,"updatedAt":"2026-01-28T06:42:42.640Z"}
2026-01-28 15:42:43 [warn]: [Pixels][GET] ENTER route=v2 pid=26024 file=pixels.js commit=unknown reqId=get-1769582563263-wxg5nz1oh {"territoryIdParam":"california","url":"/","method":"GET"}
2026-01-28 15:42:43 [warn]: [Pixels][GET] CP1 territoryId normalized {"reqId":"get-1769582563263-wxg5nz1oh","territoryIdRaw":"california","territoryIdNormalized":"california","wasDisplayId":false}
2026-01-28 15:42:43 [warn]: [Pixels][GET] ✅ Cached combined tile data {"reqId":"get-1769582562499-khqcchbce","territoryId":"california","pixelsLength":701,"cacheKey":"pixel_data:california"}
2026-01-28 15:42:43 [warn]: [Pixels][GET] CP5 tile merge done {"reqId":"get-1769582562499-khqcchbce","territoryId":"california","pixelsLength":701,"filledPixels":701,"revision":41,"width":128,"height":128,"tilesProcessed":13,"tilesWithData":13}
2026-01-28 15:42:43 [warn]: [Pixels][GET] CP2 read pixel_data done {"reqId":"get-1769582563263-wxg5nz1oh","territoryId":"california","redisKey":"pixel_data:california","hasData":true,"pixelsLength":701,"filledPixels":701,"revision":41,"dataType":"object","pixelDataKeys":["territoryId","pixels","width","height","filledPixels","lastUpdated","revision","updatedAt"],"pixelDataRawType":"object","pixelDataRawIsNull":false,"pixelDataRawIsUndefined":false}
2026-01-28 15:42:43 [warn]: [Pixels][GET] CP3 pixelDataValid evaluated {"reqId":"get-1769582563263-wxg5nz1oh","territoryId":"california","pixelDataValid":true,"hasPixelData":true,"hasPixelsProperty":true,"pixelsIsArray":true,"pixelsLength":701}
2026-01-28 15:42:43 [warn]: [Pixels][GET] ✅ Returning cached pixel data {"reqId":"get-1769582563263-wxg5nz1oh","territoryId":"california","pixelsLength":701,"filledPixels":701,"revision":41,"updatedAt":"2026-01-28T06:42:41.858Z"}
2026-01-28 15:42:44 [warn]: [Pixels][GET] ENTER route=v2 pid=26024 file=pixels.js commit=unknown reqId=get-1769582564843-lu2w7duct {"territoryIdParam":"california","url":"/","method":"GET"}
2026-01-28 15:42:44 [warn]: [Pixels][GET] CP1 territoryId normalized {"reqId":"get-1769582564843-lu2w7duct","territoryIdRaw":"california","territoryIdNormalized":"california","wasDisplayId":false}
2026-01-28 15:42:44 [warn]: [Pixels][GET] CP2 read pixel_data done {"reqId":"get-1769582564843-lu2w7duct","territoryId":"california","redisKey":"pixel_data:california","hasData":true,"pixelsLength":701,"filledPixels":701,"revision":41,"dataType":"object","pixelDataKeys":["territoryId","pixels","width","height","filledPixels","lastUpdated","revision","updatedAt"],"pixelDataRawType":"object","pixelDataRawIsNull":false,"pixelDataRawIsUndefined":false}
2026-01-28 15:42:44 [warn]: [Pixels][GET] CP3 pixelDataValid evaluated {"reqId":"get-1769582564843-lu2w7duct","territoryId":"california","pixelDataValid":true,"hasPixelData":true,"hasPixelsProperty":true,"pixelsIsArray":true,"pixelsLength":701}
2026-01-28 15:42:44 [warn]: [Pixels][GET] ✅ Returning cached pixel data {"reqId":"get-1769582564843-lu2w7duct","territoryId":"california","pixelsLength":701,"filledPixels":701,"revision":41,"updatedAt":"2026-01-28T06:42:41.858Z"}
2026-01-28 15:42:46 [warn]: [Pixels][GET] ENTER route=v2 pid=26024 file=pixels.js commit=unknown reqId=get-1769582566060-29z0wc2ta {"territoryIdParam":"california","url":"/","method":"GET"}
2026-01-28 15:42:46 [warn]: [Pixels][GET] CP1 territoryId normalized {"reqId":"get-1769582566060-29z0wc2ta","territoryIdRaw":"california","territoryIdNormalized":"california","wasDisplayId":false}
2026-01-28 15:42:46 [warn]: [Pixels][GET] CP2 read pixel_data done {"reqId":"get-1769582566060-29z0wc2ta","territoryId":"california","redisKey":"pixel_data:california","hasData":true,"pixelsLength":701,"filledPixels":701,"revision":41,"dataType":"object","pixelDataKeys":["territoryId","pixels","width","height","filledPixels","lastUpdated","revision","updatedAt"],"pixelDataRawType":"object","pixelDataRawIsNull":false,"pixelDataRawIsUndefined":false}
2026-01-28 15:42:46 [warn]: [Pixels][GET] CP3 pixelDataValid evaluated {"reqId":"get-1769582566060-29z0wc2ta","territoryId":"california","pixelDataValid":true,"hasPixelData":true,"hasPixelsProperty":true,"pixelsIsArray":true,"pixelsLength":701}
2026-01-28 15:42:46 [warn]: [Pixels][GET] ✅ Returning cached pixel data {"reqId":"get-1769582566060-29z0wc2ta","territoryId":"california","pixelsLength":701,"filledPixels":701,"revision":41,"updatedAt":"2026-01-28T06:42:41.858Z"}
2026-01-28 15:43:07 [info]: [Pixels] 🔍 POST /tiles START {"reqId":"tiles-1769582587590-ptjrzv7zf","territoryIdRaw":"california","contentLength":223,"tilesCount":4,"bodyKeys":["tiles"],"tilesType":"object","tilesIsArray":true,"tilesSample":{"tileId":"california:1:2","pixels":[],"revision":0}}
2026-01-28 15:43:07 [warn]: [Pixels][POST] 🔍 Tile revision check {"reqId":"tiles-1769582587590-ptjrzv7zf","territoryId":"california","tileId":"california:1:2","clientRevision":0,"clientRevisionType":"number","currentRevision":2,"currentRevisionRaw":2,"currentRevisionType":"number","pixelsCount":0}
2026-01-28 15:43:07 [warn]: [Pixels][POST] 🔍 Revision comparison {"reqId":"tiles-1769582587590-ptjrzv7zf","territoryId":"california","tileId":"california:1:2","isFirstSave":true,"clientRevNum":0,"serverRevNum":2,"revisionMatch":false,"canProceed":true,"conflictReason":""}
2026-01-28 15:43:07 [warn]: [Pixels][POST] ✅ First save for tile california:1:2 {"reqId":"tiles-1769582587590-ptjrzv7zf","territoryId":"california","tileId":"california:1:2","clientRevision":0,"currentRevision":2}
2026-01-28 15:43:08 [warn]: [Pixels][POST] ✅ Tile revision map updated {"reqId":"tiles-1769582587590-ptjrzv7zf","territoryId":"california","tileId":"california:1:2","tileRevKey":"territory_tile_rev:california","revision":"3","hsetResult":0,"hsetResultType":"number"}
2026-01-28 15:43:08 [error]: [Pixels][POST] ❌ CRITICAL: hset verification failed {"reqId":"tiles-1769582587590-ptjrzv7zf","territoryId":"california","tileId":"california:1:2","tileRevKey":"territory_tile_rev:california","expectedRevision":"3","actualRevision":3,"verifyValueType":"number"}
2026-01-28 15:43:08 [info]: [Pixels] ✅ Tile saved {"reqId":"tiles-1769582587590-ptjrzv7zf","territoryId":"california","tileId":"california:1:2","revision":3,"pixelsCount":0}
2026-01-28 15:43:08 [warn]: [Pixels][POST] 🔍 Tile revision check {"reqId":"tiles-1769582587590-ptjrzv7zf","territoryId":"california","tileId":"california:2:2","clientRevision":0,"clientRevisionType":"number","currentRevision":2,"currentRevisionRaw":2,"currentRevisionType":"number","pixelsCount":0}
2026-01-28 15:43:08 [warn]: [Pixels][POST] 🔍 Revision comparison {"reqId":"tiles-1769582587590-ptjrzv7zf","territoryId":"california","tileId":"california:2:2","isFirstSave":true,"clientRevNum":0,"serverRevNum":2,"revisionMatch":false,"canProceed":true,"conflictReason":""}
2026-01-28 15:43:08 [warn]: [Pixels][POST] ✅ First save for tile california:2:2 {"reqId":"tiles-1769582587590-ptjrzv7zf","territoryId":"california","tileId":"california:2:2","clientRevision":0,"currentRevision":2}
2026-01-28 15:43:08 [warn]: [Pixels][POST] ✅ Tile revision map updated {"reqId":"tiles-1769582587590-ptjrzv7zf","territoryId":"california","tileId":"california:2:2","tileRevKey":"territory_tile_rev:california","revision":"3","hsetResult":0,"hsetResultType":"number"}
2026-01-28 15:43:08 [error]: [Pixels][POST] ❌ CRITICAL: hset verification failed {"reqId":"tiles-1769582587590-ptjrzv7zf","territoryId":"california","tileId":"california:2:2","tileRevKey":"territory_tile_rev:california","expectedRevision":"3","actualRevision":3,"verifyValueType":"number"}
2026-01-28 15:43:08 [info]: [Pixels] ✅ Tile saved {"reqId":"tiles-1769582587590-ptjrzv7zf","territoryId":"california","tileId":"california:2:2","revision":3,"pixelsCount":0}
2026-01-28 15:43:08 [warn]: [Pixels][POST] 🔍 Tile revision check {"reqId":"tiles-1769582587590-ptjrzv7zf","territoryId":"california","tileId":"california:2:1","clientRevision":0,"clientRevisionType":"number","currentRevision":3,"currentRevisionRaw":3,"currentRevisionType":"number","pixelsCount":0}
2026-01-28 15:43:08 [warn]: [Pixels][POST] 🔍 Revision comparison {"reqId":"tiles-1769582587590-ptjrzv7zf","territoryId":"california","tileId":"california:2:1","isFirstSave":true,"clientRevNum":0,"serverRevNum":3,"revisionMatch":false,"canProceed":true,"conflictReason":""}
2026-01-28 15:43:08 [warn]: [Pixels][POST] ✅ First save for tile california:2:1 {"reqId":"tiles-1769582587590-ptjrzv7zf","territoryId":"california","tileId":"california:2:1","clientRevision":0,"currentRevision":3}
2026-01-28 15:43:08 [warn]: [Pixels][POST] ✅ Tile revision map updated {"reqId":"tiles-1769582587590-ptjrzv7zf","territoryId":"california","tileId":"california:2:1","tileRevKey":"territory_tile_rev:california","revision":"4","hsetResult":0,"hsetResultType":"number"}
2026-01-28 15:43:08 [error]: [Pixels][POST] ❌ CRITICAL: hset verification failed {"reqId":"tiles-1769582587590-ptjrzv7zf","territoryId":"california","tileId":"california:2:1","tileRevKey":"territory_tile_rev:california","expectedRevision":"4","actualRevision":4,"verifyValueType":"number"}
2026-01-28 15:43:08 [info]: [Pixels] ✅ Tile saved {"reqId":"tiles-1769582587590-ptjrzv7zf","territoryId":"california","tileId":"california:2:1","revision":4,"pixelsCount":0}
2026-01-28 15:43:08 [warn]: [Pixels][POST] 🔍 Tile revision check {"reqId":"tiles-1769582587590-ptjrzv7zf","territoryId":"california","tileId":"california:2:0","clientRevision":0,"clientRevisionType":"number","currentRevision":2,"currentRevisionRaw":2,"currentRevisionType":"number","pixelsCount":0}
2026-01-28 15:43:08 [warn]: [Pixels][POST] 🔍 Revision comparison {"reqId":"tiles-1769582587590-ptjrzv7zf","territoryId":"california","tileId":"california:2:0","isFirstSave":true,"clientRevNum":0,"serverRevNum":2,"revisionMatch":false,"canProceed":true,"conflictReason":""}
2026-01-28 15:43:08 [warn]: [Pixels][POST] ✅ First save for tile california:2:0 {"reqId":"tiles-1769582587590-ptjrzv7zf","territoryId":"california","tileId":"california:2:0","clientRevision":0,"currentRevision":2}
2026-01-28 15:43:08 [warn]: [Pixels][POST] ✅ Tile revision map updated {"reqId":"tiles-1769582587590-ptjrzv7zf","territoryId":"california","tileId":"california:2:0","tileRevKey":"territory_tile_rev:california","revision":"3","hsetResult":0,"hsetResultType":"number"}
2026-01-28 15:43:08 [error]: [Pixels][POST] ❌ CRITICAL: hset verification failed {"reqId":"tiles-1769582587590-ptjrzv7zf","territoryId":"california","tileId":"california:2:0","tileRevKey":"territory_tile_rev:california","expectedRevision":"3","actualRevision":3,"verifyValueType":"number"}
2026-01-28 15:43:08 [info]: [Pixels] ✅ Tile saved {"reqId":"tiles-1769582587590-ptjrzv7zf","territoryId":"california","tileId":"california:2:0","revision":3,"pixelsCount":0}
2026-01-28 15:43:08 [warn]: [Pixels][POST] 📊 Final tile revision map after save {"reqId":"tiles-1769582587590-ptjrzv7zf","territoryId":"california","tileRevKey":"territory_tile_rev:california","tileCount":13,"expectedTileCount":4,"savedTileCount":4,"tileIds":["california:1:1","california:0:0","california:2:0","california:4:5","california:0:2","california:1:2","california:2:1","california:4:4","california:0:1","california:1:0","california:2:2","california:3:4","california:3:5"],"savedTiles":["california:1:2","california:2:2","california:2:1","california:2:0"],"missingTiles":[],"match":false,"tileVerificationResults":[{"tileId":"california:1:2","tileKey":"tile_data:california:1:2","exists":true},{"tileId":"california:2:2","tileKey":"tile_data:california:2:2","exists":true},{"tileId":"california:2:1","tileKey":"tile_data:california:2:1","exists":true},{"tileId":"california:2:0","tileKey":"tile_data:california:2:0","exists":true}],"tilesNotInRedis":[]}
2026-01-28 15:43:09 [info]: [Pixels] 🔍 POST /pixels START {"reqId":"req-1769582589092-7pr8bg7yc","territoryIdRaw":"california","contentLength":14494,"payloadPixelsLen":237,"payloadEncodedLen":0,"isDelta":false,"width":128,"height":128,"pixelsType":"object","pixelsIsArray":true,"bodyKeys":["pixels","width","height"]}
2026-01-28 15:43:09 [info]: [Pixels] 🔍 Territory ID normalized {"reqId":"req-1769582589092-7pr8bg7yc","territoryIdRaw":"california","territoryIdNormalized":"california","redisKey":"pixel_data:california","wasDisplayId":false}
2026-01-28 15:43:09 [warn]: [Pixels][GET] ENTER route=v2 pid=26024 file=pixels.js commit=unknown reqId=get-1769582589142-85okmp38i {"territoryIdParam":"california","url":"/","method":"GET"}
2026-01-28 15:43:09 [warn]: [Pixels][GET] CP1 territoryId normalized {"reqId":"get-1769582589142-85okmp38i","territoryIdRaw":"california","territoryIdNormalized":"california","wasDisplayId":false}
2026-01-28 15:43:09 [warn]: [Pixels][GET] CP2 read pixel_data done {"reqId":"get-1769582589142-85okmp38i","territoryId":"california","redisKey":"pixel_data:california","hasData":false,"pixelsLength":0,"filledPixels":0,"revision":0,"dataType":"object","pixelDataKeys":[],"pixelDataRawType":"object","pixelDataRawIsNull":true,"pixelDataRawIsUndefined":false}
2026-01-28 15:43:09 [warn]: [Pixels][GET] CP3 pixelDataValid evaluated {"reqId":"get-1769582589142-85okmp38i","territoryId":"california","pixelDataValid":null,"hasPixelData":false,"hasPixelsProperty":false,"pixelsIsArray":false,"pixelsLength":0}
2026-01-28 15:43:09 [warn]: [Pixels][GET] ⚠️ No valid cached pixel data, checking tile system {"reqId":"get-1769582589142-85okmp38i","territoryId":"california","hasPixelData":false,"pixelsLength":0,"pixelDataType":"null"}
2026-01-28 15:43:09 [warn]: [Pixels][GET] CP4 tileRevMap read done {"reqId":"get-1769582589142-85okmp38i","territoryId":"california","tileRevKey":"territory_tile_rev:california","hasTileRevisionMap":true,"tileRevisionMapType":"object","tileRevisionMapKeys":["california:3:4","california:4:5","california:1:1","california:4:4","california:0:0","california:0:1","california:1:0","california:2:0","california:3:5","california:0:2","california:1:2","california:2:1","california:2:2"],"tileRevisionMapLength":13,"tileRevisionMapSample":[["california:3:4",5],["california:4:5",19],["california:1:1",2]],"tileRevisionMapIsEmpty":false}
2026-01-28 15:43:09 [warn]: [Pixels][GET] 🔍 Loading tiles from tile system {"reqId":"get-1769582589142-85okmp38i","territoryId":"california","tileCount":13,"tileIds":["california:3:4","california:4:5","california:1:1","california:4:4","california:0:0","california:0:1","california:1:0","california:2:0","california:3:5","california:0:2"]}
2026-01-28 15:43:09 [warn]: [Pixels][GET] 🔍 Loading 13 tiles from tile system {"reqId":"get-1769582589142-85okmp38i","territoryId":"california","tileIds":["california:3:4","california:4:5","california:1:1","california:4:4","california:0:0","california:0:1","california:1:0","california:2:0","california:3:5","california:0:2"]}
2026-01-28 15:43:09 [info]: [Pixels] 🔍 Before save {"reqId":"req-1769582589092-7pr8bg7yc","territoryId":"california","redisKey":"pixel_data:california","payloadPixelsLen":237,"finalPixelsLen":237,"finalWidth":128,"finalHeight":128,"revisionToWrite":3,"incomingRevision":0,"isDelta":false}
2026-01-28 15:43:09 [info]: [Pixels] ✅ Save completed {"reqId":"req-1769582589092-7pr8bg7yc","territoryId":"california","redisKey":"pixel_data:california","payloadPixelsLen":237,"finalPixelsLen":237,"verifiedPixelsLen":237,"storedRevision":3,"updatedAt":"2026-01-28T06:43:09.305Z"}
2026-01-28 15:43:09 [warn]: [Pixels][GET] ENTER route=v2 pid=26024 file=pixels.js commit=unknown reqId=get-1769582589717-cs61ia1mb {"territoryIdParam":"california","url":"/","method":"GET"}
2026-01-28 15:43:09 [warn]: [Pixels][GET] CP1 territoryId normalized {"reqId":"get-1769582589717-cs61ia1mb","territoryIdRaw":"california","territoryIdNormalized":"california","wasDisplayId":false}
2026-01-28 15:43:09 [warn]: [Pixels][GET] ENTER route=v2 pid=26024 file=pixels.js commit=unknown reqId=get-1769582589755-rwp1q0bre {"territoryIdParam":"california","url":"/","method":"GET"}
2026-01-28 15:43:09 [warn]: [Pixels][GET] CP1 territoryId normalized {"reqId":"get-1769582589755-rwp1q0bre","territoryIdRaw":"california","territoryIdNormalized":"california","wasDisplayId":false}
2026-01-28 15:43:09 [warn]: [Pixels][GET] CP2 read pixel_data done {"reqId":"get-1769582589717-cs61ia1mb","territoryId":"california","redisKey":"pixel_data:california","hasData":true,"pixelsLength":237,"filledPixels":237,"revision":3,"dataType":"object","pixelDataKeys":["territoryId","pixels","width","height","filledPixels","lastUpdated","ownerId","revision","updatedAt"],"pixelDataRawType":"object","pixelDataRawIsNull":false,"pixelDataRawIsUndefined":false}
2026-01-28 15:43:09 [warn]: [Pixels][GET] CP3 pixelDataValid evaluated {"reqId":"get-1769582589717-cs61ia1mb","territoryId":"california","pixelDataValid":true,"hasPixelData":true,"hasPixelsProperty":true,"pixelsIsArray":true,"pixelsLength":237}
2026-01-28 15:43:09 [warn]: [Pixels][GET] ✅ Returning cached pixel data {"reqId":"get-1769582589717-cs61ia1mb","territoryId":"california","pixelsLength":237,"filledPixels":237,"revision":3,"updatedAt":"2026-01-28T06:43:09.305Z"}
2026-01-28 15:43:09 [warn]: [Pixels][GET] ENTER route=v2 pid=26024 file=pixels.js commit=unknown reqId=get-1769582589763-rdtmvnmvr {"territoryIdParam":"california","url":"/","method":"GET"}
2026-01-28 15:43:09 [warn]: [Pixels][GET] CP1 territoryId normalized {"reqId":"get-1769582589763-rdtmvnmvr","territoryIdRaw":"california","territoryIdNormalized":"california","wasDisplayId":false}
2026-01-28 15:43:09 [warn]: [Pixels][GET] CP2 read pixel_data done {"reqId":"get-1769582589763-rdtmvnmvr","territoryId":"california","redisKey":"pixel_data:california","hasData":true,"pixelsLength":237,"filledPixels":237,"revision":3,"dataType":"object","pixelDataKeys":["territoryId","pixels","width","height","filledPixels","lastUpdated","ownerId","revision","updatedAt"],"pixelDataRawType":"object","pixelDataRawIsNull":false,"pixelDataRawIsUndefined":false}
2026-01-28 15:43:09 [warn]: [Pixels][GET] CP3 pixelDataValid evaluated {"reqId":"get-1769582589763-rdtmvnmvr","territoryId":"california","pixelDataValid":true,"hasPixelData":true,"hasPixelsProperty":true,"pixelsIsArray":true,"pixelsLength":237}
2026-01-28 15:43:09 [warn]: [Pixels][GET] ✅ Returning cached pixel data {"reqId":"get-1769582589763-rdtmvnmvr","territoryId":"california","pixelsLength":237,"filledPixels":237,"revision":3,"updatedAt":"2026-01-28T06:43:09.305Z"}
2026-01-28 15:43:09 [warn]: [Pixels][GET] CP2 read pixel_data done {"reqId":"get-1769582589755-rwp1q0bre","territoryId":"california","redisKey":"pixel_data:california","hasData":true,"pixelsLength":237,"filledPixels":237,"revision":3,"dataType":"object","pixelDataKeys":["territoryId","pixels","width","height","filledPixels","lastUpdated","ownerId","revision","updatedAt"],"pixelDataRawType":"object","pixelDataRawIsNull":false,"pixelDataRawIsUndefined":false}
2026-01-28 15:43:09 [warn]: [Pixels][GET] CP3 pixelDataValid evaluated {"reqId":"get-1769582589755-rwp1q0bre","territoryId":"california","pixelDataValid":true,"hasPixelData":true,"hasPixelsProperty":true,"pixelsIsArray":true,"pixelsLength":237}
2026-01-28 15:43:09 [warn]: [Pixels][GET] ✅ Returning cached pixel data {"reqId":"get-1769582589755-rwp1q0bre","territoryId":"california","pixelsLength":237,"filledPixels":237,"revision":3,"updatedAt":"2026-01-28T06:43:09.305Z"}
2026-01-28 15:43:09 [warn]: [Pixels][GET] 📊 Tile loading summary {"reqId":"get-1769582589142-85okmp38i","territoryId":"california","totalTilesInMap":13,"tilesLoaded":13,"tilesWithPixels":9,"tilesEmpty":4,"tilesError":0,"totalPixelsCollected":532}
2026-01-28 15:43:10 [warn]: [Pixels][GET] ✅ Cached combined tile data {"reqId":"get-1769582589142-85okmp38i","territoryId":"california","pixelsLength":532,"cacheKey":"pixel_data:california"}
2026-01-28 15:43:10 [warn]: [Pixels][GET] CP5 tile merge done {"reqId":"get-1769582589142-85okmp38i","territoryId":"california","pixelsLength":532,"filledPixels":532,"revision":42,"width":128,"height":128,"tilesProcessed":13,"tilesWithData":13}
2026-01-28 15:43:11 [warn]: [Pixels][GET] ENTER route=v2 pid=26024 file=pixels.js commit=unknown reqId=get-1769582591422-sc12yu11k {"territoryIdParam":"california","url":"/","method":"GET"}
2026-01-28 15:43:11 [warn]: [Pixels][GET] CP1 territoryId normalized {"reqId":"get-1769582591422-sc12yu11k","territoryIdRaw":"california","territoryIdNormalized":"california","wasDisplayId":false}
2026-01-28 15:43:11 [warn]: [Pixels][GET] ENTER route=v2 pid=26024 file=pixels.js commit=unknown reqId=get-1769582591425-buhk313xc {"territoryIdParam":"california","url":"/","method":"GET"}
2026-01-28 15:43:11 [warn]: [Pixels][GET] CP1 territoryId normalized {"reqId":"get-1769582591425-buhk313xc","territoryIdRaw":"california","territoryIdNormalized":"california","wasDisplayId":false}
2026-01-28 15:43:11 [warn]: [Pixels][GET] CP2 read pixel_data done {"reqId":"get-1769582591422-sc12yu11k","territoryId":"california","redisKey":"pixel_data:california","hasData":true,"pixelsLength":532,"filledPixels":532,"revision":42,"dataType":"object","pixelDataKeys":["territoryId","pixels","width","height","filledPixels","lastUpdated","revision","updatedAt"],"pixelDataRawType":"object","pixelDataRawIsNull":false,"pixelDataRawIsUndefined":false}
2026-01-28 15:43:11 [warn]: [Pixels][GET] CP3 pixelDataValid evaluated {"reqId":"get-1769582591422-sc12yu11k","territoryId":"california","pixelDataValid":true,"hasPixelData":true,"hasPixelsProperty":true,"pixelsIsArray":true,"pixelsLength":532}
2026-01-28 15:43:11 [warn]: [Pixels][GET] ✅ Returning cached pixel data {"reqId":"get-1769582591422-sc12yu11k","territoryId":"california","pixelsLength":532,"filledPixels":532,"revision":42,"updatedAt":"2026-01-28T06:43:08.551Z"}
2026-01-28 15:43:11 [warn]: [Pixels][GET] CP2 read pixel_data done {"reqId":"get-1769582591425-buhk313xc","territoryId":"california","redisKey":"pixel_data:california","hasData":true,"pixelsLength":532,"filledPixels":532,"revision":42,"dataType":"object","pixelDataKeys":["territoryId","pixels","width","height","filledPixels","lastUpdated","revision","updatedAt"],"pixelDataRawType":"object","pixelDataRawIsNull":false,"pixelDataRawIsUndefined":false}
2026-01-28 15:43:11 [warn]: [Pixels][GET] CP3 pixelDataValid evaluated {"reqId":"get-1769582591425-buhk313xc","territoryId":"california","pixelDataValid":true,"hasPixelData":true,"hasPixelsProperty":true,"pixelsIsArray":true,"pixelsLength":532}
2026-01-28 15:43:11 [warn]: [Pixels][GET] ✅ Returning cached pixel data {"reqId":"get-1769582591425-buhk313xc","territoryId":"california","pixelsLength":532,"filledPixels":532,"revision":42,"updatedAt":"2026-01-28T06:43:08.551Z"}
2026-01-28 15:43:16 [warn]: [Pixels][GET] ENTER route=v2 pid=26024 file=pixels.js commit=unknown reqId=get-1769582596536-35u8b7sut {"territoryIdParam":"california","url":"/","method":"GET"}
2026-01-28 15:43:16 [warn]: [Pixels][GET] CP1 territoryId normalized {"reqId":"get-1769582596536-35u8b7sut","territoryIdRaw":"california","territoryIdNormalized":"california","wasDisplayId":false}
2026-01-28 15:43:16 [warn]: [Pixels][GET] ENTER route=v2 pid=26024 file=pixels.js commit=unknown reqId=get-1769582596538-xx46ohyou {"territoryIdParam":"california","url":"/","method":"GET"}
2026-01-28 15:43:16 [warn]: [Pixels][GET] CP1 territoryId normalized {"reqId":"get-1769582596538-xx46ohyou","territoryIdRaw":"california","territoryIdNormalized":"california","wasDisplayId":false}
2026-01-28 15:43:16 [warn]: [Pixels][GET] CP2 read pixel_data done {"reqId":"get-1769582596536-35u8b7sut","territoryId":"california","redisKey":"pixel_data:california","hasData":true,"pixelsLength":532,"filledPixels":532,"revision":42,"dataType":"object","pixelDataKeys":["territoryId","pixels","width","height","filledPixels","lastUpdated","revision","updatedAt"],"pixelDataRawType":"object","pixelDataRawIsNull":false,"pixelDataRawIsUndefined":false}
2026-01-28 15:43:16 [warn]: [Pixels][GET] CP3 pixelDataValid evaluated {"reqId":"get-1769582596536-35u8b7sut","territoryId":"california","pixelDataValid":true,"hasPixelData":true,"hasPixelsProperty":true,"pixelsIsArray":true,"pixelsLength":532}
2026-01-28 15:43:16 [warn]: [Pixels][GET] ✅ Returning cached pixel data {"reqId":"get-1769582596536-35u8b7sut","territoryId":"california","pixelsLength":532,"filledPixels":532,"revision":42,"updatedAt":"2026-01-28T06:43:08.551Z"}
2026-01-28 15:43:16 [warn]: [Pixels][GET] CP2 read pixel_data done {"reqId":"get-1769582596538-xx46ohyou","territoryId":"california","redisKey":"pixel_data:california","hasData":true,"pixelsLength":532,"filledPixels":532,"revision":42,"dataType":"object","pixelDataKeys":["territoryId","pixels","width","height","filledPixels","lastUpdated","revision","updatedAt"],"pixelDataRawType":"object","pixelDataRawIsNull":false,"pixelDataRawIsUndefined":false}
2026-01-28 15:43:16 [warn]: [Pixels][GET] CP3 pixelDataValid evaluated {"reqId":"get-1769582596538-xx46ohyou","territoryId":"california","pixelDataValid":true,"hasPixelData":true,"hasPixelsProperty":true,"pixelsIsArray":true,"pixelsLength":532}
2026-01-28 15:43:16 [warn]: [Pixels][GET] ✅ Returning cached pixel data {"reqId":"get-1769582596538-xx46ohyou","territoryId":"california","pixelsLength":532,"filledPixels":532,"revision":42,"updatedAt":"2026-01-28T06:43:08.551Z"}
2026-01-28 15:43:39 [warn]: [Pixels][GET] ENTER route=v2 pid=26024 file=pixels.js commit=unknown reqId=get-1769582619493-70rg8k9cm {"territoryIdParam":"california","url":"/","method":"GET"}
2026-01-28 15:43:39 [warn]: [Pixels][GET] CP1 territoryId normalized {"reqId":"get-1769582619493-70rg8k9cm","territoryIdRaw":"california","territoryIdNormalized":"california","wasDisplayId":false}
2026-01-28 15:43:39 [warn]: [Pixels][GET] CP2 read pixel_data done {"reqId":"get-1769582619493-70rg8k9cm","territoryId":"california","redisKey":"pixel_data:california","hasData":true,"pixelsLength":532,"filledPixels":532,"revision":42,"dataType":"object","pixelDataKeys":["territoryId","pixels","width","height","filledPixels","lastUpdated","revision","updatedAt"],"pixelDataRawType":"object","pixelDataRawIsNull":false,"pixelDataRawIsUndefined":false}
2026-01-28 15:43:39 [warn]: [Pixels][GET] CP3 pixelDataValid evaluated {"reqId":"get-1769582619493-70rg8k9cm","territoryId":"california","pixelDataValid":true,"hasPixelData":true,"hasPixelsProperty":true,"pixelsIsArray":true,"pixelsLength":532}
2026-01-28 15:43:39 [warn]: [Pixels][GET] ✅ Returning cached pixel data {"reqId":"get-1769582619493-70rg8k9cm","territoryId":"california","pixelsLength":532,"filledPixels":532,"revision":42,"updatedAt":"2026-01-28T06:43:08.551Z"}
2026-01-28 15:43:39 [warn]: [Pixels][GET] ENTER route=v2 pid=26024 file=pixels.js commit=unknown reqId=get-1769582619982-jjvh4rhzd {"territoryIdParam":"california","url":"/","method":"GET"}
2026-01-28 15:43:39 [warn]: [Pixels][GET] CP1 territoryId normalized {"reqId":"get-1769582619982-jjvh4rhzd","territoryIdRaw":"california","territoryIdNormalized":"california","wasDisplayId":false}
2026-01-28 15:43:40 [warn]: [Pixels][GET] CP2 read pixel_data done {"reqId":"get-1769582619982-jjvh4rhzd","territoryId":"california","redisKey":"pixel_data:california","hasData":true,"pixelsLength":532,"filledPixels":532,"revision":42,"dataType":"object","pixelDataKeys":["territoryId","pixels","width","height","filledPixels","lastUpdated","revision","updatedAt"],"pixelDataRawType":"object","pixelDataRawIsNull":false,"pixelDataRawIsUndefined":false}
2026-01-28 15:43:40 [warn]: [Pixels][GET] CP3 pixelDataValid evaluated {"reqId":"get-1769582619982-jjvh4rhzd","territoryId":"california","pixelDataValid":true,"hasPixelData":true,"hasPixelsProperty":true,"pixelsIsArray":true,"pixelsLength":532}
2026-01-28 15:43:40 [warn]: [Pixels][GET] ✅ Returning cached pixel data {"reqId":"get-1769582619982-jjvh4rhzd","territoryId":"california","pixelsLength":532,"filledPixels":532,"revision":42,"updatedAt":"2026-01-28T06:43:08.551Z"}
2026-01-28 15:43:46 [warn]: [Pixels][GET] ENTER route=v2 pid=26024 file=pixels.js commit=unknown reqId=get-1769582626262-uaf9e0bw1 {"territoryIdParam":"california","url":"/","method":"GET"}
2026-01-28 15:43:46 [warn]: [Pixels][GET] CP1 territoryId normalized {"reqId":"get-1769582626262-uaf9e0bw1","territoryIdRaw":"california","territoryIdNormalized":"california","wasDisplayId":false}
2026-01-28 15:43:46 [warn]: [Pixels][GET] CP2 read pixel_data done {"reqId":"get-1769582626262-uaf9e0bw1","territoryId":"california","redisKey":"pixel_data:california","hasData":true,"pixelsLength":532,"filledPixels":532,"revision":42,"dataType":"object","pixelDataKeys":["territoryId","pixels","width","height","filledPixels","lastUpdated","revision","updatedAt"],"pixelDataRawType":"object","pixelDataRawIsNull":false,"pixelDataRawIsUndefined":false}
2026-01-28 15:43:46 [warn]: [Pixels][GET] CP3 pixelDataValid evaluated {"reqId":"get-1769582626262-uaf9e0bw1","territoryId":"california","pixelDataValid":true,"hasPixelData":true,"hasPixelsProperty":true,"pixelsIsArray":true,"pixelsLength":532}
2026-01-28 15:43:46 [warn]: [Pixels][GET] ✅ Returning cached pixel data {"reqId":"get-1769582626262-uaf9e0bw1","territoryId":"california","pixelsLength":532,"filledPixels":532,"revision":42,"updatedAt":"2026-01-28T06:43:08.551Z"}
2026-01-28 15:43:48 [warn]: [Pixels][GET] ENTER route=v2 pid=26024 file=pixels.js commit=unknown reqId=get-1769582628065-xbyk5jujv {"territoryIdParam":"california","url":"/","method":"GET"}
2026-01-28 15:43:48 [warn]: [Pixels][GET] CP1 territoryId normalized {"reqId":"get-1769582628065-xbyk5jujv","territoryIdRaw":"california","territoryIdNormalized":"california","wasDisplayId":false}
2026-01-28 15:43:48 [warn]: [Pixels][GET] CP2 read pixel_data done {"reqId":"get-1769582628065-xbyk5jujv","territoryId":"california","redisKey":"pixel_data:california","hasData":true,"pixelsLength":532,"filledPixels":532,"revision":42,"dataType":"object","pixelDataKeys":["territoryId","pixels","width","height","filledPixels","lastUpdated","revision","updatedAt"],"pixelDataRawType":"object","pixelDataRawIsNull":false,"pixelDataRawIsUndefined":false}
2026-01-28 15:43:48 [warn]: [Pixels][GET] CP3 pixelDataValid evaluated {"reqId":"get-1769582628065-xbyk5jujv","territoryId":"california","pixelDataValid":true,"hasPixelData":true,"hasPixelsProperty":true,"pixelsIsArray":true,"pixelsLength":532}
2026-01-28 15:43:48 [warn]: [Pixels][GET] ✅ Returning cached pixel data {"reqId":"get-1769582628065-xbyk5jujv","territoryId":"california","pixelsLength":532,"filledPixels":532,"revision":42,"updatedAt":"2026-01-28T06:43:08.551Z"}
2026-01-28 15:44:21 [info]: ✅ Database connected
2026-01-28 15:44:21 [info]: 🔄 Running database migrations...
2026-01-28 15:44:21 [info]: ✅ Migrations completed
2026-01-28 15:44:21 [info]: 🔍 Validating database schema...
2026-01-28 15:44:21 [info]: ✅ Schema validation passed
2026-01-28 15:44:21 [info]: ✅ Redis connected
2026-01-28 15:44:21 [info]: 🚀 Server running on port 3000
2026-01-28 15:44:21 [info]: 📡 WebSocket server ready
2026-01-28 15:44:21 [info]: 🌍 Environment: development
2026-01-28 15:44:21 [info]: 🔗 Health check: http://0.0.0.0:3000/api/health
2026-01-28 15:45:48 [info]: [Pixels] 🔍 POST /tiles START {"reqId":"tiles-1769582748245-wtnwlj14s","territoryIdRaw":"california","contentLength":276,"tilesCount":5,"bodyKeys":["tiles"],"tilesType":"object","tilesIsArray":true,"tilesSample":{"tileId":"california:0:0","pixels":[],"revision":0}}
2026-01-28 15:45:48 [warn]: [Pixels][POST] 🔍 Tile revision check {"reqId":"tiles-1769582748245-wtnwlj14s","territoryId":"california","tileId":"california:0:0","clientRevision":0,"clientRevisionType":"number","currentRevision":1,"currentRevisionRaw":1,"currentRevisionType":"number","pixelsCount":0}
2026-01-28 15:45:48 [warn]: [Pixels][POST] 🔍 Revision comparison {"reqId":"tiles-1769582748245-wtnwlj14s","territoryId":"california","tileId":"california:0:0","isFirstSave":true,"clientRevNum":0,"serverRevNum":1,"revisionMatch":false,"canProceed":true,"conflictReason":""}
2026-01-28 15:45:48 [warn]: [Pixels][POST] ✅ First save for tile california:0:0 {"reqId":"tiles-1769582748245-wtnwlj14s","territoryId":"california","tileId":"california:0:0","clientRevision":0,"currentRevision":1}
2026-01-28 15:45:48 [warn]: [Pixels][POST] ✅ Tile revision map updated {"reqId":"tiles-1769582748245-wtnwlj14s","territoryId":"california","tileId":"california:0:0","tileRevKey":"territory_tile_rev:california","revision":"2","hsetResult":0,"hsetResultType":"number"}
2026-01-28 15:45:48 [error]: [Pixels][POST] ❌ CRITICAL: hset verification failed {"reqId":"tiles-1769582748245-wtnwlj14s","territoryId":"california","tileId":"california:0:0","tileRevKey":"territory_tile_rev:california","expectedRevision":"2","actualRevision":2,"verifyValueType":"number"}
2026-01-28 15:45:48 [info]: [Pixels] ✅ Tile saved {"reqId":"tiles-1769582748245-wtnwlj14s","territoryId":"california","tileId":"california:0:0","revision":2,"pixelsCount":0}
2026-01-28 15:45:48 [warn]: [Pixels][POST] 🔍 Tile revision check {"reqId":"tiles-1769582748245-wtnwlj14s","territoryId":"california","tileId":"california:1:0","clientRevision":0,"clientRevisionType":"number","currentRevision":1,"currentRevisionRaw":1,"currentRevisionType":"number","pixelsCount":0}
2026-01-28 15:45:48 [warn]: [Pixels][POST] 🔍 Revision comparison {"reqId":"tiles-1769582748245-wtnwlj14s","territoryId":"california","tileId":"california:1:0","isFirstSave":true,"clientRevNum":0,"serverRevNum":1,"revisionMatch":false,"canProceed":true,"conflictReason":""}
2026-01-28 15:45:48 [warn]: [Pixels][POST] ✅ First save for tile california:1:0 {"reqId":"tiles-1769582748245-wtnwlj14s","territoryId":"california","tileId":"california:1:0","clientRevision":0,"currentRevision":1}
2026-01-28 15:45:48 [warn]: [Pixels][POST] ✅ Tile revision map updated {"reqId":"tiles-1769582748245-wtnwlj14s","territoryId":"california","tileId":"california:1:0","tileRevKey":"territory_tile_rev:california","revision":"2","hsetResult":0,"hsetResultType":"number"}
2026-01-28 15:45:48 [error]: [Pixels][POST] ❌ CRITICAL: hset verification failed {"reqId":"tiles-1769582748245-wtnwlj14s","territoryId":"california","tileId":"california:1:0","tileRevKey":"territory_tile_rev:california","expectedRevision":"2","actualRevision":2,"verifyValueType":"number"}
2026-01-28 15:45:48 [info]: [Pixels] ✅ Tile saved {"reqId":"tiles-1769582748245-wtnwlj14s","territoryId":"california","tileId":"california:1:0","revision":2,"pixelsCount":0}
2026-01-28 15:45:48 [warn]: [Pixels][POST] 🔍 Tile revision check {"reqId":"tiles-1769582748245-wtnwlj14s","territoryId":"california","tileId":"california:0:1","clientRevision":0,"clientRevisionType":"number","currentRevision":2,"currentRevisionRaw":2,"currentRevisionType":"number","pixelsCount":0}
2026-01-28 15:45:48 [warn]: [Pixels][POST] 🔍 Revision comparison {"reqId":"tiles-1769582748245-wtnwlj14s","territoryId":"california","tileId":"california:0:1","isFirstSave":true,"clientRevNum":0,"serverRevNum":2,"revisionMatch":false,"canProceed":true,"conflictReason":""}
2026-01-28 15:45:48 [warn]: [Pixels][POST] ✅ First save for tile california:0:1 {"reqId":"tiles-1769582748245-wtnwlj14s","territoryId":"california","tileId":"california:0:1","clientRevision":0,"currentRevision":2}
2026-01-28 15:45:49 [warn]: [Pixels][POST] ✅ Tile revision map updated {"reqId":"tiles-1769582748245-wtnwlj14s","territoryId":"california","tileId":"california:0:1","tileRevKey":"territory_tile_rev:california","revision":"3","hsetResult":0,"hsetResultType":"number"}
2026-01-28 15:45:49 [error]: [Pixels][POST] ❌ CRITICAL: hset verification failed {"reqId":"tiles-1769582748245-wtnwlj14s","territoryId":"california","tileId":"california:0:1","tileRevKey":"territory_tile_rev:california","expectedRevision":"3","actualRevision":3,"verifyValueType":"number"}
2026-01-28 15:45:49 [info]: [Pixels] ✅ Tile saved {"reqId":"tiles-1769582748245-wtnwlj14s","territoryId":"california","tileId":"california:0:1","revision":3,"pixelsCount":0}
2026-01-28 15:45:49 [warn]: [Pixels][POST] 🔍 Tile revision check {"reqId":"tiles-1769582748245-wtnwlj14s","territoryId":"california","tileId":"california:1:1","clientRevision":0,"clientRevisionType":"number","currentRevision":2,"currentRevisionRaw":2,"currentRevisionType":"number","pixelsCount":0}
2026-01-28 15:45:49 [warn]: [Pixels][POST] 🔍 Revision comparison {"reqId":"tiles-1769582748245-wtnwlj14s","territoryId":"california","tileId":"california:1:1","isFirstSave":true,"clientRevNum":0,"serverRevNum":2,"revisionMatch":false,"canProceed":true,"conflictReason":""}
2026-01-28 15:45:49 [warn]: [Pixels][POST] ✅ First save for tile california:1:1 {"reqId":"tiles-1769582748245-wtnwlj14s","territoryId":"california","tileId":"california:1:1","clientRevision":0,"currentRevision":2}
2026-01-28 15:45:49 [warn]: [Pixels][POST] ✅ Tile revision map updated {"reqId":"tiles-1769582748245-wtnwlj14s","territoryId":"california","tileId":"california:1:1","tileRevKey":"territory_tile_rev:california","revision":"3","hsetResult":0,"hsetResultType":"number"}
2026-01-28 15:45:49 [error]: [Pixels][POST] ❌ CRITICAL: hset verification failed {"reqId":"tiles-1769582748245-wtnwlj14s","territoryId":"california","tileId":"california:1:1","tileRevKey":"territory_tile_rev:california","expectedRevision":"3","actualRevision":3,"verifyValueType":"number"}
2026-01-28 15:45:49 [info]: [Pixels] ✅ Tile saved {"reqId":"tiles-1769582748245-wtnwlj14s","territoryId":"california","tileId":"california:1:1","revision":3,"pixelsCount":0}
2026-01-28 15:45:49 [warn]: [Pixels][POST] 🔍 Tile revision check {"reqId":"tiles-1769582748245-wtnwlj14s","territoryId":"california","tileId":"california:0:2","clientRevision":0,"clientRevisionType":"number","currentRevision":2,"currentRevisionRaw":2,"currentRevisionType":"number","pixelsCount":0}
2026-01-28 15:45:49 [warn]: [Pixels][POST] 🔍 Revision comparison {"reqId":"tiles-1769582748245-wtnwlj14s","territoryId":"california","tileId":"california:0:2","isFirstSave":true,"clientRevNum":0,"serverRevNum":2,"revisionMatch":false,"canProceed":true,"conflictReason":""}
2026-01-28 15:45:49 [warn]: [Pixels][POST] ✅ First save for tile california:0:2 {"reqId":"tiles-1769582748245-wtnwlj14s","territoryId":"california","tileId":"california:0:2","clientRevision":0,"currentRevision":2}
2026-01-28 15:45:49 [warn]: [Pixels][POST] ✅ Tile revision map updated {"reqId":"tiles-1769582748245-wtnwlj14s","territoryId":"california","tileId":"california:0:2","tileRevKey":"territory_tile_rev:california","revision":"3","hsetResult":0,"hsetResultType":"number"}
2026-01-28 15:45:49 [error]: [Pixels][POST] ❌ CRITICAL: hset verification failed {"reqId":"tiles-1769582748245-wtnwlj14s","territoryId":"california","tileId":"california:0:2","tileRevKey":"territory_tile_rev:california","expectedRevision":"3","actualRevision":3,"verifyValueType":"number"}
2026-01-28 15:45:49 [info]: [Pixels] ✅ Tile saved {"reqId":"tiles-1769582748245-wtnwlj14s","territoryId":"california","tileId":"california:0:2","revision":3,"pixelsCount":0}
2026-01-28 15:45:49 [warn]: [Pixels][POST] 📊 Final tile revision map after save {"reqId":"tiles-1769582748245-wtnwlj14s","territoryId":"california","tileRevKey":"territory_tile_rev:california","tileCount":13,"expectedTileCount":5,"savedTileCount":5,"tileIds":["california:1:0","california:0:2","california:4:4","california:0:0","california:2:0","california:2:2","california:3:4","california:3:5","california:4:5","california:1:1","california:1:2","california:2:1","california:0:1"],"savedTiles":["california:0:0","california:1:0","california:0:1","california:1:1","california:0:2"],"missingTiles":[],"match":false,"tileVerificationResults":[{"tileId":"california:0:0","tileKey":"tile_data:california:0:0","exists":true},{"tileId":"california:1:0","tileKey":"tile_data:california:1:0","exists":true},{"tileId":"california:0:1","tileKey":"tile_data:california:0:1","exists":true},{"tileId":"california:1:1","tileKey":"tile_data:california:1:1","exists":true},{"tileId":"california:0:2","tileKey":"tile_data:california:0:2","exists":true}],"tilesNotInRedis":[]}
2026-01-28 15:45:50 [warn]: [Pixels][GET] ENTER route=v2 pid=12340 file=pixels.js commit=unknown reqId=get-1769582750141-8abt159vj {"territoryIdParam":"california","url":"/","method":"GET"}
2026-01-28 15:45:50 [warn]: [Pixels][GET] CP1 territoryId normalized {"reqId":"get-1769582750141-8abt159vj","territoryIdRaw":"california","territoryIdNormalized":"california","wasDisplayId":false}
2026-01-28 15:45:50 [warn]: [Pixels][GET] CP2 read pixel_data done {"reqId":"get-1769582750141-8abt159vj","territoryId":"california","redisKey":"pixel_data:california","hasData":false,"pixelsLength":0,"filledPixels":0,"revision":0,"dataType":"object","pixelDataKeys":[],"pixelDataRawType":"object","pixelDataRawIsNull":true,"pixelDataRawIsUndefined":false}
2026-01-28 15:45:50 [warn]: [Pixels][GET] CP3 pixelDataValid evaluated {"reqId":"get-1769582750141-8abt159vj","territoryId":"california","pixelDataValid":null,"hasPixelData":false,"hasPixelsProperty":false,"pixelsIsArray":false,"pixelsLength":0}
2026-01-28 15:45:50 [warn]: [Pixels][GET] ⚠️ No valid cached pixel data, checking tile system {"reqId":"get-1769582750141-8abt159vj","territoryId":"california","hasPixelData":false,"pixelsLength":0,"pixelDataType":"null"}
2026-01-28 15:45:50 [warn]: [Pixels][GET] CP4 tileRevMap read done {"reqId":"get-1769582750141-8abt159vj","territoryId":"california","tileRevKey":"territory_tile_rev:california","hasTileRevisionMap":true,"tileRevisionMapType":"object","tileRevisionMapKeys":["california:2:0","california:3:5","california:4:4","california:0:0","california:2:1","california:4:5","california:0:2","california:1:0","california:1:1","california:3:4","california:0:1","california:2:2","california:1:2"],"tileRevisionMapLength":13,"tileRevisionMapSample":[["california:2:0",3],["california:3:5",11],["california:4:4",8]],"tileRevisionMapIsEmpty":false}
2026-01-28 15:45:50 [warn]: [Pixels][GET] 🔍 Loading tiles from tile system {"reqId":"get-1769582750141-8abt159vj","territoryId":"california","tileCount":13,"tileIds":["california:2:0","california:3:5","california:4:4","california:0:0","california:2:1","california:4:5","california:0:2","california:1:0","california:1:1","california:3:4"]}
2026-01-28 15:45:50 [warn]: [Pixels][GET] 🔍 Loading 13 tiles from tile system {"reqId":"get-1769582750141-8abt159vj","territoryId":"california","tileIds":["california:2:0","california:3:5","california:4:4","california:0:0","california:2:1","california:4:5","california:0:2","california:1:0","california:1:1","california:3:4"]}
2026-01-28 15:45:50 [warn]: [Pixels][GET] 📊 Tile loading summary {"reqId":"get-1769582750141-8abt159vj","territoryId":"california","totalTilesInMap":13,"tilesLoaded":13,"tilesWithPixels":4,"tilesEmpty":9,"tilesError":0,"totalPixelsCollected":237}
2026-01-28 15:45:50 [warn]: [Pixels][GET] ✅ Cached combined tile data {"reqId":"get-1769582750141-8abt159vj","territoryId":"california","pixelsLength":237,"cacheKey":"pixel_data:california"}
2026-01-28 15:45:50 [warn]: [Pixels][GET] CP5 tile merge done {"reqId":"get-1769582750141-8abt159vj","territoryId":"california","pixelsLength":237,"filledPixels":237,"revision":43,"width":128,"height":128,"tilesProcessed":13,"tilesWithData":13}
2026-01-28 15:45:55 [warn]: [Pixels][GET] ENTER route=v2 pid=12340 file=pixels.js commit=unknown reqId=get-1769582755288-g73y9umvb {"territoryIdParam":"california","url":"/","method":"GET"}
2026-01-28 15:45:55 [warn]: [Pixels][GET] CP1 territoryId normalized {"reqId":"get-1769582755288-g73y9umvb","territoryIdRaw":"california","territoryIdNormalized":"california","wasDisplayId":false}
2026-01-28 15:45:55 [warn]: [Pixels][GET] CP2 read pixel_data done {"reqId":"get-1769582755288-g73y9umvb","territoryId":"california","redisKey":"pixel_data:california","hasData":true,"pixelsLength":237,"filledPixels":237,"revision":43,"dataType":"object","pixelDataKeys":["territoryId","pixels","width","height","filledPixels","lastUpdated","revision","updatedAt"],"pixelDataRawType":"object","pixelDataRawIsNull":false,"pixelDataRawIsUndefined":false}
2026-01-28 15:45:55 [warn]: [Pixels][GET] CP3 pixelDataValid evaluated {"reqId":"get-1769582755288-g73y9umvb","territoryId":"california","pixelDataValid":true,"hasPixelData":true,"hasPixelsProperty":true,"pixelsIsArray":true,"pixelsLength":237}
2026-01-28 15:45:55 [warn]: [Pixels][GET] ✅ Returning cached pixel data {"reqId":"get-1769582755288-g73y9umvb","territoryId":"california","pixelsLength":237,"filledPixels":237,"revision":43,"updatedAt":"2026-01-28T06:45:49.459Z"}
2026-01-28 15:45:55 [warn]: [Pixels][GET] ENTER route=v2 pid=12340 file=pixels.js commit=unknown reqId=get-1769582755339-5g07slucl {"territoryIdParam":"california","url":"/","method":"GET"}
2026-01-28 15:45:55 [warn]: [Pixels][GET] CP1 territoryId normalized {"reqId":"get-1769582755339-5g07slucl","territoryIdRaw":"california","territoryIdNormalized":"california","wasDisplayId":false}
2026-01-28 15:45:55 [warn]: [Pixels][GET] CP2 read pixel_data done {"reqId":"get-1769582755339-5g07slucl","territoryId":"california","redisKey":"pixel_data:california","hasData":true,"pixelsLength":237,"filledPixels":237,"revision":43,"dataType":"object","pixelDataKeys":["territoryId","pixels","width","height","filledPixels","lastUpdated","revision","updatedAt"],"pixelDataRawType":"object","pixelDataRawIsNull":false,"pixelDataRawIsUndefined":false}
2026-01-28 15:45:55 [warn]: [Pixels][GET] CP3 pixelDataValid evaluated {"reqId":"get-1769582755339-5g07slucl","territoryId":"california","pixelDataValid":true,"hasPixelData":true,"hasPixelsProperty":true,"pixelsIsArray":true,"pixelsLength":237}
2026-01-28 15:45:55 [warn]: [Pixels][GET] ✅ Returning cached pixel data {"reqId":"get-1769582755339-5g07slucl","territoryId":"california","pixelsLength":237,"filledPixels":237,"revision":43,"updatedAt":"2026-01-28T06:45:49.459Z"}
2026-01-28 15:45:58 [warn]: [Pixels][GET] ENTER route=v2 pid=12340 file=pixels.js commit=unknown reqId=get-1769582758555-6u66pr8m0 {"territoryIdParam":"california","url":"/","method":"GET"}
2026-01-28 15:45:58 [warn]: [Pixels][GET] CP1 territoryId normalized {"reqId":"get-1769582758555-6u66pr8m0","territoryIdRaw":"california","territoryIdNormalized":"california","wasDisplayId":false}
2026-01-28 15:45:58 [warn]: [Pixels][GET] CP2 read pixel_data done {"reqId":"get-1769582758555-6u66pr8m0","territoryId":"california","redisKey":"pixel_data:california","hasData":true,"pixelsLength":237,"filledPixels":237,"revision":43,"dataType":"object","pixelDataKeys":["territoryId","pixels","width","height","filledPixels","lastUpdated","revision","updatedAt"],"pixelDataRawType":"object","pixelDataRawIsNull":false,"pixelDataRawIsUndefined":false}
2026-01-28 15:45:58 [warn]: [Pixels][GET] CP3 pixelDataValid evaluated {"reqId":"get-1769582758555-6u66pr8m0","territoryId":"california","pixelDataValid":true,"hasPixelData":true,"hasPixelsProperty":true,"pixelsIsArray":true,"pixelsLength":237}
2026-01-28 15:45:58 [warn]: [Pixels][GET] ✅ Returning cached pixel data {"reqId":"get-1769582758555-6u66pr8m0","territoryId":"california","pixelsLength":237,"filledPixels":237,"revision":43,"updatedAt":"2026-01-28T06:45:49.459Z"}
2026-01-28 15:46:00 [warn]: [Pixels][GET] ENTER route=v2 pid=12340 file=pixels.js commit=unknown reqId=get-1769582760000-1fgkud0ly {"territoryIdParam":"california","url":"/","method":"GET"}
2026-01-28 15:46:00 [warn]: [Pixels][GET] CP1 territoryId normalized {"reqId":"get-1769582760000-1fgkud0ly","territoryIdRaw":"california","territoryIdNormalized":"california","wasDisplayId":false}
2026-01-28 15:46:00 [warn]: [Pixels][GET] CP2 read pixel_data done {"reqId":"get-1769582760000-1fgkud0ly","territoryId":"california","redisKey":"pixel_data:california","hasData":true,"pixelsLength":237,"filledPixels":237,"revision":43,"dataType":"object","pixelDataKeys":["territoryId","pixels","width","height","filledPixels","lastUpdated","revision","updatedAt"],"pixelDataRawType":"object","pixelDataRawIsNull":false,"pixelDataRawIsUndefined":false}
2026-01-28 15:46:00 [warn]: [Pixels][GET] CP3 pixelDataValid evaluated {"reqId":"get-1769582760000-1fgkud0ly","territoryId":"california","pixelDataValid":true,"hasPixelData":true,"hasPixelsProperty":true,"pixelsIsArray":true,"pixelsLength":237}
2026-01-28 15:46:00 [warn]: [Pixels][GET] ✅ Returning cached pixel data {"reqId":"get-1769582760000-1fgkud0ly","territoryId":"california","pixelsLength":237,"filledPixels":237,"revision":43,"updatedAt":"2026-01-28T06:45:49.459Z"}
2026-01-28 16:57:18 [warn]: [Pixels][GET] ENTER route=v2 pid=12340 file=pixels.js commit=unknown reqId=get-1769587038307-1y09dhrh9 {"territoryIdParam":"california","url":"/","method":"GET"}
2026-01-28 16:57:18 [warn]: [Pixels][GET] CP1 territoryId normalized {"reqId":"get-1769587038307-1y09dhrh9","territoryIdRaw":"california","territoryIdNormalized":"california","wasDisplayId":false}
2026-01-28 16:57:18 [warn]: [Pixels][GET] CP2 read pixel_data done {"reqId":"get-1769587038307-1y09dhrh9","territoryId":"california","redisKey":"pixel_data:california","hasData":true,"pixelsLength":237,"filledPixels":237,"revision":43,"dataType":"object","pixelDataKeys":["territoryId","pixels","width","height","filledPixels","lastUpdated","revision","updatedAt"],"pixelDataRawType":"object","pixelDataRawIsNull":false,"pixelDataRawIsUndefined":false}
2026-01-28 16:57:18 [warn]: [Pixels][GET] CP3 pixelDataValid evaluated {"reqId":"get-1769587038307-1y09dhrh9","territoryId":"california","pixelDataValid":true,"hasPixelData":true,"hasPixelsProperty":true,"pixelsIsArray":true,"pixelsLength":237}
2026-01-28 16:57:18 [warn]: [Pixels][GET] ✅ Returning cached pixel data {"reqId":"get-1769587038307-1y09dhrh9","territoryId":"california","pixelsLength":237,"filledPixels":237,"revision":43,"updatedAt":"2026-01-28T06:45:49.459Z"}
2026-01-28 16:57:19 [warn]: [Pixels][GET] ENTER route=v2 pid=12340 file=pixels.js commit=unknown reqId=get-1769587039634-4h04ynrcs {"territoryIdParam":"california","url":"/","method":"GET"}
2026-01-28 16:57:19 [warn]: [Pixels][GET] CP1 territoryId normalized {"reqId":"get-1769587039634-4h04ynrcs","territoryIdRaw":"california","territoryIdNormalized":"california","wasDisplayId":false}
2026-01-28 16:57:19 [warn]: [Pixels][GET] CP2 read pixel_data done {"reqId":"get-1769587039634-4h04ynrcs","territoryId":"california","redisKey":"pixel_data:california","hasData":true,"pixelsLength":237,"filledPixels":237,"revision":43,"dataType":"object","pixelDataKeys":["territoryId","pixels","width","height","filledPixels","lastUpdated","revision","updatedAt"],"pixelDataRawType":"object","pixelDataRawIsNull":false,"pixelDataRawIsUndefined":false}
2026-01-28 16:57:19 [warn]: [Pixels][GET] CP3 pixelDataValid evaluated {"reqId":"get-1769587039634-4h04ynrcs","territoryId":"california","pixelDataValid":true,"hasPixelData":true,"hasPixelsProperty":true,"pixelsIsArray":true,"pixelsLength":237}
2026-01-28 16:57:19 [warn]: [Pixels][GET] ✅ Returning cached pixel data {"reqId":"get-1769587039634-4h04ynrcs","territoryId":"california","pixelsLength":237,"filledPixels":237,"revision":43,"updatedAt":"2026-01-28T06:45:49.459Z"}
