2025-12-11 18:37:24 [error]: ❌ Failed to start server: password authentication failed for user "postgres"
error: password authentication failed for user "postgres"
    at C:\Users\win\Downloads\Global-Advertising-Platform-d9586aca12844d7c7dbe1a70fb43f4a241df4343\backend\node_modules\pg-pool\index.js:45:11
    at process.processTicksAndRejections (node:internal/process/task_queues:105:5)
    at async initDatabase (file:///C:/Users/win/Downloads/Global-Advertising-Platform-d9586aca12844d7c7dbe1a70fb43f4a241df4343/backend/db/init.js:153:24)
    at async startServer (file:///C:/Users/win/Downloads/Global-Advertising-Platform-d9586aca12844d7c7dbe1a70fb43f4a241df4343/backend/server.js:172:9) {"length":78,"name":"error","severity":"FATAL","code":"28P01"}
2025-12-11 18:37:30 [error]: ❌ Failed to start server: password authentication failed for user "postgres"
error: password authentication failed for user "postgres"
    at C:\Users\win\Downloads\Global-Advertising-Platform-d9586aca12844d7c7dbe1a70fb43f4a241df4343\backend\node_modules\pg-pool\index.js:45:11
    at process.processTicksAndRejections (node:internal/process/task_queues:105:5)
    at async initDatabase (file:///C:/Users/win/Downloads/Global-Advertising-Platform-d9586aca12844d7c7dbe1a70fb43f4a241df4343/backend/db/init.js:153:24)
    at async startServer (file:///C:/Users/win/Downloads/Global-Advertising-Platform-d9586aca12844d7c7dbe1a70fb43f4a241df4343/backend/server.js:172:9) {"length":78,"name":"error","severity":"FATAL","code":"28P01"}
2025-12-11 18:37:47 [error]: ❌ Failed to start server: password authentication failed for user "postgres"
error: password authentication failed for user "postgres"
    at C:\Users\win\Downloads\Global-Advertising-Platform-d9586aca12844d7c7dbe1a70fb43f4a241df4343\backend\node_modules\pg-pool\index.js:45:11
    at process.processTicksAndRejections (node:internal/process/task_queues:105:5)
    at async initDatabase (file:///C:/Users/win/Downloads/Global-Advertising-Platform-d9586aca12844d7c7dbe1a70fb43f4a241df4343/backend/db/init.js:153:24)
    at async startServer (file:///C:/Users/win/Downloads/Global-Advertising-Platform-d9586aca12844d7c7dbe1a70fb43f4a241df4343/backend/server.js:172:9) {"length":78,"name":"error","severity":"FATAL","code":"28P01"}
2025-12-11 18:52:31 [error]: ❌ Failed to start server: password authentication failed for user "postgres"
error: password authentication failed for user "postgres"
    at C:\Users\win\Downloads\Global-Advertising-Platform-d9586aca12844d7c7dbe1a70fb43f4a241df4343\backend\node_modules\pg-pool\index.js:45:11
    at process.processTicksAndRejections (node:internal/process/task_queues:105:5)
    at async initDatabase (file:///C:/Users/win/Downloads/Global-Advertising-Platform-d9586aca12844d7c7dbe1a70fb43f4a241df4343/backend/db/init.js:153:24)
    at async startServer (file:///C:/Users/win/Downloads/Global-Advertising-Platform-d9586aca12844d7c7dbe1a70fb43f4a241df4343/backend/server.js:172:9) {"length":78,"name":"error","severity":"FATAL","code":"28P01"}
2025-12-11 18:57:55 [error]: ❌ Failed to start server: REDIS_URL environment variable is required
Error: REDIS_URL environment variable is required
    at initRedis (file:///C:/Users/win/Downloads/Global-Advertising-Platform-d9586aca12844d7c7dbe1a70fb43f4a241df4343/backend/redis/init.js:24:15)
    at startServer (file:///C:/Users/win/Downloads/Global-Advertising-Platform-d9586aca12844d7c7dbe1a70fb43f4a241df4343/backend/server.js:176:15)
    at process.processTicksAndRejections (node:internal/process/task_queues:105:5)
2025-12-21 18:05:27 [error]: unhandledRejection: Release called on client which has already been released to the pool.
Error: Release called on client which has already been released to the pool.
    at throwOnDoubleRelease (C:\Users\win\Downloads\Global-Advertising-Platform-d9586aca12844d7c7dbe1a70fb43f4a241df4343\backend\node_modules\pg-pool\index.js:27:9)
    at Client.release (C:\Users\win\Downloads\Global-Advertising-Platform-d9586aca12844d7c7dbe1a70fb43f4a241df4343\backend\node_modules\pg-pool\index.js:338:9)
    at file:///C:/Users/win/Downloads/Global-Advertising-Platform-d9586aca12844d7c7dbe1a70fb43f4a241df4343/backend/routes/territories.js:503:20
    at process.processTicksAndRejections (node:internal/process/task_queues:105:5)
Error: Release called on client which has already been released to the pool.
    at throwOnDoubleRelease (C:\Users\win\Downloads\Global-Advertising-Platform-d9586aca12844d7c7dbe1a70fb43f4a241df4343\backend\node_modules\pg-pool\index.js:27:9)
    at Client.release (C:\Users\win\Downloads\Global-Advertising-Platform-d9586aca12844d7c7dbe1a70fb43f4a241df4343\backend\node_modules\pg-pool\index.js:338:9)
    at file:///C:/Users/win/Downloads/Global-Advertising-Platform-d9586aca12844d7c7dbe1a70fb43f4a241df4343/backend/routes/territories.js:503:20
    at process.processTicksAndRejections (node:internal/process/task_queues:105:5) {"error":{},"rejection":true,"date":"Sun Dec 21 2025 18:05:27 GMT+0900 (대한민국 표준시)","process":{"pid":16660,"uid":null,"gid":null,"cwd":"C:\\Users\\win\\Downloads\\Global-Advertising-Platform-d9586aca12844d7c7dbe1a70fb43f4a241df4343\\backend","execPath":"C:\\Program Files\\nodejs\\node.exe","version":"v22.13.1","argv":["C:\\Program Files\\nodejs\\node.exe","C:\\Users\\win\\Downloads\\Global-Advertising-Platform-d9586aca12844d7c7dbe1a70fb43f4a241df4343\\backend\\server.js"],"memoryUsage":{"rss":138059776,"heapTotal":94105600,"heapUsed":58421968,"external":7498437,"arrayBuffers":3778824}},"os":{"loadavg":[0,0,0],"uptime":1310551.546},"trace":[{"column":9,"file":"C:\\Users\\win\\Downloads\\Global-Advertising-Platform-d9586aca12844d7c7dbe1a70fb43f4a241df4343\\backend\\node_modules\\pg-pool\\index.js","function":"throwOnDoubleRelease","line":27,"method":null,"native":false},{"column":9,"file":"C:\\Users\\win\\Downloads\\Global-Advertising-Platform-d9586aca12844d7c7dbe1a70fb43f4a241df4343\\backend\\node_modules\\pg-pool\\index.js","function":"Client.release","line":338,"method":"release","native":false},{"column":20,"file":"file:///C:/Users/win/Downloads/Global-Advertising-Platform-d9586aca12844d7c7dbe1a70fb43f4a241df4343/backend/routes/territories.js","function":null,"line":503,"method":null,"native":false},{"column":5,"file":"node:internal/process/task_queues","function":"process.processTicksAndRejections","line":105,"method":"processTicksAndRejections","native":false}]}
2025-12-21 18:07:21 [error]: unhandledRejection: Release called on client which has already been released to the pool.
Error: Release called on client which has already been released to the pool.
    at throwOnDoubleRelease (C:\Users\win\Downloads\Global-Advertising-Platform-d9586aca12844d7c7dbe1a70fb43f4a241df4343\backend\node_modules\pg-pool\index.js:27:9)
    at Client.release (C:\Users\win\Downloads\Global-Advertising-Platform-d9586aca12844d7c7dbe1a70fb43f4a241df4343\backend\node_modules\pg-pool\index.js:338:9)
    at file:///C:/Users/win/Downloads/Global-Advertising-Platform-d9586aca12844d7c7dbe1a70fb43f4a241df4343/backend/routes/territories.js:522:20
    at process.processTicksAndRejections (node:internal/process/task_queues:105:5)
Error: Release called on client which has already been released to the pool.
    at throwOnDoubleRelease (C:\Users\win\Downloads\Global-Advertising-Platform-d9586aca12844d7c7dbe1a70fb43f4a241df4343\backend\node_modules\pg-pool\index.js:27:9)
    at Client.release (C:\Users\win\Downloads\Global-Advertising-Platform-d9586aca12844d7c7dbe1a70fb43f4a241df4343\backend\node_modules\pg-pool\index.js:338:9)
    at file:///C:/Users/win/Downloads/Global-Advertising-Platform-d9586aca12844d7c7dbe1a70fb43f4a241df4343/backend/routes/territories.js:522:20
    at process.processTicksAndRejections (node:internal/process/task_queues:105:5) {"error":{},"rejection":true,"date":"Sun Dec 21 2025 18:07:21 GMT+0900 (대한민국 표준시)","process":{"pid":6948,"uid":null,"gid":null,"cwd":"C:\\Users\\win\\Downloads\\Global-Advertising-Platform-d9586aca12844d7c7dbe1a70fb43f4a241df4343\\backend","execPath":"C:\\Program Files\\nodejs\\node.exe","version":"v22.13.1","argv":["C:\\Program Files\\nodejs\\node.exe","C:\\Users\\win\\Downloads\\Global-Advertising-Platform-d9586aca12844d7c7dbe1a70fb43f4a241df4343\\backend\\server.js"],"memoryUsage":{"rss":78467072,"heapTotal":32862208,"heapUsed":29969856,"external":3916051,"arrayBuffers":199697}},"os":{"loadavg":[0,0,0],"uptime":1310665.515},"trace":[{"column":9,"file":"C:\\Users\\win\\Downloads\\Global-Advertising-Platform-d9586aca12844d7c7dbe1a70fb43f4a241df4343\\backend\\node_modules\\pg-pool\\index.js","function":"throwOnDoubleRelease","line":27,"method":null,"native":false},{"column":9,"file":"C:\\Users\\win\\Downloads\\Global-Advertising-Platform-d9586aca12844d7c7dbe1a70fb43f4a241df4343\\backend\\node_modules\\pg-pool\\index.js","function":"Client.release","line":338,"method":"release","native":false},{"column":20,"file":"file:///C:/Users/win/Downloads/Global-Advertising-Platform-d9586aca12844d7c7dbe1a70fb43f4a241df4343/backend/routes/territories.js","function":null,"line":522,"method":null,"native":false},{"column":5,"file":"node:internal/process/task_queues","function":"process.processTicksAndRejections","line":105,"method":"processTicksAndRejections","native":false}]}
2025-12-21 18:09:02 [error]: unhandledRejection: Release called on client which has already been released to the pool.
Error: Release called on client which has already been released to the pool.
    at throwOnDoubleRelease (C:\Users\win\Downloads\Global-Advertising-Platform-d9586aca12844d7c7dbe1a70fb43f4a241df4343\backend\node_modules\pg-pool\index.js:27:9)
    at Client.release (C:\Users\win\Downloads\Global-Advertising-Platform-d9586aca12844d7c7dbe1a70fb43f4a241df4343\backend\node_modules\pg-pool\index.js:338:9)
    at file:///C:/Users/win/Downloads/Global-Advertising-Platform-d9586aca12844d7c7dbe1a70fb43f4a241df4343/backend/routes/territories.js:535:20
    at process.processTicksAndRejections (node:internal/process/task_queues:105:5)
Error: Release called on client which has already been released to the pool.
    at throwOnDoubleRelease (C:\Users\win\Downloads\Global-Advertising-Platform-d9586aca12844d7c7dbe1a70fb43f4a241df4343\backend\node_modules\pg-pool\index.js:27:9)
    at Client.release (C:\Users\win\Downloads\Global-Advertising-Platform-d9586aca12844d7c7dbe1a70fb43f4a241df4343\backend\node_modules\pg-pool\index.js:338:9)
    at file:///C:/Users/win/Downloads/Global-Advertising-Platform-d9586aca12844d7c7dbe1a70fb43f4a241df4343/backend/routes/territories.js:535:20
    at process.processTicksAndRejections (node:internal/process/task_queues:105:5) {"error":{},"rejection":true,"date":"Sun Dec 21 2025 18:09:02 GMT+0900 (대한민국 표준시)","process":{"pid":13124,"uid":null,"gid":null,"cwd":"C:\\Users\\win\\Downloads\\Global-Advertising-Platform-d9586aca12844d7c7dbe1a70fb43f4a241df4343\\backend","execPath":"C:\\Program Files\\nodejs\\node.exe","version":"v22.13.1","argv":["C:\\Program Files\\nodejs\\node.exe","C:\\Users\\win\\Downloads\\Global-Advertising-Platform-d9586aca12844d7c7dbe1a70fb43f4a241df4343\\backend\\server.js"],"memoryUsage":{"rss":138981376,"heapTotal":95154176,"heapUsed":58201952,"external":7590622,"arrayBuffers":3871201}},"os":{"loadavg":[0,0,0],"uptime":1310766.25},"trace":[{"column":9,"file":"C:\\Users\\win\\Downloads\\Global-Advertising-Platform-d9586aca12844d7c7dbe1a70fb43f4a241df4343\\backend\\node_modules\\pg-pool\\index.js","function":"throwOnDoubleRelease","line":27,"method":null,"native":false},{"column":9,"file":"C:\\Users\\win\\Downloads\\Global-Advertising-Platform-d9586aca12844d7c7dbe1a70fb43f4a241df4343\\backend\\node_modules\\pg-pool\\index.js","function":"Client.release","line":338,"method":"release","native":false},{"column":20,"file":"file:///C:/Users/win/Downloads/Global-Advertising-Platform-d9586aca12844d7c7dbe1a70fb43f4a241df4343/backend/routes/territories.js","function":null,"line":535,"method":null,"native":false},{"column":5,"file":"node:internal/process/task_queues","function":"process.processTicksAndRejections","line":105,"method":"processTicksAndRejections","native":false}]}
2025-12-21 19:03:32 [error]: unhandledRejection: Release called on client which has already been released to the pool.
Error: Release called on client which has already been released to the pool.
    at throwOnDoubleRelease (C:\Users\win\Downloads\Global-Advertising-Platform-d9586aca12844d7c7dbe1a70fb43f4a241df4343\backend\node_modules\pg-pool\index.js:27:9)
    at Client.release (C:\Users\win\Downloads\Global-Advertising-Platform-d9586aca12844d7c7dbe1a70fb43f4a241df4343\backend\node_modules\pg-pool\index.js:338:9)
    at file:///C:/Users/win/Downloads/Global-Advertising-Platform-d9586aca12844d7c7dbe1a70fb43f4a241df4343/backend/routes/territories.js:538:20
    at process.processTicksAndRejections (node:internal/process/task_queues:105:5)
Error: Release called on client which has already been released to the pool.
    at throwOnDoubleRelease (C:\Users\win\Downloads\Global-Advertising-Platform-d9586aca12844d7c7dbe1a70fb43f4a241df4343\backend\node_modules\pg-pool\index.js:27:9)
    at Client.release (C:\Users\win\Downloads\Global-Advertising-Platform-d9586aca12844d7c7dbe1a70fb43f4a241df4343\backend\node_modules\pg-pool\index.js:338:9)
    at file:///C:/Users/win/Downloads/Global-Advertising-Platform-d9586aca12844d7c7dbe1a70fb43f4a241df4343/backend/routes/territories.js:538:20
    at process.processTicksAndRejections (node:internal/process/task_queues:105:5) {"error":{},"rejection":true,"date":"Sun Dec 21 2025 19:03:32 GMT+0900 (대한민국 표준시)","process":{"pid":35940,"uid":null,"gid":null,"cwd":"C:\\Users\\win\\Downloads\\Global-Advertising-Platform-d9586aca12844d7c7dbe1a70fb43f4a241df4343\\backend","execPath":"C:\\Program Files\\nodejs\\node.exe","version":"v22.13.1","argv":["C:\\Program Files\\nodejs\\node.exe","C:\\Users\\win\\Downloads\\Global-Advertising-Platform-d9586aca12844d7c7dbe1a70fb43f4a241df4343\\backend\\server.js"],"memoryUsage":{"rss":76967936,"heapTotal":32600064,"heapUsed":29981776,"external":3808360,"arrayBuffers":116660}},"os":{"loadavg":[0,0,0],"uptime":1314036.453},"trace":[{"column":9,"file":"C:\\Users\\win\\Downloads\\Global-Advertising-Platform-d9586aca12844d7c7dbe1a70fb43f4a241df4343\\backend\\node_modules\\pg-pool\\index.js","function":"throwOnDoubleRelease","line":27,"method":null,"native":false},{"column":9,"file":"C:\\Users\\win\\Downloads\\Global-Advertising-Platform-d9586aca12844d7c7dbe1a70fb43f4a241df4343\\backend\\node_modules\\pg-pool\\index.js","function":"Client.release","line":338,"method":"release","native":false},{"column":20,"file":"file:///C:/Users/win/Downloads/Global-Advertising-Platform-d9586aca12844d7c7dbe1a70fb43f4a241df4343/backend/routes/territories.js","function":null,"line":538,"method":null,"native":false},{"column":5,"file":"node:internal/process/task_queues","function":"process.processTicksAndRejections","line":105,"method":"processTicksAndRejections","native":false}]}
2025-12-27 16:55:54 [error]: [Pixels] Tiles save error:
TypeError: redis.hset is not a function
    at file:///C:/Users/win/Downloads/Global-Advertising-Platform-d9586aca12844d7c7dbe1a70fb43f4a241df4343/backend/routes/pixels.js:1084:25
    at process.processTicksAndRejections (node:internal/process/task_queues:105:5) {"error":"redis.hset is not a function","territoryId":"adrar","userId":"bsWpkiRGJNhFuqxABQ4ewTuH5ca2","tilesCount":4}
2025-12-27 17:03:05 [error]: [Pixels] Tiles save error:
TypeError: redis.hset is not a function
    at file:///C:/Users/win/Downloads/Global-Advertising-Platform-d9586aca12844d7c7dbe1a70fb43f4a241df4343/backend/routes/pixels.js:1100:25
    at process.processTicksAndRejections (node:internal/process/task_queues:105:5) {"error":"redis.hset is not a function","territoryId":"tamanghasset","userId":"bsWpkiRGJNhFuqxABQ4ewTuH5ca2","tilesCount":4}
2025-12-27 17:16:35 [error]: [Pixels] Tiles save error:
TypeError: redis.hset is not a function
    at file:///C:/Users/win/Downloads/Global-Advertising-Platform-d9586aca12844d7c7dbe1a70fb43f4a241df4343/backend/routes/pixels.js:1244:25
    at process.processTicksAndRejections (node:internal/process/task_queues:105:5) {"error":"redis.hset is not a function","territoryId":"tamanghasset","userId":"bsWpkiRGJNhFuqxABQ4ewTuH5ca2","tilesCount":7}
2025-12-27 17:20:41 [error]: [Pixels] ❌ Tiles save error (detailed):
TypeError: redis.hset is not a function
    at file:///C:/Users/win/Downloads/Global-Advertising-Platform-d9586aca12844d7c7dbe1a70fb43f4a241df4343/backend/routes/pixels.js:1263:25
    at process.processTicksAndRejections (node:internal/process/task_queues:105:5) {"reqId":"tiles-1766823641097-i8an2jbh6","territoryId":"tamanghasset","bodyKeys":["tiles"],"tilesCount":3,"userId":"bsWpkiRGJNhFuqxABQ4ewTuH5ca2","error":"redis.hset is not a function","name":"TypeError"}
2025-12-27 17:24:02 [error]: [Pixels] ❌ Tiles save error (detailed):
TypeError: redis.hset is not a function
    at file:///C:/Users/win/Downloads/Global-Advertising-Platform-d9586aca12844d7c7dbe1a70fb43f4a241df4343/backend/routes/pixels.js:1263:25
    at process.processTicksAndRejections (node:internal/process/task_queues:105:5) {"reqId":"tiles-1766823842481-gxd3fd8qw","territoryId":"tamanghasset","bodyKeys":["tiles"],"tilesCount":3,"userId":"bsWpkiRGJNhFuqxABQ4ewTuH5ca2","error":"redis.hset is not a function","name":"TypeError"}
2025-12-29 13:29:59 [error]: unhandledRejection: auctionId is not defined
ReferenceError: auctionId is not defined
    at file:///C:/Users/win/Downloads/Global-Advertising-Platform-d9586aca12844d7c7dbe1a70fb43f4a241df4343/backend/routes/admin.js:894:46
    at process.processTicksAndRejections (node:internal/process/task_queues:105:5)
ReferenceError: auctionId is not defined
    at file:///C:/Users/win/Downloads/Global-Advertising-Platform-d9586aca12844d7c7dbe1a70fb43f4a241df4343/backend/routes/admin.js:894:46
    at process.processTicksAndRejections (node:internal/process/task_queues:105:5) {"error":{},"rejection":true,"date":"Mon Dec 29 2025 13:29:59 GMT+0900 (대한민국 표준시)","process":{"pid":11248,"uid":null,"gid":null,"cwd":"C:\\Users\\win\\Downloads\\Global-Advertising-Platform-d9586aca12844d7c7dbe1a70fb43f4a241df4343\\backend","execPath":"C:\\Program Files\\nodejs\\node.exe","version":"v22.13.1","argv":["C:\\Program Files\\nodejs\\node.exe","C:\\Users\\win\\Downloads\\Global-Advertising-Platform-d9586aca12844d7c7dbe1a70fb43f4a241df4343\\backend\\server.js"],"memoryUsage":{"rss":82677760,"heapTotal":32739328,"heapUsed":30471712,"external":3854335,"arrayBuffers":163019}},"os":{"loadavg":[0,0,0],"uptime":340199.906},"trace":[{"column":46,"file":"file:///C:/Users/win/Downloads/Global-Advertising-Platform-d9586aca12844d7c7dbe1a70fb43f4a241df4343/backend/routes/admin.js","function":null,"line":894,"method":null,"native":false},{"column":5,"file":"node:internal/process/task_queues","function":"process.processTicksAndRejections","line":105,"method":"processTicksAndRejections","native":false}]}
2025-12-29 13:32:53 [error]: unhandledRejection: auctionId is not defined
ReferenceError: auctionId is not defined
    at file:///C:/Users/win/Downloads/Global-Advertising-Platform-d9586aca12844d7c7dbe1a70fb43f4a241df4343/backend/routes/admin.js:893:46
    at process.processTicksAndRejections (node:internal/process/task_queues:105:5)
ReferenceError: auctionId is not defined
    at file:///C:/Users/win/Downloads/Global-Advertising-Platform-d9586aca12844d7c7dbe1a70fb43f4a241df4343/backend/routes/admin.js:893:46
    at process.processTicksAndRejections (node:internal/process/task_queues:105:5) {"error":{},"rejection":true,"date":"Mon Dec 29 2025 13:32:53 GMT+0900 (대한민국 표준시)","process":{"pid":28188,"uid":null,"gid":null,"cwd":"C:\\Users\\win\\Downloads\\Global-Advertising-Platform-d9586aca12844d7c7dbe1a70fb43f4a241df4343\\backend","execPath":"C:\\Program Files\\nodejs\\node.exe","version":"v22.13.1","argv":["C:\\Program Files\\nodejs\\node.exe","C:\\Users\\win\\Downloads\\Global-Advertising-Platform-d9586aca12844d7c7dbe1a70fb43f4a241df4343\\backend\\server.js"],"memoryUsage":{"rss":130277376,"heapTotal":85430272,"heapUsed":50391864,"external":3939215,"arrayBuffers":138671}},"os":{"loadavg":[0,0,0],"uptime":340374.062},"trace":[{"column":46,"file":"file:///C:/Users/win/Downloads/Global-Advertising-Platform-d9586aca12844d7c7dbe1a70fb43f4a241df4343/backend/routes/admin.js","function":null,"line":893,"method":null,"native":false},{"column":5,"file":"node:internal/process/task_queues","function":"process.processTicksAndRejections","line":105,"method":"processTicksAndRejections","native":false}]}
2025-12-29 14:06:36 [error]: unhandledRejection: auctionId is not defined
ReferenceError: auctionId is not defined
    at file:///C:/Users/win/Downloads/Global-Advertising-Platform-d9586aca12844d7c7dbe1a70fb43f4a241df4343/backend/routes/admin.js:936:46
    at process.processTicksAndRejections (node:internal/process/task_queues:105:5)
ReferenceError: auctionId is not defined
    at file:///C:/Users/win/Downloads/Global-Advertising-Platform-d9586aca12844d7c7dbe1a70fb43f4a241df4343/backend/routes/admin.js:936:46
    at process.processTicksAndRejections (node:internal/process/task_queues:105:5) {"error":{},"rejection":true,"date":"Mon Dec 29 2025 14:06:36 GMT+0900 (대한민국 표준시)","process":{"pid":17896,"uid":null,"gid":null,"cwd":"C:\\Users\\win\\Downloads\\Global-Advertising-Platform-d9586aca12844d7c7dbe1a70fb43f4a241df4343\\backend","execPath":"C:\\Program Files\\nodejs\\node.exe","version":"v22.13.1","argv":["C:\\Program Files\\nodejs\\node.exe","C:\\Users\\win\\Downloads\\Global-Advertising-Platform-d9586aca12844d7c7dbe1a70fb43f4a241df4343\\backend\\server.js"],"memoryUsage":{"rss":126685184,"heapTotal":80187392,"heapUsed":54111640,"external":3940556,"arrayBuffers":230563}},"os":{"loadavg":[0,0,0],"uptime":342396.437},"trace":[{"column":46,"file":"file:///C:/Users/win/Downloads/Global-Advertising-Platform-d9586aca12844d7c7dbe1a70fb43f4a241df4343/backend/routes/admin.js","function":null,"line":936,"method":null,"native":false},{"column":5,"file":"node:internal/process/task_queues","function":"process.processTicksAndRejections","line":105,"method":"processTicksAndRejections","native":false}]}
2025-12-29 14:08:36 [error]: unhandledRejection: auctionId is not defined
ReferenceError: auctionId is not defined
    at file:///C:/Users/win/Downloads/Global-Advertising-Platform-d9586aca12844d7c7dbe1a70fb43f4a241df4343/backend/routes/admin.js:936:46
    at process.processTicksAndRejections (node:internal/process/task_queues:105:5)
ReferenceError: auctionId is not defined
    at file:///C:/Users/win/Downloads/Global-Advertising-Platform-d9586aca12844d7c7dbe1a70fb43f4a241df4343/backend/routes/admin.js:936:46
    at process.processTicksAndRejections (node:internal/process/task_queues:105:5) {"error":{},"rejection":true,"date":"Mon Dec 29 2025 14:08:36 GMT+0900 (대한민국 표준시)","process":{"pid":18528,"uid":null,"gid":null,"cwd":"C:\\Users\\win\\Downloads\\Global-Advertising-Platform-d9586aca12844d7c7dbe1a70fb43f4a241df4343\\backend","execPath":"C:\\Program Files\\nodejs\\node.exe","version":"v22.13.1","argv":["C:\\Program Files\\nodejs\\node.exe","C:\\Users\\win\\Downloads\\Global-Advertising-Platform-d9586aca12844d7c7dbe1a70fb43f4a241df4343\\backend\\server.js"],"memoryUsage":{"rss":126156800,"heapTotal":80449536,"heapUsed":53997008,"external":3949579,"arrayBuffers":239586}},"os":{"loadavg":[0,0,0],"uptime":342516.5},"trace":[{"column":46,"file":"file:///C:/Users/win/Downloads/Global-Advertising-Platform-d9586aca12844d7c7dbe1a70fb43f4a241df4343/backend/routes/admin.js","function":null,"line":936,"method":null,"native":false},{"column":5,"file":"node:internal/process/task_queues","function":"process.processTicksAndRejections","line":105,"method":"processTicksAndRejections","native":false}]}
2025-12-29 14:09:10 [error]: unhandledRejection: auctionId is not defined
ReferenceError: auctionId is not defined
    at file:///C:/Users/win/Downloads/Global-Advertising-Platform-d9586aca12844d7c7dbe1a70fb43f4a241df4343/backend/routes/admin.js:936:46
    at process.processTicksAndRejections (node:internal/process/task_queues:105:5)
ReferenceError: auctionId is not defined
    at file:///C:/Users/win/Downloads/Global-Advertising-Platform-d9586aca12844d7c7dbe1a70fb43f4a241df4343/backend/routes/admin.js:936:46
    at process.processTicksAndRejections (node:internal/process/task_queues:105:5) {"error":{},"rejection":true,"date":"Mon Dec 29 2025 14:09:10 GMT+0900 (대한민국 표준시)","process":{"pid":31136,"uid":null,"gid":null,"cwd":"C:\\Users\\win\\Downloads\\Global-Advertising-Platform-d9586aca12844d7c7dbe1a70fb43f4a241df4343\\backend","execPath":"C:\\Program Files\\nodejs\\node.exe","version":"v22.13.1","argv":["C:\\Program Files\\nodejs\\node.exe","C:\\Users\\win\\Downloads\\Global-Advertising-Platform-d9586aca12844d7c7dbe1a70fb43f4a241df4343\\backend\\server.js"],"memoryUsage":{"rss":126251008,"heapTotal":80187392,"heapUsed":53368416,"external":3930595,"arrayBuffers":220602}},"os":{"loadavg":[0,0,0],"uptime":342550.312},"trace":[{"column":46,"file":"file:///C:/Users/win/Downloads/Global-Advertising-Platform-d9586aca12844d7c7dbe1a70fb43f4a241df4343/backend/routes/admin.js","function":null,"line":936,"method":null,"native":false},{"column":5,"file":"node:internal/process/task_queues","function":"process.processTicksAndRejections","line":105,"method":"processTicksAndRejections","native":false}]}
2026-01-27 11:55:42 [error]: [Error]
PayloadTooLargeError: request entity too large
    at readStream (C:\Users\win\Downloads\Global-Advertising-Platform-d9586aca12844d7c7dbe1a70fb43f4a241df4343\backend\node_modules\raw-body\index.js:163:17)
    at getRawBody (C:\Users\win\Downloads\Global-Advertising-Platform-d9586aca12844d7c7dbe1a70fb43f4a241df4343\backend\node_modules\raw-body\index.js:116:12)
    at read (C:\Users\win\Downloads\Global-Advertising-Platform-d9586aca12844d7c7dbe1a70fb43f4a241df4343\backend\node_modules\body-parser\lib\read.js:79:3)
    at jsonParser (C:\Users\win\Downloads\Global-Advertising-Platform-d9586aca12844d7c7dbe1a70fb43f4a241df4343\backend\node_modules\body-parser\lib\types\json.js:138:5)
    at Layer.handle [as handle_request] (C:\Users\win\Downloads\Global-Advertising-Platform-d9586aca12844d7c7dbe1a70fb43f4a241df4343\backend\node_modules\express\lib\router\layer.js:95:5)
    at trim_prefix (C:\Users\win\Downloads\Global-Advertising-Platform-d9586aca12844d7c7dbe1a70fb43f4a241df4343\backend\node_modules\express\lib\router\index.js:328:13)
    at C:\Users\win\Downloads\Global-Advertising-Platform-d9586aca12844d7c7dbe1a70fb43f4a241df4343\backend\node_modules\express\lib\router\index.js:286:9
    at Function.process_params (C:\Users\win\Downloads\Global-Advertising-Platform-d9586aca12844d7c7dbe1a70fb43f4a241df4343\backend\node_modules\express\lib\router\index.js:346:12)
    at next (C:\Users\win\Downloads\Global-Advertising-Platform-d9586aca12844d7c7dbe1a70fb43f4a241df4343\backend\node_modules\express\lib\router\index.js:280:10)
    at cors (C:\Users\win\Downloads\Global-Advertising-Platform-d9586aca12844d7c7dbe1a70fb43f4a241df4343\backend\node_modules\cors\lib\index.js:188:7) {"error":"request entity too large","path":"/api/territories/california/pixels/tiles"}
2026-01-27 11:55:42 [error]: [Error]
PayloadTooLargeError: request entity too large
    at readStream (C:\Users\win\Downloads\Global-Advertising-Platform-d9586aca12844d7c7dbe1a70fb43f4a241df4343\backend\node_modules\raw-body\index.js:163:17)
    at getRawBody (C:\Users\win\Downloads\Global-Advertising-Platform-d9586aca12844d7c7dbe1a70fb43f4a241df4343\backend\node_modules\raw-body\index.js:116:12)
    at read (C:\Users\win\Downloads\Global-Advertising-Platform-d9586aca12844d7c7dbe1a70fb43f4a241df4343\backend\node_modules\body-parser\lib\read.js:79:3)
    at jsonParser (C:\Users\win\Downloads\Global-Advertising-Platform-d9586aca12844d7c7dbe1a70fb43f4a241df4343\backend\node_modules\body-parser\lib\types\json.js:138:5)
    at Layer.handle [as handle_request] (C:\Users\win\Downloads\Global-Advertising-Platform-d9586aca12844d7c7dbe1a70fb43f4a241df4343\backend\node_modules\express\lib\router\layer.js:95:5)
    at trim_prefix (C:\Users\win\Downloads\Global-Advertising-Platform-d9586aca12844d7c7dbe1a70fb43f4a241df4343\backend\node_modules\express\lib\router\index.js:328:13)
    at C:\Users\win\Downloads\Global-Advertising-Platform-d9586aca12844d7c7dbe1a70fb43f4a241df4343\backend\node_modules\express\lib\router\index.js:286:9
    at Function.process_params (C:\Users\win\Downloads\Global-Advertising-Platform-d9586aca12844d7c7dbe1a70fb43f4a241df4343\backend\node_modules\express\lib\router\index.js:346:12)
    at next (C:\Users\win\Downloads\Global-Advertising-Platform-d9586aca12844d7c7dbe1a70fb43f4a241df4343\backend\node_modules\express\lib\router\index.js:280:10)
    at cors (C:\Users\win\Downloads\Global-Advertising-Platform-d9586aca12844d7c7dbe1a70fb43f4a241df4343\backend\node_modules\cors\lib\index.js:188:7) {"error":"request entity too large","path":"/api/territories/california/pixels"}
2026-01-27 11:55:47 [error]: [Error]
PayloadTooLargeError: request entity too large
    at readStream (C:\Users\win\Downloads\Global-Advertising-Platform-d9586aca12844d7c7dbe1a70fb43f4a241df4343\backend\node_modules\raw-body\index.js:163:17)
    at getRawBody (C:\Users\win\Downloads\Global-Advertising-Platform-d9586aca12844d7c7dbe1a70fb43f4a241df4343\backend\node_modules\raw-body\index.js:116:12)
    at read (C:\Users\win\Downloads\Global-Advertising-Platform-d9586aca12844d7c7dbe1a70fb43f4a241df4343\backend\node_modules\body-parser\lib\read.js:79:3)
    at jsonParser (C:\Users\win\Downloads\Global-Advertising-Platform-d9586aca12844d7c7dbe1a70fb43f4a241df4343\backend\node_modules\body-parser\lib\types\json.js:138:5)
    at Layer.handle [as handle_request] (C:\Users\win\Downloads\Global-Advertising-Platform-d9586aca12844d7c7dbe1a70fb43f4a241df4343\backend\node_modules\express\lib\router\layer.js:95:5)
    at trim_prefix (C:\Users\win\Downloads\Global-Advertising-Platform-d9586aca12844d7c7dbe1a70fb43f4a241df4343\backend\node_modules\express\lib\router\index.js:328:13)
    at C:\Users\win\Downloads\Global-Advertising-Platform-d9586aca12844d7c7dbe1a70fb43f4a241df4343\backend\node_modules\express\lib\router\index.js:286:9
    at Function.process_params (C:\Users\win\Downloads\Global-Advertising-Platform-d9586aca12844d7c7dbe1a70fb43f4a241df4343\backend\node_modules\express\lib\router\index.js:346:12)
    at next (C:\Users\win\Downloads\Global-Advertising-Platform-d9586aca12844d7c7dbe1a70fb43f4a241df4343\backend\node_modules\express\lib\router\index.js:280:10)
    at cors (C:\Users\win\Downloads\Global-Advertising-Platform-d9586aca12844d7c7dbe1a70fb43f4a241df4343\backend\node_modules\cors\lib\index.js:188:7) {"error":"request entity too large","path":"/api/territories/california/pixels"}
2026-01-27 11:55:53 [error]: [Error]
PayloadTooLargeError: request entity too large
    at readStream (C:\Users\win\Downloads\Global-Advertising-Platform-d9586aca12844d7c7dbe1a70fb43f4a241df4343\backend\node_modules\raw-body\index.js:163:17)
    at getRawBody (C:\Users\win\Downloads\Global-Advertising-Platform-d9586aca12844d7c7dbe1a70fb43f4a241df4343\backend\node_modules\raw-body\index.js:116:12)
    at read (C:\Users\win\Downloads\Global-Advertising-Platform-d9586aca12844d7c7dbe1a70fb43f4a241df4343\backend\node_modules\body-parser\lib\read.js:79:3)
    at jsonParser (C:\Users\win\Downloads\Global-Advertising-Platform-d9586aca12844d7c7dbe1a70fb43f4a241df4343\backend\node_modules\body-parser\lib\types\json.js:138:5)
    at Layer.handle [as handle_request] (C:\Users\win\Downloads\Global-Advertising-Platform-d9586aca12844d7c7dbe1a70fb43f4a241df4343\backend\node_modules\express\lib\router\layer.js:95:5)
    at trim_prefix (C:\Users\win\Downloads\Global-Advertising-Platform-d9586aca12844d7c7dbe1a70fb43f4a241df4343\backend\node_modules\express\lib\router\index.js:328:13)
    at C:\Users\win\Downloads\Global-Advertising-Platform-d9586aca12844d7c7dbe1a70fb43f4a241df4343\backend\node_modules\express\lib\router\index.js:286:9
    at Function.process_params (C:\Users\win\Downloads\Global-Advertising-Platform-d9586aca12844d7c7dbe1a70fb43f4a241df4343\backend\node_modules\express\lib\router\index.js:346:12)
    at next (C:\Users\win\Downloads\Global-Advertising-Platform-d9586aca12844d7c7dbe1a70fb43f4a241df4343\backend\node_modules\express\lib\router\index.js:280:10)
    at cors (C:\Users\win\Downloads\Global-Advertising-Platform-d9586aca12844d7c7dbe1a70fb43f4a241df4343\backend\node_modules\cors\lib\index.js:188:7) {"error":"request entity too large","path":"/api/territories/california/pixels"}
2026-01-27 11:55:58 [error]: [Error]
PayloadTooLargeError: request entity too large
    at readStream (C:\Users\win\Downloads\Global-Advertising-Platform-d9586aca12844d7c7dbe1a70fb43f4a241df4343\backend\node_modules\raw-body\index.js:163:17)
    at getRawBody (C:\Users\win\Downloads\Global-Advertising-Platform-d9586aca12844d7c7dbe1a70fb43f4a241df4343\backend\node_modules\raw-body\index.js:116:12)
    at read (C:\Users\win\Downloads\Global-Advertising-Platform-d9586aca12844d7c7dbe1a70fb43f4a241df4343\backend\node_modules\body-parser\lib\read.js:79:3)
    at jsonParser (C:\Users\win\Downloads\Global-Advertising-Platform-d9586aca12844d7c7dbe1a70fb43f4a241df4343\backend\node_modules\body-parser\lib\types\json.js:138:5)
    at Layer.handle [as handle_request] (C:\Users\win\Downloads\Global-Advertising-Platform-d9586aca12844d7c7dbe1a70fb43f4a241df4343\backend\node_modules\express\lib\router\layer.js:95:5)
    at trim_prefix (C:\Users\win\Downloads\Global-Advertising-Platform-d9586aca12844d7c7dbe1a70fb43f4a241df4343\backend\node_modules\express\lib\router\index.js:328:13)
    at C:\Users\win\Downloads\Global-Advertising-Platform-d9586aca12844d7c7dbe1a70fb43f4a241df4343\backend\node_modules\express\lib\router\index.js:286:9
    at Function.process_params (C:\Users\win\Downloads\Global-Advertising-Platform-d9586aca12844d7c7dbe1a70fb43f4a241df4343\backend\node_modules\express\lib\router\index.js:346:12)
    at next (C:\Users\win\Downloads\Global-Advertising-Platform-d9586aca12844d7c7dbe1a70fb43f4a241df4343\backend\node_modules\express\lib\router\index.js:280:10)
    at cors (C:\Users\win\Downloads\Global-Advertising-Platform-d9586aca12844d7c7dbe1a70fb43f4a241df4343\backend\node_modules\cors\lib\index.js:188:7) {"error":"request entity too large","path":"/api/territories/california/pixels"}
2026-01-27 11:56:04 [error]: [Error]
PayloadTooLargeError: request entity too large
    at readStream (C:\Users\win\Downloads\Global-Advertising-Platform-d9586aca12844d7c7dbe1a70fb43f4a241df4343\backend\node_modules\raw-body\index.js:163:17)
    at getRawBody (C:\Users\win\Downloads\Global-Advertising-Platform-d9586aca12844d7c7dbe1a70fb43f4a241df4343\backend\node_modules\raw-body\index.js:116:12)
    at read (C:\Users\win\Downloads\Global-Advertising-Platform-d9586aca12844d7c7dbe1a70fb43f4a241df4343\backend\node_modules\body-parser\lib\read.js:79:3)
    at jsonParser (C:\Users\win\Downloads\Global-Advertising-Platform-d9586aca12844d7c7dbe1a70fb43f4a241df4343\backend\node_modules\body-parser\lib\types\json.js:138:5)
    at Layer.handle [as handle_request] (C:\Users\win\Downloads\Global-Advertising-Platform-d9586aca12844d7c7dbe1a70fb43f4a241df4343\backend\node_modules\express\lib\router\layer.js:95:5)
    at trim_prefix (C:\Users\win\Downloads\Global-Advertising-Platform-d9586aca12844d7c7dbe1a70fb43f4a241df4343\backend\node_modules\express\lib\router\index.js:328:13)
    at C:\Users\win\Downloads\Global-Advertising-Platform-d9586aca12844d7c7dbe1a70fb43f4a241df4343\backend\node_modules\express\lib\router\index.js:286:9
    at Function.process_params (C:\Users\win\Downloads\Global-Advertising-Platform-d9586aca12844d7c7dbe1a70fb43f4a241df4343\backend\node_modules\express\lib\router\index.js:346:12)
    at next (C:\Users\win\Downloads\Global-Advertising-Platform-d9586aca12844d7c7dbe1a70fb43f4a241df4343\backend\node_modules\express\lib\router\index.js:280:10)
    at cors (C:\Users\win\Downloads\Global-Advertising-Platform-d9586aca12844d7c7dbe1a70fb43f4a241df4343\backend\node_modules\cors\lib\index.js:188:7) {"error":"request entity too large","path":"/api/territories/california/pixels"}
2026-01-27 11:56:10 [error]: [Error]
PayloadTooLargeError: request entity too large
    at readStream (C:\Users\win\Downloads\Global-Advertising-Platform-d9586aca12844d7c7dbe1a70fb43f4a241df4343\backend\node_modules\raw-body\index.js:163:17)
    at getRawBody (C:\Users\win\Downloads\Global-Advertising-Platform-d9586aca12844d7c7dbe1a70fb43f4a241df4343\backend\node_modules\raw-body\index.js:116:12)
    at read (C:\Users\win\Downloads\Global-Advertising-Platform-d9586aca12844d7c7dbe1a70fb43f4a241df4343\backend\node_modules\body-parser\lib\read.js:79:3)
    at jsonParser (C:\Users\win\Downloads\Global-Advertising-Platform-d9586aca12844d7c7dbe1a70fb43f4a241df4343\backend\node_modules\body-parser\lib\types\json.js:138:5)
    at Layer.handle [as handle_request] (C:\Users\win\Downloads\Global-Advertising-Platform-d9586aca12844d7c7dbe1a70fb43f4a241df4343\backend\node_modules\express\lib\router\layer.js:95:5)
    at trim_prefix (C:\Users\win\Downloads\Global-Advertising-Platform-d9586aca12844d7c7dbe1a70fb43f4a241df4343\backend\node_modules\express\lib\router\index.js:328:13)
    at C:\Users\win\Downloads\Global-Advertising-Platform-d9586aca12844d7c7dbe1a70fb43f4a241df4343\backend\node_modules\express\lib\router\index.js:286:9
    at Function.process_params (C:\Users\win\Downloads\Global-Advertising-Platform-d9586aca12844d7c7dbe1a70fb43f4a241df4343\backend\node_modules\express\lib\router\index.js:346:12)
    at next (C:\Users\win\Downloads\Global-Advertising-Platform-d9586aca12844d7c7dbe1a70fb43f4a241df4343\backend\node_modules\express\lib\router\index.js:280:10)
    at cors (C:\Users\win\Downloads\Global-Advertising-Platform-d9586aca12844d7c7dbe1a70fb43f4a241df4343\backend\node_modules\cors\lib\index.js:188:7) {"error":"request entity too large","path":"/api/territories/california/pixels"}
2026-01-27 11:56:16 [error]: [Error]
PayloadTooLargeError: request entity too large
    at readStream (C:\Users\win\Downloads\Global-Advertising-Platform-d9586aca12844d7c7dbe1a70fb43f4a241df4343\backend\node_modules\raw-body\index.js:163:17)
    at getRawBody (C:\Users\win\Downloads\Global-Advertising-Platform-d9586aca12844d7c7dbe1a70fb43f4a241df4343\backend\node_modules\raw-body\index.js:116:12)
    at read (C:\Users\win\Downloads\Global-Advertising-Platform-d9586aca12844d7c7dbe1a70fb43f4a241df4343\backend\node_modules\body-parser\lib\read.js:79:3)
    at jsonParser (C:\Users\win\Downloads\Global-Advertising-Platform-d9586aca12844d7c7dbe1a70fb43f4a241df4343\backend\node_modules\body-parser\lib\types\json.js:138:5)
    at Layer.handle [as handle_request] (C:\Users\win\Downloads\Global-Advertising-Platform-d9586aca12844d7c7dbe1a70fb43f4a241df4343\backend\node_modules\express\lib\router\layer.js:95:5)
    at trim_prefix (C:\Users\win\Downloads\Global-Advertising-Platform-d9586aca12844d7c7dbe1a70fb43f4a241df4343\backend\node_modules\express\lib\router\index.js:328:13)
    at C:\Users\win\Downloads\Global-Advertising-Platform-d9586aca12844d7c7dbe1a70fb43f4a241df4343\backend\node_modules\express\lib\router\index.js:286:9
    at Function.process_params (C:\Users\win\Downloads\Global-Advertising-Platform-d9586aca12844d7c7dbe1a70fb43f4a241df4343\backend\node_modules\express\lib\router\index.js:346:12)
    at next (C:\Users\win\Downloads\Global-Advertising-Platform-d9586aca12844d7c7dbe1a70fb43f4a241df4343\backend\node_modules\express\lib\router\index.js:280:10)
    at cors (C:\Users\win\Downloads\Global-Advertising-Platform-d9586aca12844d7c7dbe1a70fb43f4a241df4343\backend\node_modules\cors\lib\index.js:188:7) {"error":"request entity too large","path":"/api/territories/california/pixels"}
2026-01-27 11:56:22 [error]: [Error]
PayloadTooLargeError: request entity too large
    at readStream (C:\Users\win\Downloads\Global-Advertising-Platform-d9586aca12844d7c7dbe1a70fb43f4a241df4343\backend\node_modules\raw-body\index.js:163:17)
    at getRawBody (C:\Users\win\Downloads\Global-Advertising-Platform-d9586aca12844d7c7dbe1a70fb43f4a241df4343\backend\node_modules\raw-body\index.js:116:12)
    at read (C:\Users\win\Downloads\Global-Advertising-Platform-d9586aca12844d7c7dbe1a70fb43f4a241df4343\backend\node_modules\body-parser\lib\read.js:79:3)
    at jsonParser (C:\Users\win\Downloads\Global-Advertising-Platform-d9586aca12844d7c7dbe1a70fb43f4a241df4343\backend\node_modules\body-parser\lib\types\json.js:138:5)
    at Layer.handle [as handle_request] (C:\Users\win\Downloads\Global-Advertising-Platform-d9586aca12844d7c7dbe1a70fb43f4a241df4343\backend\node_modules\express\lib\router\layer.js:95:5)
    at trim_prefix (C:\Users\win\Downloads\Global-Advertising-Platform-d9586aca12844d7c7dbe1a70fb43f4a241df4343\backend\node_modules\express\lib\router\index.js:328:13)
    at C:\Users\win\Downloads\Global-Advertising-Platform-d9586aca12844d7c7dbe1a70fb43f4a241df4343\backend\node_modules\express\lib\router\index.js:286:9
    at Function.process_params (C:\Users\win\Downloads\Global-Advertising-Platform-d9586aca12844d7c7dbe1a70fb43f4a241df4343\backend\node_modules\express\lib\router\index.js:346:12)
    at next (C:\Users\win\Downloads\Global-Advertising-Platform-d9586aca12844d7c7dbe1a70fb43f4a241df4343\backend\node_modules\express\lib\router\index.js:280:10)
    at cors (C:\Users\win\Downloads\Global-Advertising-Platform-d9586aca12844d7c7dbe1a70fb43f4a241df4343\backend\node_modules\cors\lib\index.js:188:7) {"error":"request entity too large","path":"/api/territories/california/pixels"}
2026-01-27 11:56:28 [error]: [Error]
PayloadTooLargeError: request entity too large
    at readStream (C:\Users\win\Downloads\Global-Advertising-Platform-d9586aca12844d7c7dbe1a70fb43f4a241df4343\backend\node_modules\raw-body\index.js:163:17)
    at getRawBody (C:\Users\win\Downloads\Global-Advertising-Platform-d9586aca12844d7c7dbe1a70fb43f4a241df4343\backend\node_modules\raw-body\index.js:116:12)
    at read (C:\Users\win\Downloads\Global-Advertising-Platform-d9586aca12844d7c7dbe1a70fb43f4a241df4343\backend\node_modules\body-parser\lib\read.js:79:3)
    at jsonParser (C:\Users\win\Downloads\Global-Advertising-Platform-d9586aca12844d7c7dbe1a70fb43f4a241df4343\backend\node_modules\body-parser\lib\types\json.js:138:5)
    at Layer.handle [as handle_request] (C:\Users\win\Downloads\Global-Advertising-Platform-d9586aca12844d7c7dbe1a70fb43f4a241df4343\backend\node_modules\express\lib\router\layer.js:95:5)
    at trim_prefix (C:\Users\win\Downloads\Global-Advertising-Platform-d9586aca12844d7c7dbe1a70fb43f4a241df4343\backend\node_modules\express\lib\router\index.js:328:13)
    at C:\Users\win\Downloads\Global-Advertising-Platform-d9586aca12844d7c7dbe1a70fb43f4a241df4343\backend\node_modules\express\lib\router\index.js:286:9
    at Function.process_params (C:\Users\win\Downloads\Global-Advertising-Platform-d9586aca12844d7c7dbe1a70fb43f4a241df4343\backend\node_modules\express\lib\router\index.js:346:12)
    at next (C:\Users\win\Downloads\Global-Advertising-Platform-d9586aca12844d7c7dbe1a70fb43f4a241df4343\backend\node_modules\express\lib\router\index.js:280:10)
    at cors (C:\Users\win\Downloads\Global-Advertising-Platform-d9586aca12844d7c7dbe1a70fb43f4a241df4343\backend\node_modules\cors\lib\index.js:188:7) {"error":"request entity too large","path":"/api/territories/california/pixels"}
2026-01-27 11:56:34 [error]: [Error]
PayloadTooLargeError: request entity too large
    at readStream (C:\Users\win\Downloads\Global-Advertising-Platform-d9586aca12844d7c7dbe1a70fb43f4a241df4343\backend\node_modules\raw-body\index.js:163:17)
    at getRawBody (C:\Users\win\Downloads\Global-Advertising-Platform-d9586aca12844d7c7dbe1a70fb43f4a241df4343\backend\node_modules\raw-body\index.js:116:12)
    at read (C:\Users\win\Downloads\Global-Advertising-Platform-d9586aca12844d7c7dbe1a70fb43f4a241df4343\backend\node_modules\body-parser\lib\read.js:79:3)
    at jsonParser (C:\Users\win\Downloads\Global-Advertising-Platform-d9586aca12844d7c7dbe1a70fb43f4a241df4343\backend\node_modules\body-parser\lib\types\json.js:138:5)
    at Layer.handle [as handle_request] (C:\Users\win\Downloads\Global-Advertising-Platform-d9586aca12844d7c7dbe1a70fb43f4a241df4343\backend\node_modules\express\lib\router\layer.js:95:5)
    at trim_prefix (C:\Users\win\Downloads\Global-Advertising-Platform-d9586aca12844d7c7dbe1a70fb43f4a241df4343\backend\node_modules\express\lib\router\index.js:328:13)
    at C:\Users\win\Downloads\Global-Advertising-Platform-d9586aca12844d7c7dbe1a70fb43f4a241df4343\backend\node_modules\express\lib\router\index.js:286:9
    at Function.process_params (C:\Users\win\Downloads\Global-Advertising-Platform-d9586aca12844d7c7dbe1a70fb43f4a241df4343\backend\node_modules\express\lib\router\index.js:346:12)
    at next (C:\Users\win\Downloads\Global-Advertising-Platform-d9586aca12844d7c7dbe1a70fb43f4a241df4343\backend\node_modules\express\lib\router\index.js:280:10)
    at cors (C:\Users\win\Downloads\Global-Advertising-Platform-d9586aca12844d7c7dbe1a70fb43f4a241df4343\backend\node_modules\cors\lib\index.js:188:7) {"error":"request entity too large","path":"/api/territories/california/pixels"}
2026-01-27 11:56:40 [error]: [Error]
PayloadTooLargeError: request entity too large
    at readStream (C:\Users\win\Downloads\Global-Advertising-Platform-d9586aca12844d7c7dbe1a70fb43f4a241df4343\backend\node_modules\raw-body\index.js:163:17)
    at getRawBody (C:\Users\win\Downloads\Global-Advertising-Platform-d9586aca12844d7c7dbe1a70fb43f4a241df4343\backend\node_modules\raw-body\index.js:116:12)
    at read (C:\Users\win\Downloads\Global-Advertising-Platform-d9586aca12844d7c7dbe1a70fb43f4a241df4343\backend\node_modules\body-parser\lib\read.js:79:3)
    at jsonParser (C:\Users\win\Downloads\Global-Advertising-Platform-d9586aca12844d7c7dbe1a70fb43f4a241df4343\backend\node_modules\body-parser\lib\types\json.js:138:5)
    at Layer.handle [as handle_request] (C:\Users\win\Downloads\Global-Advertising-Platform-d9586aca12844d7c7dbe1a70fb43f4a241df4343\backend\node_modules\express\lib\router\layer.js:95:5)
    at trim_prefix (C:\Users\win\Downloads\Global-Advertising-Platform-d9586aca12844d7c7dbe1a70fb43f4a241df4343\backend\node_modules\express\lib\router\index.js:328:13)
    at C:\Users\win\Downloads\Global-Advertising-Platform-d9586aca12844d7c7dbe1a70fb43f4a241df4343\backend\node_modules\express\lib\router\index.js:286:9
    at Function.process_params (C:\Users\win\Downloads\Global-Advertising-Platform-d9586aca12844d7c7dbe1a70fb43f4a241df4343\backend\node_modules\express\lib\router\index.js:346:12)
    at next (C:\Users\win\Downloads\Global-Advertising-Platform-d9586aca12844d7c7dbe1a70fb43f4a241df4343\backend\node_modules\express\lib\router\index.js:280:10)
    at cors (C:\Users\win\Downloads\Global-Advertising-Platform-d9586aca12844d7c7dbe1a70fb43f4a241df4343\backend\node_modules\cors\lib\index.js:188:7) {"error":"request entity too large","path":"/api/territories/california/pixels"}
2026-01-27 11:56:46 [error]: [Error]
PayloadTooLargeError: request entity too large
    at readStream (C:\Users\win\Downloads\Global-Advertising-Platform-d9586aca12844d7c7dbe1a70fb43f4a241df4343\backend\node_modules\raw-body\index.js:163:17)
    at getRawBody (C:\Users\win\Downloads\Global-Advertising-Platform-d9586aca12844d7c7dbe1a70fb43f4a241df4343\backend\node_modules\raw-body\index.js:116:12)
    at read (C:\Users\win\Downloads\Global-Advertising-Platform-d9586aca12844d7c7dbe1a70fb43f4a241df4343\backend\node_modules\body-parser\lib\read.js:79:3)
    at jsonParser (C:\Users\win\Downloads\Global-Advertising-Platform-d9586aca12844d7c7dbe1a70fb43f4a241df4343\backend\node_modules\body-parser\lib\types\json.js:138:5)
    at Layer.handle [as handle_request] (C:\Users\win\Downloads\Global-Advertising-Platform-d9586aca12844d7c7dbe1a70fb43f4a241df4343\backend\node_modules\express\lib\router\layer.js:95:5)
    at trim_prefix (C:\Users\win\Downloads\Global-Advertising-Platform-d9586aca12844d7c7dbe1a70fb43f4a241df4343\backend\node_modules\express\lib\router\index.js:328:13)
    at C:\Users\win\Downloads\Global-Advertising-Platform-d9586aca12844d7c7dbe1a70fb43f4a241df4343\backend\node_modules\express\lib\router\index.js:286:9
    at Function.process_params (C:\Users\win\Downloads\Global-Advertising-Platform-d9586aca12844d7c7dbe1a70fb43f4a241df4343\backend\node_modules\express\lib\router\index.js:346:12)
    at next (C:\Users\win\Downloads\Global-Advertising-Platform-d9586aca12844d7c7dbe1a70fb43f4a241df4343\backend\node_modules\express\lib\router\index.js:280:10)
    at cors (C:\Users\win\Downloads\Global-Advertising-Platform-d9586aca12844d7c7dbe1a70fb43f4a241df4343\backend\node_modules\cors\lib\index.js:188:7) {"error":"request entity too large","path":"/api/territories/california/pixels"}
2026-01-27 11:56:52 [error]: [Error]
PayloadTooLargeError: request entity too large
    at readStream (C:\Users\win\Downloads\Global-Advertising-Platform-d9586aca12844d7c7dbe1a70fb43f4a241df4343\backend\node_modules\raw-body\index.js:163:17)
    at getRawBody (C:\Users\win\Downloads\Global-Advertising-Platform-d9586aca12844d7c7dbe1a70fb43f4a241df4343\backend\node_modules\raw-body\index.js:116:12)
    at read (C:\Users\win\Downloads\Global-Advertising-Platform-d9586aca12844d7c7dbe1a70fb43f4a241df4343\backend\node_modules\body-parser\lib\read.js:79:3)
    at jsonParser (C:\Users\win\Downloads\Global-Advertising-Platform-d9586aca12844d7c7dbe1a70fb43f4a241df4343\backend\node_modules\body-parser\lib\types\json.js:138:5)
    at Layer.handle [as handle_request] (C:\Users\win\Downloads\Global-Advertising-Platform-d9586aca12844d7c7dbe1a70fb43f4a241df4343\backend\node_modules\express\lib\router\layer.js:95:5)
    at trim_prefix (C:\Users\win\Downloads\Global-Advertising-Platform-d9586aca12844d7c7dbe1a70fb43f4a241df4343\backend\node_modules\express\lib\router\index.js:328:13)
    at C:\Users\win\Downloads\Global-Advertising-Platform-d9586aca12844d7c7dbe1a70fb43f4a241df4343\backend\node_modules\express\lib\router\index.js:286:9
    at Function.process_params (C:\Users\win\Downloads\Global-Advertising-Platform-d9586aca12844d7c7dbe1a70fb43f4a241df4343\backend\node_modules\express\lib\router\index.js:346:12)
    at next (C:\Users\win\Downloads\Global-Advertising-Platform-d9586aca12844d7c7dbe1a70fb43f4a241df4343\backend\node_modules\express\lib\router\index.js:280:10)
    at cors (C:\Users\win\Downloads\Global-Advertising-Platform-d9586aca12844d7c7dbe1a70fb43f4a241df4343\backend\node_modules\cors\lib\index.js:188:7) {"error":"request entity too large","path":"/api/territories/california/pixels"}
2026-01-27 11:56:58 [error]: [Error]
PayloadTooLargeError: request entity too large
    at readStream (C:\Users\win\Downloads\Global-Advertising-Platform-d9586aca12844d7c7dbe1a70fb43f4a241df4343\backend\node_modules\raw-body\index.js:163:17)
    at getRawBody (C:\Users\win\Downloads\Global-Advertising-Platform-d9586aca12844d7c7dbe1a70fb43f4a241df4343\backend\node_modules\raw-body\index.js:116:12)
    at read (C:\Users\win\Downloads\Global-Advertising-Platform-d9586aca12844d7c7dbe1a70fb43f4a241df4343\backend\node_modules\body-parser\lib\read.js:79:3)
    at jsonParser (C:\Users\win\Downloads\Global-Advertising-Platform-d9586aca12844d7c7dbe1a70fb43f4a241df4343\backend\node_modules\body-parser\lib\types\json.js:138:5)
    at Layer.handle [as handle_request] (C:\Users\win\Downloads\Global-Advertising-Platform-d9586aca12844d7c7dbe1a70fb43f4a241df4343\backend\node_modules\express\lib\router\layer.js:95:5)
    at trim_prefix (C:\Users\win\Downloads\Global-Advertising-Platform-d9586aca12844d7c7dbe1a70fb43f4a241df4343\backend\node_modules\express\lib\router\index.js:328:13)
    at C:\Users\win\Downloads\Global-Advertising-Platform-d9586aca12844d7c7dbe1a70fb43f4a241df4343\backend\node_modules\express\lib\router\index.js:286:9
    at Function.process_params (C:\Users\win\Downloads\Global-Advertising-Platform-d9586aca12844d7c7dbe1a70fb43f4a241df4343\backend\node_modules\express\lib\router\index.js:346:12)
    at next (C:\Users\win\Downloads\Global-Advertising-Platform-d9586aca12844d7c7dbe1a70fb43f4a241df4343\backend\node_modules\express\lib\router\index.js:280:10)
    at cors (C:\Users\win\Downloads\Global-Advertising-Platform-d9586aca12844d7c7dbe1a70fb43f4a241df4343\backend\node_modules\cors\lib\index.js:188:7) {"error":"request entity too large","path":"/api/territories/california/pixels"}
2026-01-27 11:57:03 [error]: [Error]
PayloadTooLargeError: request entity too large
    at readStream (C:\Users\win\Downloads\Global-Advertising-Platform-d9586aca12844d7c7dbe1a70fb43f4a241df4343\backend\node_modules\raw-body\index.js:163:17)
    at getRawBody (C:\Users\win\Downloads\Global-Advertising-Platform-d9586aca12844d7c7dbe1a70fb43f4a241df4343\backend\node_modules\raw-body\index.js:116:12)
    at read (C:\Users\win\Downloads\Global-Advertising-Platform-d9586aca12844d7c7dbe1a70fb43f4a241df4343\backend\node_modules\body-parser\lib\read.js:79:3)
    at jsonParser (C:\Users\win\Downloads\Global-Advertising-Platform-d9586aca12844d7c7dbe1a70fb43f4a241df4343\backend\node_modules\body-parser\lib\types\json.js:138:5)
    at Layer.handle [as handle_request] (C:\Users\win\Downloads\Global-Advertising-Platform-d9586aca12844d7c7dbe1a70fb43f4a241df4343\backend\node_modules\express\lib\router\layer.js:95:5)
    at trim_prefix (C:\Users\win\Downloads\Global-Advertising-Platform-d9586aca12844d7c7dbe1a70fb43f4a241df4343\backend\node_modules\express\lib\router\index.js:328:13)
    at C:\Users\win\Downloads\Global-Advertising-Platform-d9586aca12844d7c7dbe1a70fb43f4a241df4343\backend\node_modules\express\lib\router\index.js:286:9
    at Function.process_params (C:\Users\win\Downloads\Global-Advertising-Platform-d9586aca12844d7c7dbe1a70fb43f4a241df4343\backend\node_modules\express\lib\router\index.js:346:12)
    at next (C:\Users\win\Downloads\Global-Advertising-Platform-d9586aca12844d7c7dbe1a70fb43f4a241df4343\backend\node_modules\express\lib\router\index.js:280:10)
    at cors (C:\Users\win\Downloads\Global-Advertising-Platform-d9586aca12844d7c7dbe1a70fb43f4a241df4343\backend\node_modules\cors\lib\index.js:188:7) {"error":"request entity too large","path":"/api/territories/california/pixels"}
2026-01-27 11:57:09 [error]: [Error]
PayloadTooLargeError: request entity too large
    at readStream (C:\Users\win\Downloads\Global-Advertising-Platform-d9586aca12844d7c7dbe1a70fb43f4a241df4343\backend\node_modules\raw-body\index.js:163:17)
    at getRawBody (C:\Users\win\Downloads\Global-Advertising-Platform-d9586aca12844d7c7dbe1a70fb43f4a241df4343\backend\node_modules\raw-body\index.js:116:12)
    at read (C:\Users\win\Downloads\Global-Advertising-Platform-d9586aca12844d7c7dbe1a70fb43f4a241df4343\backend\node_modules\body-parser\lib\read.js:79:3)
    at jsonParser (C:\Users\win\Downloads\Global-Advertising-Platform-d9586aca12844d7c7dbe1a70fb43f4a241df4343\backend\node_modules\body-parser\lib\types\json.js:138:5)
    at Layer.handle [as handle_request] (C:\Users\win\Downloads\Global-Advertising-Platform-d9586aca12844d7c7dbe1a70fb43f4a241df4343\backend\node_modules\express\lib\router\layer.js:95:5)
    at trim_prefix (C:\Users\win\Downloads\Global-Advertising-Platform-d9586aca12844d7c7dbe1a70fb43f4a241df4343\backend\node_modules\express\lib\router\index.js:328:13)
    at C:\Users\win\Downloads\Global-Advertising-Platform-d9586aca12844d7c7dbe1a70fb43f4a241df4343\backend\node_modules\express\lib\router\index.js:286:9
    at Function.process_params (C:\Users\win\Downloads\Global-Advertising-Platform-d9586aca12844d7c7dbe1a70fb43f4a241df4343\backend\node_modules\express\lib\router\index.js:346:12)
    at next (C:\Users\win\Downloads\Global-Advertising-Platform-d9586aca12844d7c7dbe1a70fb43f4a241df4343\backend\node_modules\express\lib\router\index.js:280:10)
    at cors (C:\Users\win\Downloads\Global-Advertising-Platform-d9586aca12844d7c7dbe1a70fb43f4a241df4343\backend\node_modules\cors\lib\index.js:188:7) {"error":"request entity too large","path":"/api/territories/california/pixels"}
2026-01-27 11:57:15 [error]: [Error]
PayloadTooLargeError: request entity too large
    at readStream (C:\Users\win\Downloads\Global-Advertising-Platform-d9586aca12844d7c7dbe1a70fb43f4a241df4343\backend\node_modules\raw-body\index.js:163:17)
    at getRawBody (C:\Users\win\Downloads\Global-Advertising-Platform-d9586aca12844d7c7dbe1a70fb43f4a241df4343\backend\node_modules\raw-body\index.js:116:12)
    at read (C:\Users\win\Downloads\Global-Advertising-Platform-d9586aca12844d7c7dbe1a70fb43f4a241df4343\backend\node_modules\body-parser\lib\read.js:79:3)
    at jsonParser (C:\Users\win\Downloads\Global-Advertising-Platform-d9586aca12844d7c7dbe1a70fb43f4a241df4343\backend\node_modules\body-parser\lib\types\json.js:138:5)
    at Layer.handle [as handle_request] (C:\Users\win\Downloads\Global-Advertising-Platform-d9586aca12844d7c7dbe1a70fb43f4a241df4343\backend\node_modules\express\lib\router\layer.js:95:5)
    at trim_prefix (C:\Users\win\Downloads\Global-Advertising-Platform-d9586aca12844d7c7dbe1a70fb43f4a241df4343\backend\node_modules\express\lib\router\index.js:328:13)
    at C:\Users\win\Downloads\Global-Advertising-Platform-d9586aca12844d7c7dbe1a70fb43f4a241df4343\backend\node_modules\express\lib\router\index.js:286:9
    at Function.process_params (C:\Users\win\Downloads\Global-Advertising-Platform-d9586aca12844d7c7dbe1a70fb43f4a241df4343\backend\node_modules\express\lib\router\index.js:346:12)
    at next (C:\Users\win\Downloads\Global-Advertising-Platform-d9586aca12844d7c7dbe1a70fb43f4a241df4343\backend\node_modules\express\lib\router\index.js:280:10)
    at cors (C:\Users\win\Downloads\Global-Advertising-Platform-d9586aca12844d7c7dbe1a70fb43f4a241df4343\backend\node_modules\cors\lib\index.js:188:7) {"error":"request entity too large","path":"/api/territories/california/pixels"}
2026-01-27 11:57:21 [error]: [Error]
PayloadTooLargeError: request entity too large
    at readStream (C:\Users\win\Downloads\Global-Advertising-Platform-d9586aca12844d7c7dbe1a70fb43f4a241df4343\backend\node_modules\raw-body\index.js:163:17)
    at getRawBody (C:\Users\win\Downloads\Global-Advertising-Platform-d9586aca12844d7c7dbe1a70fb43f4a241df4343\backend\node_modules\raw-body\index.js:116:12)
    at read (C:\Users\win\Downloads\Global-Advertising-Platform-d9586aca12844d7c7dbe1a70fb43f4a241df4343\backend\node_modules\body-parser\lib\read.js:79:3)
    at jsonParser (C:\Users\win\Downloads\Global-Advertising-Platform-d9586aca12844d7c7dbe1a70fb43f4a241df4343\backend\node_modules\body-parser\lib\types\json.js:138:5)
    at Layer.handle [as handle_request] (C:\Users\win\Downloads\Global-Advertising-Platform-d9586aca12844d7c7dbe1a70fb43f4a241df4343\backend\node_modules\express\lib\router\layer.js:95:5)
    at trim_prefix (C:\Users\win\Downloads\Global-Advertising-Platform-d9586aca12844d7c7dbe1a70fb43f4a241df4343\backend\node_modules\express\lib\router\index.js:328:13)
    at C:\Users\win\Downloads\Global-Advertising-Platform-d9586aca12844d7c7dbe1a70fb43f4a241df4343\backend\node_modules\express\lib\router\index.js:286:9
    at Function.process_params (C:\Users\win\Downloads\Global-Advertising-Platform-d9586aca12844d7c7dbe1a70fb43f4a241df4343\backend\node_modules\express\lib\router\index.js:346:12)
    at next (C:\Users\win\Downloads\Global-Advertising-Platform-d9586aca12844d7c7dbe1a70fb43f4a241df4343\backend\node_modules\express\lib\router\index.js:280:10)
    at cors (C:\Users\win\Downloads\Global-Advertising-Platform-d9586aca12844d7c7dbe1a70fb43f4a241df4343\backend\node_modules\cors\lib\index.js:188:7) {"error":"request entity too large","path":"/api/territories/california/pixels"}
2026-01-27 11:57:27 [error]: [Error]
PayloadTooLargeError: request entity too large
    at readStream (C:\Users\win\Downloads\Global-Advertising-Platform-d9586aca12844d7c7dbe1a70fb43f4a241df4343\backend\node_modules\raw-body\index.js:163:17)
    at getRawBody (C:\Users\win\Downloads\Global-Advertising-Platform-d9586aca12844d7c7dbe1a70fb43f4a241df4343\backend\node_modules\raw-body\index.js:116:12)
    at read (C:\Users\win\Downloads\Global-Advertising-Platform-d9586aca12844d7c7dbe1a70fb43f4a241df4343\backend\node_modules\body-parser\lib\read.js:79:3)
    at jsonParser (C:\Users\win\Downloads\Global-Advertising-Platform-d9586aca12844d7c7dbe1a70fb43f4a241df4343\backend\node_modules\body-parser\lib\types\json.js:138:5)
    at Layer.handle [as handle_request] (C:\Users\win\Downloads\Global-Advertising-Platform-d9586aca12844d7c7dbe1a70fb43f4a241df4343\backend\node_modules\express\lib\router\layer.js:95:5)
    at trim_prefix (C:\Users\win\Downloads\Global-Advertising-Platform-d9586aca12844d7c7dbe1a70fb43f4a241df4343\backend\node_modules\express\lib\router\index.js:328:13)
    at C:\Users\win\Downloads\Global-Advertising-Platform-d9586aca12844d7c7dbe1a70fb43f4a241df4343\backend\node_modules\express\lib\router\index.js:286:9
    at Function.process_params (C:\Users\win\Downloads\Global-Advertising-Platform-d9586aca12844d7c7dbe1a70fb43f4a241df4343\backend\node_modules\express\lib\router\index.js:346:12)
    at next (C:\Users\win\Downloads\Global-Advertising-Platform-d9586aca12844d7c7dbe1a70fb43f4a241df4343\backend\node_modules\express\lib\router\index.js:280:10)
    at cors (C:\Users\win\Downloads\Global-Advertising-Platform-d9586aca12844d7c7dbe1a70fb43f4a241df4343\backend\node_modules\cors\lib\index.js:188:7) {"error":"request entity too large","path":"/api/territories/california/pixels"}
2026-01-27 11:57:33 [error]: [Error]
PayloadTooLargeError: request entity too large
    at readStream (C:\Users\win\Downloads\Global-Advertising-Platform-d9586aca12844d7c7dbe1a70fb43f4a241df4343\backend\node_modules\raw-body\index.js:163:17)
    at getRawBody (C:\Users\win\Downloads\Global-Advertising-Platform-d9586aca12844d7c7dbe1a70fb43f4a241df4343\backend\node_modules\raw-body\index.js:116:12)
    at read (C:\Users\win\Downloads\Global-Advertising-Platform-d9586aca12844d7c7dbe1a70fb43f4a241df4343\backend\node_modules\body-parser\lib\read.js:79:3)
    at jsonParser (C:\Users\win\Downloads\Global-Advertising-Platform-d9586aca12844d7c7dbe1a70fb43f4a241df4343\backend\node_modules\body-parser\lib\types\json.js:138:5)
    at Layer.handle [as handle_request] (C:\Users\win\Downloads\Global-Advertising-Platform-d9586aca12844d7c7dbe1a70fb43f4a241df4343\backend\node_modules\express\lib\router\layer.js:95:5)
    at trim_prefix (C:\Users\win\Downloads\Global-Advertising-Platform-d9586aca12844d7c7dbe1a70fb43f4a241df4343\backend\node_modules\express\lib\router\index.js:328:13)
    at C:\Users\win\Downloads\Global-Advertising-Platform-d9586aca12844d7c7dbe1a70fb43f4a241df4343\backend\node_modules\express\lib\router\index.js:286:9
    at Function.process_params (C:\Users\win\Downloads\Global-Advertising-Platform-d9586aca12844d7c7dbe1a70fb43f4a241df4343\backend\node_modules\express\lib\router\index.js:346:12)
    at next (C:\Users\win\Downloads\Global-Advertising-Platform-d9586aca12844d7c7dbe1a70fb43f4a241df4343\backend\node_modules\express\lib\router\index.js:280:10)
    at cors (C:\Users\win\Downloads\Global-Advertising-Platform-d9586aca12844d7c7dbe1a70fb43f4a241df4343\backend\node_modules\cors\lib\index.js:188:7) {"error":"request entity too large","path":"/api/territories/california/pixels"}
2026-01-27 11:57:38 [error]: [Error]
PayloadTooLargeError: request entity too large
    at readStream (C:\Users\win\Downloads\Global-Advertising-Platform-d9586aca12844d7c7dbe1a70fb43f4a241df4343\backend\node_modules\raw-body\index.js:163:17)
    at getRawBody (C:\Users\win\Downloads\Global-Advertising-Platform-d9586aca12844d7c7dbe1a70fb43f4a241df4343\backend\node_modules\raw-body\index.js:116:12)
    at read (C:\Users\win\Downloads\Global-Advertising-Platform-d9586aca12844d7c7dbe1a70fb43f4a241df4343\backend\node_modules\body-parser\lib\read.js:79:3)
    at jsonParser (C:\Users\win\Downloads\Global-Advertising-Platform-d9586aca12844d7c7dbe1a70fb43f4a241df4343\backend\node_modules\body-parser\lib\types\json.js:138:5)
    at Layer.handle [as handle_request] (C:\Users\win\Downloads\Global-Advertising-Platform-d9586aca12844d7c7dbe1a70fb43f4a241df4343\backend\node_modules\express\lib\router\layer.js:95:5)
    at trim_prefix (C:\Users\win\Downloads\Global-Advertising-Platform-d9586aca12844d7c7dbe1a70fb43f4a241df4343\backend\node_modules\express\lib\router\index.js:328:13)
    at C:\Users\win\Downloads\Global-Advertising-Platform-d9586aca12844d7c7dbe1a70fb43f4a241df4343\backend\node_modules\express\lib\router\index.js:286:9
    at Function.process_params (C:\Users\win\Downloads\Global-Advertising-Platform-d9586aca12844d7c7dbe1a70fb43f4a241df4343\backend\node_modules\express\lib\router\index.js:346:12)
    at next (C:\Users\win\Downloads\Global-Advertising-Platform-d9586aca12844d7c7dbe1a70fb43f4a241df4343\backend\node_modules\express\lib\router\index.js:280:10)
    at cors (C:\Users\win\Downloads\Global-Advertising-Platform-d9586aca12844d7c7dbe1a70fb43f4a241df4343\backend\node_modules\cors\lib\index.js:188:7) {"error":"request entity too large","path":"/api/territories/california/pixels"}
2026-01-27 11:57:44 [error]: [Error]
PayloadTooLargeError: request entity too large
    at readStream (C:\Users\win\Downloads\Global-Advertising-Platform-d9586aca12844d7c7dbe1a70fb43f4a241df4343\backend\node_modules\raw-body\index.js:163:17)
    at getRawBody (C:\Users\win\Downloads\Global-Advertising-Platform-d9586aca12844d7c7dbe1a70fb43f4a241df4343\backend\node_modules\raw-body\index.js:116:12)
    at read (C:\Users\win\Downloads\Global-Advertising-Platform-d9586aca12844d7c7dbe1a70fb43f4a241df4343\backend\node_modules\body-parser\lib\read.js:79:3)
    at jsonParser (C:\Users\win\Downloads\Global-Advertising-Platform-d9586aca12844d7c7dbe1a70fb43f4a241df4343\backend\node_modules\body-parser\lib\types\json.js:138:5)
    at Layer.handle [as handle_request] (C:\Users\win\Downloads\Global-Advertising-Platform-d9586aca12844d7c7dbe1a70fb43f4a241df4343\backend\node_modules\express\lib\router\layer.js:95:5)
    at trim_prefix (C:\Users\win\Downloads\Global-Advertising-Platform-d9586aca12844d7c7dbe1a70fb43f4a241df4343\backend\node_modules\express\lib\router\index.js:328:13)
    at C:\Users\win\Downloads\Global-Advertising-Platform-d9586aca12844d7c7dbe1a70fb43f4a241df4343\backend\node_modules\express\lib\router\index.js:286:9
    at Function.process_params (C:\Users\win\Downloads\Global-Advertising-Platform-d9586aca12844d7c7dbe1a70fb43f4a241df4343\backend\node_modules\express\lib\router\index.js:346:12)
    at next (C:\Users\win\Downloads\Global-Advertising-Platform-d9586aca12844d7c7dbe1a70fb43f4a241df4343\backend\node_modules\express\lib\router\index.js:280:10)
    at cors (C:\Users\win\Downloads\Global-Advertising-Platform-d9586aca12844d7c7dbe1a70fb43f4a241df4343\backend\node_modules\cors\lib\index.js:188:7) {"error":"request entity too large","path":"/api/territories/california/pixels"}
2026-01-27 11:57:50 [error]: [Error]
PayloadTooLargeError: request entity too large
    at readStream (C:\Users\win\Downloads\Global-Advertising-Platform-d9586aca12844d7c7dbe1a70fb43f4a241df4343\backend\node_modules\raw-body\index.js:163:17)
    at getRawBody (C:\Users\win\Downloads\Global-Advertising-Platform-d9586aca12844d7c7dbe1a70fb43f4a241df4343\backend\node_modules\raw-body\index.js:116:12)
    at read (C:\Users\win\Downloads\Global-Advertising-Platform-d9586aca12844d7c7dbe1a70fb43f4a241df4343\backend\node_modules\body-parser\lib\read.js:79:3)
    at jsonParser (C:\Users\win\Downloads\Global-Advertising-Platform-d9586aca12844d7c7dbe1a70fb43f4a241df4343\backend\node_modules\body-parser\lib\types\json.js:138:5)
    at Layer.handle [as handle_request] (C:\Users\win\Downloads\Global-Advertising-Platform-d9586aca12844d7c7dbe1a70fb43f4a241df4343\backend\node_modules\express\lib\router\layer.js:95:5)
    at trim_prefix (C:\Users\win\Downloads\Global-Advertising-Platform-d9586aca12844d7c7dbe1a70fb43f4a241df4343\backend\node_modules\express\lib\router\index.js:328:13)
    at C:\Users\win\Downloads\Global-Advertising-Platform-d9586aca12844d7c7dbe1a70fb43f4a241df4343\backend\node_modules\express\lib\router\index.js:286:9
    at Function.process_params (C:\Users\win\Downloads\Global-Advertising-Platform-d9586aca12844d7c7dbe1a70fb43f4a241df4343\backend\node_modules\express\lib\router\index.js:346:12)
    at next (C:\Users\win\Downloads\Global-Advertising-Platform-d9586aca12844d7c7dbe1a70fb43f4a241df4343\backend\node_modules\express\lib\router\index.js:280:10)
    at cors (C:\Users\win\Downloads\Global-Advertising-Platform-d9586aca12844d7c7dbe1a70fb43f4a241df4343\backend\node_modules\cors\lib\index.js:188:7) {"error":"request entity too large","path":"/api/territories/california/pixels"}
2026-01-27 11:57:56 [error]: [Error]
PayloadTooLargeError: request entity too large
    at readStream (C:\Users\win\Downloads\Global-Advertising-Platform-d9586aca12844d7c7dbe1a70fb43f4a241df4343\backend\node_modules\raw-body\index.js:163:17)
    at getRawBody (C:\Users\win\Downloads\Global-Advertising-Platform-d9586aca12844d7c7dbe1a70fb43f4a241df4343\backend\node_modules\raw-body\index.js:116:12)
    at read (C:\Users\win\Downloads\Global-Advertising-Platform-d9586aca12844d7c7dbe1a70fb43f4a241df4343\backend\node_modules\body-parser\lib\read.js:79:3)
    at jsonParser (C:\Users\win\Downloads\Global-Advertising-Platform-d9586aca12844d7c7dbe1a70fb43f4a241df4343\backend\node_modules\body-parser\lib\types\json.js:138:5)
    at Layer.handle [as handle_request] (C:\Users\win\Downloads\Global-Advertising-Platform-d9586aca12844d7c7dbe1a70fb43f4a241df4343\backend\node_modules\express\lib\router\layer.js:95:5)
    at trim_prefix (C:\Users\win\Downloads\Global-Advertising-Platform-d9586aca12844d7c7dbe1a70fb43f4a241df4343\backend\node_modules\express\lib\router\index.js:328:13)
    at C:\Users\win\Downloads\Global-Advertising-Platform-d9586aca12844d7c7dbe1a70fb43f4a241df4343\backend\node_modules\express\lib\router\index.js:286:9
    at Function.process_params (C:\Users\win\Downloads\Global-Advertising-Platform-d9586aca12844d7c7dbe1a70fb43f4a241df4343\backend\node_modules\express\lib\router\index.js:346:12)
    at next (C:\Users\win\Downloads\Global-Advertising-Platform-d9586aca12844d7c7dbe1a70fb43f4a241df4343\backend\node_modules\express\lib\router\index.js:280:10)
    at cors (C:\Users\win\Downloads\Global-Advertising-Platform-d9586aca12844d7c7dbe1a70fb43f4a241df4343\backend\node_modules\cors\lib\index.js:188:7) {"error":"request entity too large","path":"/api/territories/california/pixels"}
2026-01-27 11:58:02 [error]: [Error]
PayloadTooLargeError: request entity too large
    at readStream (C:\Users\win\Downloads\Global-Advertising-Platform-d9586aca12844d7c7dbe1a70fb43f4a241df4343\backend\node_modules\raw-body\index.js:163:17)
    at getRawBody (C:\Users\win\Downloads\Global-Advertising-Platform-d9586aca12844d7c7dbe1a70fb43f4a241df4343\backend\node_modules\raw-body\index.js:116:12)
    at read (C:\Users\win\Downloads\Global-Advertising-Platform-d9586aca12844d7c7dbe1a70fb43f4a241df4343\backend\node_modules\body-parser\lib\read.js:79:3)
    at jsonParser (C:\Users\win\Downloads\Global-Advertising-Platform-d9586aca12844d7c7dbe1a70fb43f4a241df4343\backend\node_modules\body-parser\lib\types\json.js:138:5)
    at Layer.handle [as handle_request] (C:\Users\win\Downloads\Global-Advertising-Platform-d9586aca12844d7c7dbe1a70fb43f4a241df4343\backend\node_modules\express\lib\router\layer.js:95:5)
    at trim_prefix (C:\Users\win\Downloads\Global-Advertising-Platform-d9586aca12844d7c7dbe1a70fb43f4a241df4343\backend\node_modules\express\lib\router\index.js:328:13)
    at C:\Users\win\Downloads\Global-Advertising-Platform-d9586aca12844d7c7dbe1a70fb43f4a241df4343\backend\node_modules\express\lib\router\index.js:286:9
    at Function.process_params (C:\Users\win\Downloads\Global-Advertising-Platform-d9586aca12844d7c7dbe1a70fb43f4a241df4343\backend\node_modules\express\lib\router\index.js:346:12)
    at next (C:\Users\win\Downloads\Global-Advertising-Platform-d9586aca12844d7c7dbe1a70fb43f4a241df4343\backend\node_modules\express\lib\router\index.js:280:10)
    at cors (C:\Users\win\Downloads\Global-Advertising-Platform-d9586aca12844d7c7dbe1a70fb43f4a241df4343\backend\node_modules\cors\lib\index.js:188:7) {"error":"request entity too large","path":"/api/territories/california/pixels"}
2026-01-27 11:58:08 [error]: [Error]
PayloadTooLargeError: request entity too large
    at readStream (C:\Users\win\Downloads\Global-Advertising-Platform-d9586aca12844d7c7dbe1a70fb43f4a241df4343\backend\node_modules\raw-body\index.js:163:17)
    at getRawBody (C:\Users\win\Downloads\Global-Advertising-Platform-d9586aca12844d7c7dbe1a70fb43f4a241df4343\backend\node_modules\raw-body\index.js:116:12)
    at read (C:\Users\win\Downloads\Global-Advertising-Platform-d9586aca12844d7c7dbe1a70fb43f4a241df4343\backend\node_modules\body-parser\lib\read.js:79:3)
    at jsonParser (C:\Users\win\Downloads\Global-Advertising-Platform-d9586aca12844d7c7dbe1a70fb43f4a241df4343\backend\node_modules\body-parser\lib\types\json.js:138:5)
    at Layer.handle [as handle_request] (C:\Users\win\Downloads\Global-Advertising-Platform-d9586aca12844d7c7dbe1a70fb43f4a241df4343\backend\node_modules\express\lib\router\layer.js:95:5)
    at trim_prefix (C:\Users\win\Downloads\Global-Advertising-Platform-d9586aca12844d7c7dbe1a70fb43f4a241df4343\backend\node_modules\express\lib\router\index.js:328:13)
    at C:\Users\win\Downloads\Global-Advertising-Platform-d9586aca12844d7c7dbe1a70fb43f4a241df4343\backend\node_modules\express\lib\router\index.js:286:9
    at Function.process_params (C:\Users\win\Downloads\Global-Advertising-Platform-d9586aca12844d7c7dbe1a70fb43f4a241df4343\backend\node_modules\express\lib\router\index.js:346:12)
    at next (C:\Users\win\Downloads\Global-Advertising-Platform-d9586aca12844d7c7dbe1a70fb43f4a241df4343\backend\node_modules\express\lib\router\index.js:280:10)
    at cors (C:\Users\win\Downloads\Global-Advertising-Platform-d9586aca12844d7c7dbe1a70fb43f4a241df4343\backend\node_modules\cors\lib\index.js:188:7) {"error":"request entity too large","path":"/api/territories/california/pixels"}
2026-01-27 11:58:14 [error]: [Error]
PayloadTooLargeError: request entity too large
    at readStream (C:\Users\win\Downloads\Global-Advertising-Platform-d9586aca12844d7c7dbe1a70fb43f4a241df4343\backend\node_modules\raw-body\index.js:163:17)
    at getRawBody (C:\Users\win\Downloads\Global-Advertising-Platform-d9586aca12844d7c7dbe1a70fb43f4a241df4343\backend\node_modules\raw-body\index.js:116:12)
    at read (C:\Users\win\Downloads\Global-Advertising-Platform-d9586aca12844d7c7dbe1a70fb43f4a241df4343\backend\node_modules\body-parser\lib\read.js:79:3)
    at jsonParser (C:\Users\win\Downloads\Global-Advertising-Platform-d9586aca12844d7c7dbe1a70fb43f4a241df4343\backend\node_modules\body-parser\lib\types\json.js:138:5)
    at Layer.handle [as handle_request] (C:\Users\win\Downloads\Global-Advertising-Platform-d9586aca12844d7c7dbe1a70fb43f4a241df4343\backend\node_modules\express\lib\router\layer.js:95:5)
    at trim_prefix (C:\Users\win\Downloads\Global-Advertising-Platform-d9586aca12844d7c7dbe1a70fb43f4a241df4343\backend\node_modules\express\lib\router\index.js:328:13)
    at C:\Users\win\Downloads\Global-Advertising-Platform-d9586aca12844d7c7dbe1a70fb43f4a241df4343\backend\node_modules\express\lib\router\index.js:286:9
    at Function.process_params (C:\Users\win\Downloads\Global-Advertising-Platform-d9586aca12844d7c7dbe1a70fb43f4a241df4343\backend\node_modules\express\lib\router\index.js:346:12)
    at next (C:\Users\win\Downloads\Global-Advertising-Platform-d9586aca12844d7c7dbe1a70fb43f4a241df4343\backend\node_modules\express\lib\router\index.js:280:10)
    at cors (C:\Users\win\Downloads\Global-Advertising-Platform-d9586aca12844d7c7dbe1a70fb43f4a241df4343\backend\node_modules\cors\lib\index.js:188:7) {"error":"request entity too large","path":"/api/territories/california/pixels"}
2026-01-27 11:58:20 [error]: [Error]
PayloadTooLargeError: request entity too large
    at readStream (C:\Users\win\Downloads\Global-Advertising-Platform-d9586aca12844d7c7dbe1a70fb43f4a241df4343\backend\node_modules\raw-body\index.js:163:17)
    at getRawBody (C:\Users\win\Downloads\Global-Advertising-Platform-d9586aca12844d7c7dbe1a70fb43f4a241df4343\backend\node_modules\raw-body\index.js:116:12)
    at read (C:\Users\win\Downloads\Global-Advertising-Platform-d9586aca12844d7c7dbe1a70fb43f4a241df4343\backend\node_modules\body-parser\lib\read.js:79:3)
    at jsonParser (C:\Users\win\Downloads\Global-Advertising-Platform-d9586aca12844d7c7dbe1a70fb43f4a241df4343\backend\node_modules\body-parser\lib\types\json.js:138:5)
    at Layer.handle [as handle_request] (C:\Users\win\Downloads\Global-Advertising-Platform-d9586aca12844d7c7dbe1a70fb43f4a241df4343\backend\node_modules\express\lib\router\layer.js:95:5)
    at trim_prefix (C:\Users\win\Downloads\Global-Advertising-Platform-d9586aca12844d7c7dbe1a70fb43f4a241df4343\backend\node_modules\express\lib\router\index.js:328:13)
    at C:\Users\win\Downloads\Global-Advertising-Platform-d9586aca12844d7c7dbe1a70fb43f4a241df4343\backend\node_modules\express\lib\router\index.js:286:9
    at Function.process_params (C:\Users\win\Downloads\Global-Advertising-Platform-d9586aca12844d7c7dbe1a70fb43f4a241df4343\backend\node_modules\express\lib\router\index.js:346:12)
    at next (C:\Users\win\Downloads\Global-Advertising-Platform-d9586aca12844d7c7dbe1a70fb43f4a241df4343\backend\node_modules\express\lib\router\index.js:280:10)
    at cors (C:\Users\win\Downloads\Global-Advertising-Platform-d9586aca12844d7c7dbe1a70fb43f4a241df4343\backend\node_modules\cors\lib\index.js:188:7) {"error":"request entity too large","path":"/api/territories/california/pixels"}
2026-01-27 11:58:26 [error]: [Error]
PayloadTooLargeError: request entity too large
    at readStream (C:\Users\win\Downloads\Global-Advertising-Platform-d9586aca12844d7c7dbe1a70fb43f4a241df4343\backend\node_modules\raw-body\index.js:163:17)
    at getRawBody (C:\Users\win\Downloads\Global-Advertising-Platform-d9586aca12844d7c7dbe1a70fb43f4a241df4343\backend\node_modules\raw-body\index.js:116:12)
    at read (C:\Users\win\Downloads\Global-Advertising-Platform-d9586aca12844d7c7dbe1a70fb43f4a241df4343\backend\node_modules\body-parser\lib\read.js:79:3)
    at jsonParser (C:\Users\win\Downloads\Global-Advertising-Platform-d9586aca12844d7c7dbe1a70fb43f4a241df4343\backend\node_modules\body-parser\lib\types\json.js:138:5)
    at Layer.handle [as handle_request] (C:\Users\win\Downloads\Global-Advertising-Platform-d9586aca12844d7c7dbe1a70fb43f4a241df4343\backend\node_modules\express\lib\router\layer.js:95:5)
    at trim_prefix (C:\Users\win\Downloads\Global-Advertising-Platform-d9586aca12844d7c7dbe1a70fb43f4a241df4343\backend\node_modules\express\lib\router\index.js:328:13)
    at C:\Users\win\Downloads\Global-Advertising-Platform-d9586aca12844d7c7dbe1a70fb43f4a241df4343\backend\node_modules\express\lib\router\index.js:286:9
    at Function.process_params (C:\Users\win\Downloads\Global-Advertising-Platform-d9586aca12844d7c7dbe1a70fb43f4a241df4343\backend\node_modules\express\lib\router\index.js:346:12)
    at next (C:\Users\win\Downloads\Global-Advertising-Platform-d9586aca12844d7c7dbe1a70fb43f4a241df4343\backend\node_modules\express\lib\router\index.js:280:10)
    at cors (C:\Users\win\Downloads\Global-Advertising-Platform-d9586aca12844d7c7dbe1a70fb43f4a241df4343\backend\node_modules\cors\lib\index.js:188:7) {"error":"request entity too large","path":"/api/territories/california/pixels"}
2026-01-27 11:58:32 [error]: [Error]
PayloadTooLargeError: request entity too large
    at readStream (C:\Users\win\Downloads\Global-Advertising-Platform-d9586aca12844d7c7dbe1a70fb43f4a241df4343\backend\node_modules\raw-body\index.js:163:17)
    at getRawBody (C:\Users\win\Downloads\Global-Advertising-Platform-d9586aca12844d7c7dbe1a70fb43f4a241df4343\backend\node_modules\raw-body\index.js:116:12)
    at read (C:\Users\win\Downloads\Global-Advertising-Platform-d9586aca12844d7c7dbe1a70fb43f4a241df4343\backend\node_modules\body-parser\lib\read.js:79:3)
    at jsonParser (C:\Users\win\Downloads\Global-Advertising-Platform-d9586aca12844d7c7dbe1a70fb43f4a241df4343\backend\node_modules\body-parser\lib\types\json.js:138:5)
    at Layer.handle [as handle_request] (C:\Users\win\Downloads\Global-Advertising-Platform-d9586aca12844d7c7dbe1a70fb43f4a241df4343\backend\node_modules\express\lib\router\layer.js:95:5)
    at trim_prefix (C:\Users\win\Downloads\Global-Advertising-Platform-d9586aca12844d7c7dbe1a70fb43f4a241df4343\backend\node_modules\express\lib\router\index.js:328:13)
    at C:\Users\win\Downloads\Global-Advertising-Platform-d9586aca12844d7c7dbe1a70fb43f4a241df4343\backend\node_modules\express\lib\router\index.js:286:9
    at Function.process_params (C:\Users\win\Downloads\Global-Advertising-Platform-d9586aca12844d7c7dbe1a70fb43f4a241df4343\backend\node_modules\express\lib\router\index.js:346:12)
    at next (C:\Users\win\Downloads\Global-Advertising-Platform-d9586aca12844d7c7dbe1a70fb43f4a241df4343\backend\node_modules\express\lib\router\index.js:280:10)
    at cors (C:\Users\win\Downloads\Global-Advertising-Platform-d9586aca12844d7c7dbe1a70fb43f4a241df4343\backend\node_modules\cors\lib\index.js:188:7) {"error":"request entity too large","path":"/api/territories/california/pixels"}
2026-01-27 11:58:38 [error]: [Error]
PayloadTooLargeError: request entity too large
    at readStream (C:\Users\win\Downloads\Global-Advertising-Platform-d9586aca12844d7c7dbe1a70fb43f4a241df4343\backend\node_modules\raw-body\index.js:163:17)
    at getRawBody (C:\Users\win\Downloads\Global-Advertising-Platform-d9586aca12844d7c7dbe1a70fb43f4a241df4343\backend\node_modules\raw-body\index.js:116:12)
    at read (C:\Users\win\Downloads\Global-Advertising-Platform-d9586aca12844d7c7dbe1a70fb43f4a241df4343\backend\node_modules\body-parser\lib\read.js:79:3)
    at jsonParser (C:\Users\win\Downloads\Global-Advertising-Platform-d9586aca12844d7c7dbe1a70fb43f4a241df4343\backend\node_modules\body-parser\lib\types\json.js:138:5)
    at Layer.handle [as handle_request] (C:\Users\win\Downloads\Global-Advertising-Platform-d9586aca12844d7c7dbe1a70fb43f4a241df4343\backend\node_modules\express\lib\router\layer.js:95:5)
    at trim_prefix (C:\Users\win\Downloads\Global-Advertising-Platform-d9586aca12844d7c7dbe1a70fb43f4a241df4343\backend\node_modules\express\lib\router\index.js:328:13)
    at C:\Users\win\Downloads\Global-Advertising-Platform-d9586aca12844d7c7dbe1a70fb43f4a241df4343\backend\node_modules\express\lib\router\index.js:286:9
    at Function.process_params (C:\Users\win\Downloads\Global-Advertising-Platform-d9586aca12844d7c7dbe1a70fb43f4a241df4343\backend\node_modules\express\lib\router\index.js:346:12)
    at next (C:\Users\win\Downloads\Global-Advertising-Platform-d9586aca12844d7c7dbe1a70fb43f4a241df4343\backend\node_modules\express\lib\router\index.js:280:10)
    at cors (C:\Users\win\Downloads\Global-Advertising-Platform-d9586aca12844d7c7dbe1a70fb43f4a241df4343\backend\node_modules\cors\lib\index.js:188:7) {"error":"request entity too large","path":"/api/territories/california/pixels"}
2026-01-27 11:58:44 [error]: [Error]
PayloadTooLargeError: request entity too large
    at readStream (C:\Users\win\Downloads\Global-Advertising-Platform-d9586aca12844d7c7dbe1a70fb43f4a241df4343\backend\node_modules\raw-body\index.js:163:17)
    at getRawBody (C:\Users\win\Downloads\Global-Advertising-Platform-d9586aca12844d7c7dbe1a70fb43f4a241df4343\backend\node_modules\raw-body\index.js:116:12)
    at read (C:\Users\win\Downloads\Global-Advertising-Platform-d9586aca12844d7c7dbe1a70fb43f4a241df4343\backend\node_modules\body-parser\lib\read.js:79:3)
    at jsonParser (C:\Users\win\Downloads\Global-Advertising-Platform-d9586aca12844d7c7dbe1a70fb43f4a241df4343\backend\node_modules\body-parser\lib\types\json.js:138:5)
    at Layer.handle [as handle_request] (C:\Users\win\Downloads\Global-Advertising-Platform-d9586aca12844d7c7dbe1a70fb43f4a241df4343\backend\node_modules\express\lib\router\layer.js:95:5)
    at trim_prefix (C:\Users\win\Downloads\Global-Advertising-Platform-d9586aca12844d7c7dbe1a70fb43f4a241df4343\backend\node_modules\express\lib\router\index.js:328:13)
    at C:\Users\win\Downloads\Global-Advertising-Platform-d9586aca12844d7c7dbe1a70fb43f4a241df4343\backend\node_modules\express\lib\router\index.js:286:9
    at Function.process_params (C:\Users\win\Downloads\Global-Advertising-Platform-d9586aca12844d7c7dbe1a70fb43f4a241df4343\backend\node_modules\express\lib\router\index.js:346:12)
    at next (C:\Users\win\Downloads\Global-Advertising-Platform-d9586aca12844d7c7dbe1a70fb43f4a241df4343\backend\node_modules\express\lib\router\index.js:280:10)
    at cors (C:\Users\win\Downloads\Global-Advertising-Platform-d9586aca12844d7c7dbe1a70fb43f4a241df4343\backend\node_modules\cors\lib\index.js:188:7) {"error":"request entity too large","path":"/api/territories/california/pixels"}
2026-01-27 11:58:50 [error]: [Error]
PayloadTooLargeError: request entity too large
    at readStream (C:\Users\win\Downloads\Global-Advertising-Platform-d9586aca12844d7c7dbe1a70fb43f4a241df4343\backend\node_modules\raw-body\index.js:163:17)
    at getRawBody (C:\Users\win\Downloads\Global-Advertising-Platform-d9586aca12844d7c7dbe1a70fb43f4a241df4343\backend\node_modules\raw-body\index.js:116:12)
    at read (C:\Users\win\Downloads\Global-Advertising-Platform-d9586aca12844d7c7dbe1a70fb43f4a241df4343\backend\node_modules\body-parser\lib\read.js:79:3)
    at jsonParser (C:\Users\win\Downloads\Global-Advertising-Platform-d9586aca12844d7c7dbe1a70fb43f4a241df4343\backend\node_modules\body-parser\lib\types\json.js:138:5)
    at Layer.handle [as handle_request] (C:\Users\win\Downloads\Global-Advertising-Platform-d9586aca12844d7c7dbe1a70fb43f4a241df4343\backend\node_modules\express\lib\router\layer.js:95:5)
    at trim_prefix (C:\Users\win\Downloads\Global-Advertising-Platform-d9586aca12844d7c7dbe1a70fb43f4a241df4343\backend\node_modules\express\lib\router\index.js:328:13)
    at C:\Users\win\Downloads\Global-Advertising-Platform-d9586aca12844d7c7dbe1a70fb43f4a241df4343\backend\node_modules\express\lib\router\index.js:286:9
    at Function.process_params (C:\Users\win\Downloads\Global-Advertising-Platform-d9586aca12844d7c7dbe1a70fb43f4a241df4343\backend\node_modules\express\lib\router\index.js:346:12)
    at next (C:\Users\win\Downloads\Global-Advertising-Platform-d9586aca12844d7c7dbe1a70fb43f4a241df4343\backend\node_modules\express\lib\router\index.js:280:10)
    at cors (C:\Users\win\Downloads\Global-Advertising-Platform-d9586aca12844d7c7dbe1a70fb43f4a241df4343\backend\node_modules\cors\lib\index.js:188:7) {"error":"request entity too large","path":"/api/territories/california/pixels"}
2026-01-27 11:58:56 [error]: [Error]
PayloadTooLargeError: request entity too large
    at readStream (C:\Users\win\Downloads\Global-Advertising-Platform-d9586aca12844d7c7dbe1a70fb43f4a241df4343\backend\node_modules\raw-body\index.js:163:17)
    at getRawBody (C:\Users\win\Downloads\Global-Advertising-Platform-d9586aca12844d7c7dbe1a70fb43f4a241df4343\backend\node_modules\raw-body\index.js:116:12)
    at read (C:\Users\win\Downloads\Global-Advertising-Platform-d9586aca12844d7c7dbe1a70fb43f4a241df4343\backend\node_modules\body-parser\lib\read.js:79:3)
    at jsonParser (C:\Users\win\Downloads\Global-Advertising-Platform-d9586aca12844d7c7dbe1a70fb43f4a241df4343\backend\node_modules\body-parser\lib\types\json.js:138:5)
    at Layer.handle [as handle_request] (C:\Users\win\Downloads\Global-Advertising-Platform-d9586aca12844d7c7dbe1a70fb43f4a241df4343\backend\node_modules\express\lib\router\layer.js:95:5)
    at trim_prefix (C:\Users\win\Downloads\Global-Advertising-Platform-d9586aca12844d7c7dbe1a70fb43f4a241df4343\backend\node_modules\express\lib\router\index.js:328:13)
    at C:\Users\win\Downloads\Global-Advertising-Platform-d9586aca12844d7c7dbe1a70fb43f4a241df4343\backend\node_modules\express\lib\router\index.js:286:9
    at Function.process_params (C:\Users\win\Downloads\Global-Advertising-Platform-d9586aca12844d7c7dbe1a70fb43f4a241df4343\backend\node_modules\express\lib\router\index.js:346:12)
    at next (C:\Users\win\Downloads\Global-Advertising-Platform-d9586aca12844d7c7dbe1a70fb43f4a241df4343\backend\node_modules\express\lib\router\index.js:280:10)
    at cors (C:\Users\win\Downloads\Global-Advertising-Platform-d9586aca12844d7c7dbe1a70fb43f4a241df4343\backend\node_modules\cors\lib\index.js:188:7) {"error":"request entity too large","path":"/api/territories/california/pixels"}
2026-01-27 11:59:02 [error]: [Error]
PayloadTooLargeError: request entity too large
    at readStream (C:\Users\win\Downloads\Global-Advertising-Platform-d9586aca12844d7c7dbe1a70fb43f4a241df4343\backend\node_modules\raw-body\index.js:163:17)
    at getRawBody (C:\Users\win\Downloads\Global-Advertising-Platform-d9586aca12844d7c7dbe1a70fb43f4a241df4343\backend\node_modules\raw-body\index.js:116:12)
    at read (C:\Users\win\Downloads\Global-Advertising-Platform-d9586aca12844d7c7dbe1a70fb43f4a241df4343\backend\node_modules\body-parser\lib\read.js:79:3)
    at jsonParser (C:\Users\win\Downloads\Global-Advertising-Platform-d9586aca12844d7c7dbe1a70fb43f4a241df4343\backend\node_modules\body-parser\lib\types\json.js:138:5)
    at Layer.handle [as handle_request] (C:\Users\win\Downloads\Global-Advertising-Platform-d9586aca12844d7c7dbe1a70fb43f4a241df4343\backend\node_modules\express\lib\router\layer.js:95:5)
    at trim_prefix (C:\Users\win\Downloads\Global-Advertising-Platform-d9586aca12844d7c7dbe1a70fb43f4a241df4343\backend\node_modules\express\lib\router\index.js:328:13)
    at C:\Users\win\Downloads\Global-Advertising-Platform-d9586aca12844d7c7dbe1a70fb43f4a241df4343\backend\node_modules\express\lib\router\index.js:286:9
    at Function.process_params (C:\Users\win\Downloads\Global-Advertising-Platform-d9586aca12844d7c7dbe1a70fb43f4a241df4343\backend\node_modules\express\lib\router\index.js:346:12)
    at next (C:\Users\win\Downloads\Global-Advertising-Platform-d9586aca12844d7c7dbe1a70fb43f4a241df4343\backend\node_modules\express\lib\router\index.js:280:10)
    at cors (C:\Users\win\Downloads\Global-Advertising-Platform-d9586aca12844d7c7dbe1a70fb43f4a241df4343\backend\node_modules\cors\lib\index.js:188:7) {"error":"request entity too large","path":"/api/territories/california/pixels"}
2026-01-27 11:59:08 [error]: [Error]
PayloadTooLargeError: request entity too large
    at readStream (C:\Users\win\Downloads\Global-Advertising-Platform-d9586aca12844d7c7dbe1a70fb43f4a241df4343\backend\node_modules\raw-body\index.js:163:17)
    at getRawBody (C:\Users\win\Downloads\Global-Advertising-Platform-d9586aca12844d7c7dbe1a70fb43f4a241df4343\backend\node_modules\raw-body\index.js:116:12)
    at read (C:\Users\win\Downloads\Global-Advertising-Platform-d9586aca12844d7c7dbe1a70fb43f4a241df4343\backend\node_modules\body-parser\lib\read.js:79:3)
    at jsonParser (C:\Users\win\Downloads\Global-Advertising-Platform-d9586aca12844d7c7dbe1a70fb43f4a241df4343\backend\node_modules\body-parser\lib\types\json.js:138:5)
    at Layer.handle [as handle_request] (C:\Users\win\Downloads\Global-Advertising-Platform-d9586aca12844d7c7dbe1a70fb43f4a241df4343\backend\node_modules\express\lib\router\layer.js:95:5)
    at trim_prefix (C:\Users\win\Downloads\Global-Advertising-Platform-d9586aca12844d7c7dbe1a70fb43f4a241df4343\backend\node_modules\express\lib\router\index.js:328:13)
    at C:\Users\win\Downloads\Global-Advertising-Platform-d9586aca12844d7c7dbe1a70fb43f4a241df4343\backend\node_modules\express\lib\router\index.js:286:9
    at Function.process_params (C:\Users\win\Downloads\Global-Advertising-Platform-d9586aca12844d7c7dbe1a70fb43f4a241df4343\backend\node_modules\express\lib\router\index.js:346:12)
    at next (C:\Users\win\Downloads\Global-Advertising-Platform-d9586aca12844d7c7dbe1a70fb43f4a241df4343\backend\node_modules\express\lib\router\index.js:280:10)
    at cors (C:\Users\win\Downloads\Global-Advertising-Platform-d9586aca12844d7c7dbe1a70fb43f4a241df4343\backend\node_modules\cors\lib\index.js:188:7) {"error":"request entity too large","path":"/api/territories/california/pixels"}
2026-01-27 11:59:14 [error]: [Error]
PayloadTooLargeError: request entity too large
    at readStream (C:\Users\win\Downloads\Global-Advertising-Platform-d9586aca12844d7c7dbe1a70fb43f4a241df4343\backend\node_modules\raw-body\index.js:163:17)
    at getRawBody (C:\Users\win\Downloads\Global-Advertising-Platform-d9586aca12844d7c7dbe1a70fb43f4a241df4343\backend\node_modules\raw-body\index.js:116:12)
    at read (C:\Users\win\Downloads\Global-Advertising-Platform-d9586aca12844d7c7dbe1a70fb43f4a241df4343\backend\node_modules\body-parser\lib\read.js:79:3)
    at jsonParser (C:\Users\win\Downloads\Global-Advertising-Platform-d9586aca12844d7c7dbe1a70fb43f4a241df4343\backend\node_modules\body-parser\lib\types\json.js:138:5)
    at Layer.handle [as handle_request] (C:\Users\win\Downloads\Global-Advertising-Platform-d9586aca12844d7c7dbe1a70fb43f4a241df4343\backend\node_modules\express\lib\router\layer.js:95:5)
    at trim_prefix (C:\Users\win\Downloads\Global-Advertising-Platform-d9586aca12844d7c7dbe1a70fb43f4a241df4343\backend\node_modules\express\lib\router\index.js:328:13)
    at C:\Users\win\Downloads\Global-Advertising-Platform-d9586aca12844d7c7dbe1a70fb43f4a241df4343\backend\node_modules\express\lib\router\index.js:286:9
    at Function.process_params (C:\Users\win\Downloads\Global-Advertising-Platform-d9586aca12844d7c7dbe1a70fb43f4a241df4343\backend\node_modules\express\lib\router\index.js:346:12)
    at next (C:\Users\win\Downloads\Global-Advertising-Platform-d9586aca12844d7c7dbe1a70fb43f4a241df4343\backend\node_modules\express\lib\router\index.js:280:10)
    at cors (C:\Users\win\Downloads\Global-Advertising-Platform-d9586aca12844d7c7dbe1a70fb43f4a241df4343\backend\node_modules\cors\lib\index.js:188:7) {"error":"request entity too large","path":"/api/territories/california/pixels"}
2026-01-28 12:57:28 [error]: unhandledRejection: __filename is not defined
ReferenceError: __filename is not defined
    at file:///C:/Users/win/Downloads/Global-Advertising-Platform-d9586aca12844d7c7dbe1a70fb43f4a241df4343/backend/routes/pixels.js:283:23
    at Layer.handle [as handle_request] (C:\Users\win\Downloads\Global-Advertising-Platform-d9586aca12844d7c7dbe1a70fb43f4a241df4343\backend\node_modules\express\lib\router\layer.js:95:5)
    at next (C:\Users\win\Downloads\Global-Advertising-Platform-d9586aca12844d7c7dbe1a70fb43f4a241df4343\backend\node_modules\express\lib\router\route.js:149:13)
    at Route.dispatch (C:\Users\win\Downloads\Global-Advertising-Platform-d9586aca12844d7c7dbe1a70fb43f4a241df4343\backend\node_modules\express\lib\router\route.js:119:3)
    at Layer.handle [as handle_request] (C:\Users\win\Downloads\Global-Advertising-Platform-d9586aca12844d7c7dbe1a70fb43f4a241df4343\backend\node_modules\express\lib\router\layer.js:95:5)
    at C:\Users\win\Downloads\Global-Advertising-Platform-d9586aca12844d7c7dbe1a70fb43f4a241df4343\backend\node_modules\express\lib\router\index.js:284:15
    at Function.process_params (C:\Users\win\Downloads\Global-Advertising-Platform-d9586aca12844d7c7dbe1a70fb43f4a241df4343\backend\node_modules\express\lib\router\index.js:346:12)
    at next (C:\Users\win\Downloads\Global-Advertising-Platform-d9586aca12844d7c7dbe1a70fb43f4a241df4343\backend\node_modules\express\lib\router\index.js:280:10)
    at Function.handle (C:\Users\win\Downloads\Global-Advertising-Platform-d9586aca12844d7c7dbe1a70fb43f4a241df4343\backend\node_modules\express\lib\router\index.js:175:3)
    at router (C:\Users\win\Downloads\Global-Advertising-Platform-d9586aca12844d7c7dbe1a70fb43f4a241df4343\backend\node_modules\express\lib\router\index.js:47:12)
ReferenceError: __filename is not defined
    at file:///C:/Users/win/Downloads/Global-Advertising-Platform-d9586aca12844d7c7dbe1a70fb43f4a241df4343/backend/routes/pixels.js:283:23
    at Layer.handle [as handle_request] (C:\Users\win\Downloads\Global-Advertising-Platform-d9586aca12844d7c7dbe1a70fb43f4a241df4343\backend\node_modules\express\lib\router\layer.js:95:5)
    at next (C:\Users\win\Downloads\Global-Advertising-Platform-d9586aca12844d7c7dbe1a70fb43f4a241df4343\backend\node_modules\express\lib\router\route.js:149:13)
    at Route.dispatch (C:\Users\win\Downloads\Global-Advertising-Platform-d9586aca12844d7c7dbe1a70fb43f4a241df4343\backend\node_modules\express\lib\router\route.js:119:3)
    at Layer.handle [as handle_request] (C:\Users\win\Downloads\Global-Advertising-Platform-d9586aca12844d7c7dbe1a70fb43f4a241df4343\backend\node_modules\express\lib\router\layer.js:95:5)
    at C:\Users\win\Downloads\Global-Advertising-Platform-d9586aca12844d7c7dbe1a70fb43f4a241df4343\backend\node_modules\express\lib\router\index.js:284:15
    at Function.process_params (C:\Users\win\Downloads\Global-Advertising-Platform-d9586aca12844d7c7dbe1a70fb43f4a241df4343\backend\node_modules\express\lib\router\index.js:346:12)
    at next (C:\Users\win\Downloads\Global-Advertising-Platform-d9586aca12844d7c7dbe1a70fb43f4a241df4343\backend\node_modules\express\lib\router\index.js:280:10)
    at Function.handle (C:\Users\win\Downloads\Global-Advertising-Platform-d9586aca12844d7c7dbe1a70fb43f4a241df4343\backend\node_modules\express\lib\router\index.js:175:3)
    at router (C:\Users\win\Downloads\Global-Advertising-Platform-d9586aca12844d7c7dbe1a70fb43f4a241df4343\backend\node_modules\express\lib\router\index.js:47:12) {"error":{},"rejection":true,"date":"Wed Jan 28 2026 12:57:28 GMT+0900 (대한민국 표준시)","process":{"pid":28144,"uid":null,"gid":null,"cwd":"C:\\Users\\win\\Downloads\\Global-Advertising-Platform-d9586aca12844d7c7dbe1a70fb43f4a241df4343\\backend","execPath":"C:\\Program Files\\nodejs\\node.exe","version":"v22.13.1","argv":["C:\\Program Files\\nodejs\\node.exe","C:\\Users\\win\\Downloads\\Global-Advertising-Platform-d9586aca12844d7c7dbe1a70fb43f4a241df4343\\backend\\server.js"],"memoryUsage":{"rss":96722944,"heapTotal":55304192,"heapUsed":41248616,"external":6107772,"arrayBuffers":2391404}},"os":{"loadavg":[0,0,0],"uptime":142956.406},"trace":[{"column":23,"file":"file:///C:/Users/win/Downloads/Global-Advertising-Platform-d9586aca12844d7c7dbe1a70fb43f4a241df4343/backend/routes/pixels.js","function":null,"line":283,"method":null,"native":false},{"column":5,"file":"C:\\Users\\win\\Downloads\\Global-Advertising-Platform-d9586aca12844d7c7dbe1a70fb43f4a241df4343\\backend\\node_modules\\express\\lib\\router\\layer.js","function":"Layer.handle [as handle_request]","line":95,"method":"handle [as handle_request]","native":false},{"column":13,"file":"C:\\Users\\win\\Downloads\\Global-Advertising-Platform-d9586aca12844d7c7dbe1a70fb43f4a241df4343\\backend\\node_modules\\express\\lib\\router\\route.js","function":"next","line":149,"method":null,"native":false},{"column":3,"file":"C:\\Users\\win\\Downloads\\Global-Advertising-Platform-d9586aca12844d7c7dbe1a70fb43f4a241df4343\\backend\\node_modules\\express\\lib\\router\\route.js","function":"Route.dispatch","line":119,"method":"dispatch","native":false},{"column":5,"file":"C:\\Users\\win\\Downloads\\Global-Advertising-Platform-d9586aca12844d7c7dbe1a70fb43f4a241df4343\\backend\\node_modules\\express\\lib\\router\\layer.js","function":"Layer.handle [as handle_request]","line":95,"method":"handle [as handle_request]","native":false},{"column":15,"file":"C:\\Users\\win\\Downloads\\Global-Advertising-Platform-d9586aca12844d7c7dbe1a70fb43f4a241df4343\\backend\\node_modules\\express\\lib\\router\\index.js","function":null,"line":284,"method":null,"native":false},{"column":12,"file":"C:\\Users\\win\\Downloads\\Global-Advertising-Platform-d9586aca12844d7c7dbe1a70fb43f4a241df4343\\backend\\node_modules\\express\\lib\\router\\index.js","function":"Function.process_params","line":346,"method":"process_params","native":false},{"column":10,"file":"C:\\Users\\win\\Downloads\\Global-Advertising-Platform-d9586aca12844d7c7dbe1a70fb43f4a241df4343\\backend\\node_modules\\express\\lib\\router\\index.js","function":"next","line":280,"method":null,"native":false},{"column":3,"file":"C:\\Users\\win\\Downloads\\Global-Advertising-Platform-d9586aca12844d7c7dbe1a70fb43f4a241df4343\\backend\\node_modules\\express\\lib\\router\\index.js","function":"Function.handle","line":175,"method":"handle","native":false},{"column":12,"file":"C:\\Users\\win\\Downloads\\Global-Advertising-Platform-d9586aca12844d7c7dbe1a70fb43f4a241df4343\\backend\\node_modules\\express\\lib\\router\\index.js","function":"router","line":47,"method":null,"native":false}]}
2026-01-28 14:02:13 [error]: unhandledRejection: __filename is not defined
ReferenceError: __filename is not defined
    at file:///C:/Users/win/Downloads/Global-Advertising-Platform-d9586aca12844d7c7dbe1a70fb43f4a241df4343/backend/routes/pixels.js:283:23
    at Layer.handle [as handle_request] (C:\Users\win\Downloads\Global-Advertising-Platform-d9586aca12844d7c7dbe1a70fb43f4a241df4343\backend\node_modules\express\lib\router\layer.js:95:5)
    at next (C:\Users\win\Downloads\Global-Advertising-Platform-d9586aca12844d7c7dbe1a70fb43f4a241df4343\backend\node_modules\express\lib\router\route.js:149:13)
    at Route.dispatch (C:\Users\win\Downloads\Global-Advertising-Platform-d9586aca12844d7c7dbe1a70fb43f4a241df4343\backend\node_modules\express\lib\router\route.js:119:3)
    at Layer.handle [as handle_request] (C:\Users\win\Downloads\Global-Advertising-Platform-d9586aca12844d7c7dbe1a70fb43f4a241df4343\backend\node_modules\express\lib\router\layer.js:95:5)
    at C:\Users\win\Downloads\Global-Advertising-Platform-d9586aca12844d7c7dbe1a70fb43f4a241df4343\backend\node_modules\express\lib\router\index.js:284:15
    at Function.process_params (C:\Users\win\Downloads\Global-Advertising-Platform-d9586aca12844d7c7dbe1a70fb43f4a241df4343\backend\node_modules\express\lib\router\index.js:346:12)
    at next (C:\Users\win\Downloads\Global-Advertising-Platform-d9586aca12844d7c7dbe1a70fb43f4a241df4343\backend\node_modules\express\lib\router\index.js:280:10)
    at Function.handle (C:\Users\win\Downloads\Global-Advertising-Platform-d9586aca12844d7c7dbe1a70fb43f4a241df4343\backend\node_modules\express\lib\router\index.js:175:3)
    at router (C:\Users\win\Downloads\Global-Advertising-Platform-d9586aca12844d7c7dbe1a70fb43f4a241df4343\backend\node_modules\express\lib\router\index.js:47:12)
ReferenceError: __filename is not defined
    at file:///C:/Users/win/Downloads/Global-Advertising-Platform-d9586aca12844d7c7dbe1a70fb43f4a241df4343/backend/routes/pixels.js:283:23
    at Layer.handle [as handle_request] (C:\Users\win\Downloads\Global-Advertising-Platform-d9586aca12844d7c7dbe1a70fb43f4a241df4343\backend\node_modules\express\lib\router\layer.js:95:5)
    at next (C:\Users\win\Downloads\Global-Advertising-Platform-d9586aca12844d7c7dbe1a70fb43f4a241df4343\backend\node_modules\express\lib\router\route.js:149:13)
    at Route.dispatch (C:\Users\win\Downloads\Global-Advertising-Platform-d9586aca12844d7c7dbe1a70fb43f4a241df4343\backend\node_modules\express\lib\router\route.js:119:3)
    at Layer.handle [as handle_request] (C:\Users\win\Downloads\Global-Advertising-Platform-d9586aca12844d7c7dbe1a70fb43f4a241df4343\backend\node_modules\express\lib\router\layer.js:95:5)
    at C:\Users\win\Downloads\Global-Advertising-Platform-d9586aca12844d7c7dbe1a70fb43f4a241df4343\backend\node_modules\express\lib\router\index.js:284:15
    at Function.process_params (C:\Users\win\Downloads\Global-Advertising-Platform-d9586aca12844d7c7dbe1a70fb43f4a241df4343\backend\node_modules\express\lib\router\index.js:346:12)
    at next (C:\Users\win\Downloads\Global-Advertising-Platform-d9586aca12844d7c7dbe1a70fb43f4a241df4343\backend\node_modules\express\lib\router\index.js:280:10)
    at Function.handle (C:\Users\win\Downloads\Global-Advertising-Platform-d9586aca12844d7c7dbe1a70fb43f4a241df4343\backend\node_modules\express\lib\router\index.js:175:3)
    at router (C:\Users\win\Downloads\Global-Advertising-Platform-d9586aca12844d7c7dbe1a70fb43f4a241df4343\backend\node_modules\express\lib\router\index.js:47:12) {"error":{},"rejection":true,"date":"Wed Jan 28 2026 14:02:13 GMT+0900 (대한민국 표준시)","process":{"pid":26520,"uid":null,"gid":null,"cwd":"C:\\Users\\win\\Downloads\\Global-Advertising-Platform-d9586aca12844d7c7dbe1a70fb43f4a241df4343\\backend","execPath":"C:\\Program Files\\nodejs\\node.exe","version":"v22.13.1","argv":["C:\\Program Files\\nodejs\\node.exe","C:\\Users\\win\\Downloads\\Global-Advertising-Platform-d9586aca12844d7c7dbe1a70fb43f4a241df4343\\backend\\server.js"],"memoryUsage":{"rss":95862784,"heapTotal":55304192,"heapUsed":41362448,"external":6060286,"arrayBuffers":2368778}},"os":{"loadavg":[0,0,0],"uptime":146841.078},"trace":[{"column":23,"file":"file:///C:/Users/win/Downloads/Global-Advertising-Platform-d9586aca12844d7c7dbe1a70fb43f4a241df4343/backend/routes/pixels.js","function":null,"line":283,"method":null,"native":false},{"column":5,"file":"C:\\Users\\win\\Downloads\\Global-Advertising-Platform-d9586aca12844d7c7dbe1a70fb43f4a241df4343\\backend\\node_modules\\express\\lib\\router\\layer.js","function":"Layer.handle [as handle_request]","line":95,"method":"handle [as handle_request]","native":false},{"column":13,"file":"C:\\Users\\win\\Downloads\\Global-Advertising-Platform-d9586aca12844d7c7dbe1a70fb43f4a241df4343\\backend\\node_modules\\express\\lib\\router\\route.js","function":"next","line":149,"method":null,"native":false},{"column":3,"file":"C:\\Users\\win\\Downloads\\Global-Advertising-Platform-d9586aca12844d7c7dbe1a70fb43f4a241df4343\\backend\\node_modules\\express\\lib\\router\\route.js","function":"Route.dispatch","line":119,"method":"dispatch","native":false},{"column":5,"file":"C:\\Users\\win\\Downloads\\Global-Advertising-Platform-d9586aca12844d7c7dbe1a70fb43f4a241df4343\\backend\\node_modules\\express\\lib\\router\\layer.js","function":"Layer.handle [as handle_request]","line":95,"method":"handle [as handle_request]","native":false},{"column":15,"file":"C:\\Users\\win\\Downloads\\Global-Advertising-Platform-d9586aca12844d7c7dbe1a70fb43f4a241df4343\\backend\\node_modules\\express\\lib\\router\\index.js","function":null,"line":284,"method":null,"native":false},{"column":12,"file":"C:\\Users\\win\\Downloads\\Global-Advertising-Platform-d9586aca12844d7c7dbe1a70fb43f4a241df4343\\backend\\node_modules\\express\\lib\\router\\index.js","function":"Function.process_params","line":346,"method":"process_params","native":false},{"column":10,"file":"C:\\Users\\win\\Downloads\\Global-Advertising-Platform-d9586aca12844d7c7dbe1a70fb43f4a241df4343\\backend\\node_modules\\express\\lib\\router\\index.js","function":"next","line":280,"method":null,"native":false},{"column":3,"file":"C:\\Users\\win\\Downloads\\Global-Advertising-Platform-d9586aca12844d7c7dbe1a70fb43f4a241df4343\\backend\\node_modules\\express\\lib\\router\\index.js","function":"Function.handle","line":175,"method":"handle","native":false},{"column":12,"file":"C:\\Users\\win\\Downloads\\Global-Advertising-Platform-d9586aca12844d7c7dbe1a70fb43f4a241df4343\\backend\\node_modules\\express\\lib\\router\\index.js","function":"router","line":47,"method":null,"native":false}]}
2026-01-28 14:03:48 [error]: unhandledRejection: __filename is not defined
ReferenceError: __filename is not defined
    at file:///C:/Users/win/Downloads/Global-Advertising-Platform-d9586aca12844d7c7dbe1a70fb43f4a241df4343/backend/routes/pixels.js:283:23
    at Layer.handle [as handle_request] (C:\Users\win\Downloads\Global-Advertising-Platform-d9586aca12844d7c7dbe1a70fb43f4a241df4343\backend\node_modules\express\lib\router\layer.js:95:5)
    at next (C:\Users\win\Downloads\Global-Advertising-Platform-d9586aca12844d7c7dbe1a70fb43f4a241df4343\backend\node_modules\express\lib\router\route.js:149:13)
    at Route.dispatch (C:\Users\win\Downloads\Global-Advertising-Platform-d9586aca12844d7c7dbe1a70fb43f4a241df4343\backend\node_modules\express\lib\router\route.js:119:3)
    at Layer.handle [as handle_request] (C:\Users\win\Downloads\Global-Advertising-Platform-d9586aca12844d7c7dbe1a70fb43f4a241df4343\backend\node_modules\express\lib\router\layer.js:95:5)
    at C:\Users\win\Downloads\Global-Advertising-Platform-d9586aca12844d7c7dbe1a70fb43f4a241df4343\backend\node_modules\express\lib\router\index.js:284:15
    at Function.process_params (C:\Users\win\Downloads\Global-Advertising-Platform-d9586aca12844d7c7dbe1a70fb43f4a241df4343\backend\node_modules\express\lib\router\index.js:346:12)
    at next (C:\Users\win\Downloads\Global-Advertising-Platform-d9586aca12844d7c7dbe1a70fb43f4a241df4343\backend\node_modules\express\lib\router\index.js:280:10)
    at Function.handle (C:\Users\win\Downloads\Global-Advertising-Platform-d9586aca12844d7c7dbe1a70fb43f4a241df4343\backend\node_modules\express\lib\router\index.js:175:3)
    at router (C:\Users\win\Downloads\Global-Advertising-Platform-d9586aca12844d7c7dbe1a70fb43f4a241df4343\backend\node_modules\express\lib\router\index.js:47:12)
ReferenceError: __filename is not defined
    at file:///C:/Users/win/Downloads/Global-Advertising-Platform-d9586aca12844d7c7dbe1a70fb43f4a241df4343/backend/routes/pixels.js:283:23
    at Layer.handle [as handle_request] (C:\Users\win\Downloads\Global-Advertising-Platform-d9586aca12844d7c7dbe1a70fb43f4a241df4343\backend\node_modules\express\lib\router\layer.js:95:5)
    at next (C:\Users\win\Downloads\Global-Advertising-Platform-d9586aca12844d7c7dbe1a70fb43f4a241df4343\backend\node_modules\express\lib\router\route.js:149:13)
    at Route.dispatch (C:\Users\win\Downloads\Global-Advertising-Platform-d9586aca12844d7c7dbe1a70fb43f4a241df4343\backend\node_modules\express\lib\router\route.js:119:3)
    at Layer.handle [as handle_request] (C:\Users\win\Downloads\Global-Advertising-Platform-d9586aca12844d7c7dbe1a70fb43f4a241df4343\backend\node_modules\express\lib\router\layer.js:95:5)
    at C:\Users\win\Downloads\Global-Advertising-Platform-d9586aca12844d7c7dbe1a70fb43f4a241df4343\backend\node_modules\express\lib\router\index.js:284:15
    at Function.process_params (C:\Users\win\Downloads\Global-Advertising-Platform-d9586aca12844d7c7dbe1a70fb43f4a241df4343\backend\node_modules\express\lib\router\index.js:346:12)
    at next (C:\Users\win\Downloads\Global-Advertising-Platform-d9586aca12844d7c7dbe1a70fb43f4a241df4343\backend\node_modules\express\lib\router\index.js:280:10)
    at Function.handle (C:\Users\win\Downloads\Global-Advertising-Platform-d9586aca12844d7c7dbe1a70fb43f4a241df4343\backend\node_modules\express\lib\router\index.js:175:3)
    at router (C:\Users\win\Downloads\Global-Advertising-Platform-d9586aca12844d7c7dbe1a70fb43f4a241df4343\backend\node_modules\express\lib\router\index.js:47:12) {"error":{},"rejection":true,"date":"Wed Jan 28 2026 14:03:48 GMT+0900 (대한민국 표준시)","process":{"pid":25300,"uid":null,"gid":null,"cwd":"C:\\Users\\win\\Downloads\\Global-Advertising-Platform-d9586aca12844d7c7dbe1a70fb43f4a241df4343\\backend","execPath":"C:\\Program Files\\nodejs\\node.exe","version":"v22.13.1","argv":["C:\\Program Files\\nodejs\\node.exe","C:\\Users\\win\\Downloads\\Global-Advertising-Platform-d9586aca12844d7c7dbe1a70fb43f4a241df4343\\backend\\server.js"],"memoryUsage":{"rss":83918848,"heapTotal":42090496,"heapUsed":34899752,"external":4676359,"arrayBuffers":981476}},"os":{"loadavg":[0,0,0],"uptime":146936},"trace":[{"column":23,"file":"file:///C:/Users/win/Downloads/Global-Advertising-Platform-d9586aca12844d7c7dbe1a70fb43f4a241df4343/backend/routes/pixels.js","function":null,"line":283,"method":null,"native":false},{"column":5,"file":"C:\\Users\\win\\Downloads\\Global-Advertising-Platform-d9586aca12844d7c7dbe1a70fb43f4a241df4343\\backend\\node_modules\\express\\lib\\router\\layer.js","function":"Layer.handle [as handle_request]","line":95,"method":"handle [as handle_request]","native":false},{"column":13,"file":"C:\\Users\\win\\Downloads\\Global-Advertising-Platform-d9586aca12844d7c7dbe1a70fb43f4a241df4343\\backend\\node_modules\\express\\lib\\router\\route.js","function":"next","line":149,"method":null,"native":false},{"column":3,"file":"C:\\Users\\win\\Downloads\\Global-Advertising-Platform-d9586aca12844d7c7dbe1a70fb43f4a241df4343\\backend\\node_modules\\express\\lib\\router\\route.js","function":"Route.dispatch","line":119,"method":"dispatch","native":false},{"column":5,"file":"C:\\Users\\win\\Downloads\\Global-Advertising-Platform-d9586aca12844d7c7dbe1a70fb43f4a241df4343\\backend\\node_modules\\express\\lib\\router\\layer.js","function":"Layer.handle [as handle_request]","line":95,"method":"handle [as handle_request]","native":false},{"column":15,"file":"C:\\Users\\win\\Downloads\\Global-Advertising-Platform-d9586aca12844d7c7dbe1a70fb43f4a241df4343\\backend\\node_modules\\express\\lib\\router\\index.js","function":null,"line":284,"method":null,"native":false},{"column":12,"file":"C:\\Users\\win\\Downloads\\Global-Advertising-Platform-d9586aca12844d7c7dbe1a70fb43f4a241df4343\\backend\\node_modules\\express\\lib\\router\\index.js","function":"Function.process_params","line":346,"method":"process_params","native":false},{"column":10,"file":"C:\\Users\\win\\Downloads\\Global-Advertising-Platform-d9586aca12844d7c7dbe1a70fb43f4a241df4343\\backend\\node_modules\\express\\lib\\router\\index.js","function":"next","line":280,"method":null,"native":false},{"column":3,"file":"C:\\Users\\win\\Downloads\\Global-Advertising-Platform-d9586aca12844d7c7dbe1a70fb43f4a241df4343\\backend\\node_modules\\express\\lib\\router\\index.js","function":"Function.handle","line":175,"method":"handle","native":false},{"column":12,"file":"C:\\Users\\win\\Downloads\\Global-Advertising-Platform-d9586aca12844d7c7dbe1a70fb43f4a241df4343\\backend\\node_modules\\express\\lib\\router\\index.js","function":"router","line":47,"method":null,"native":false}]}
2026-01-28 14:08:14 [error]: unhandledRejection: __filename is not defined
ReferenceError: __filename is not defined
    at file:///C:/Users/win/Downloads/Global-Advertising-Platform-d9586aca12844d7c7dbe1a70fb43f4a241df4343/backend/routes/pixels.js:283:23
    at Layer.handle [as handle_request] (C:\Users\win\Downloads\Global-Advertising-Platform-d9586aca12844d7c7dbe1a70fb43f4a241df4343\backend\node_modules\express\lib\router\layer.js:95:5)
    at next (C:\Users\win\Downloads\Global-Advertising-Platform-d9586aca12844d7c7dbe1a70fb43f4a241df4343\backend\node_modules\express\lib\router\route.js:149:13)
    at Route.dispatch (C:\Users\win\Downloads\Global-Advertising-Platform-d9586aca12844d7c7dbe1a70fb43f4a241df4343\backend\node_modules\express\lib\router\route.js:119:3)
    at Layer.handle [as handle_request] (C:\Users\win\Downloads\Global-Advertising-Platform-d9586aca12844d7c7dbe1a70fb43f4a241df4343\backend\node_modules\express\lib\router\layer.js:95:5)
    at C:\Users\win\Downloads\Global-Advertising-Platform-d9586aca12844d7c7dbe1a70fb43f4a241df4343\backend\node_modules\express\lib\router\index.js:284:15
    at Function.process_params (C:\Users\win\Downloads\Global-Advertising-Platform-d9586aca12844d7c7dbe1a70fb43f4a241df4343\backend\node_modules\express\lib\router\index.js:346:12)
    at next (C:\Users\win\Downloads\Global-Advertising-Platform-d9586aca12844d7c7dbe1a70fb43f4a241df4343\backend\node_modules\express\lib\router\index.js:280:10)
    at Function.handle (C:\Users\win\Downloads\Global-Advertising-Platform-d9586aca12844d7c7dbe1a70fb43f4a241df4343\backend\node_modules\express\lib\router\index.js:175:3)
    at router (C:\Users\win\Downloads\Global-Advertising-Platform-d9586aca12844d7c7dbe1a70fb43f4a241df4343\backend\node_modules\express\lib\router\index.js:47:12)
ReferenceError: __filename is not defined
    at file:///C:/Users/win/Downloads/Global-Advertising-Platform-d9586aca12844d7c7dbe1a70fb43f4a241df4343/backend/routes/pixels.js:283:23
    at Layer.handle [as handle_request] (C:\Users\win\Downloads\Global-Advertising-Platform-d9586aca12844d7c7dbe1a70fb43f4a241df4343\backend\node_modules\express\lib\router\layer.js:95:5)
    at next (C:\Users\win\Downloads\Global-Advertising-Platform-d9586aca12844d7c7dbe1a70fb43f4a241df4343\backend\node_modules\express\lib\router\route.js:149:13)
    at Route.dispatch (C:\Users\win\Downloads\Global-Advertising-Platform-d9586aca12844d7c7dbe1a70fb43f4a241df4343\backend\node_modules\express\lib\router\route.js:119:3)
    at Layer.handle [as handle_request] (C:\Users\win\Downloads\Global-Advertising-Platform-d9586aca12844d7c7dbe1a70fb43f4a241df4343\backend\node_modules\express\lib\router\layer.js:95:5)
    at C:\Users\win\Downloads\Global-Advertising-Platform-d9586aca12844d7c7dbe1a70fb43f4a241df4343\backend\node_modules\express\lib\router\index.js:284:15
    at Function.process_params (C:\Users\win\Downloads\Global-Advertising-Platform-d9586aca12844d7c7dbe1a70fb43f4a241df4343\backend\node_modules\express\lib\router\index.js:346:12)
    at next (C:\Users\win\Downloads\Global-Advertising-Platform-d9586aca12844d7c7dbe1a70fb43f4a241df4343\backend\node_modules\express\lib\router\index.js:280:10)
    at Function.handle (C:\Users\win\Downloads\Global-Advertising-Platform-d9586aca12844d7c7dbe1a70fb43f4a241df4343\backend\node_modules\express\lib\router\index.js:175:3)
    at router (C:\Users\win\Downloads\Global-Advertising-Platform-d9586aca12844d7c7dbe1a70fb43f4a241df4343\backend\node_modules\express\lib\router\index.js:47:12) {"error":{},"rejection":true,"date":"Wed Jan 28 2026 14:08:14 GMT+0900 (대한민국 표준시)","process":{"pid":21216,"uid":null,"gid":null,"cwd":"C:\\Users\\win\\Downloads\\Global-Advertising-Platform-d9586aca12844d7c7dbe1a70fb43f4a241df4343\\backend","execPath":"C:\\Program Files\\nodejs\\node.exe","version":"v22.13.1","argv":["C:\\Program Files\\nodejs\\node.exe","C:\\Users\\win\\Downloads\\Global-Advertising-Platform-d9586aca12844d7c7dbe1a70fb43f4a241df4343\\backend\\server.js"],"memoryUsage":{"rss":79040512,"heapTotal":40755200,"heapUsed":31840760,"external":3851727,"arrayBuffers":160411}},"os":{"loadavg":[0,0,0],"uptime":147202.265},"trace":[{"column":23,"file":"file:///C:/Users/win/Downloads/Global-Advertising-Platform-d9586aca12844d7c7dbe1a70fb43f4a241df4343/backend/routes/pixels.js","function":null,"line":283,"method":null,"native":false},{"column":5,"file":"C:\\Users\\win\\Downloads\\Global-Advertising-Platform-d9586aca12844d7c7dbe1a70fb43f4a241df4343\\backend\\node_modules\\express\\lib\\router\\layer.js","function":"Layer.handle [as handle_request]","line":95,"method":"handle [as handle_request]","native":false},{"column":13,"file":"C:\\Users\\win\\Downloads\\Global-Advertising-Platform-d9586aca12844d7c7dbe1a70fb43f4a241df4343\\backend\\node_modules\\express\\lib\\router\\route.js","function":"next","line":149,"method":null,"native":false},{"column":3,"file":"C:\\Users\\win\\Downloads\\Global-Advertising-Platform-d9586aca12844d7c7dbe1a70fb43f4a241df4343\\backend\\node_modules\\express\\lib\\router\\route.js","function":"Route.dispatch","line":119,"method":"dispatch","native":false},{"column":5,"file":"C:\\Users\\win\\Downloads\\Global-Advertising-Platform-d9586aca12844d7c7dbe1a70fb43f4a241df4343\\backend\\node_modules\\express\\lib\\router\\layer.js","function":"Layer.handle [as handle_request]","line":95,"method":"handle [as handle_request]","native":false},{"column":15,"file":"C:\\Users\\win\\Downloads\\Global-Advertising-Platform-d9586aca12844d7c7dbe1a70fb43f4a241df4343\\backend\\node_modules\\express\\lib\\router\\index.js","function":null,"line":284,"method":null,"native":false},{"column":12,"file":"C:\\Users\\win\\Downloads\\Global-Advertising-Platform-d9586aca12844d7c7dbe1a70fb43f4a241df4343\\backend\\node_modules\\express\\lib\\router\\index.js","function":"Function.process_params","line":346,"method":"process_params","native":false},{"column":10,"file":"C:\\Users\\win\\Downloads\\Global-Advertising-Platform-d9586aca12844d7c7dbe1a70fb43f4a241df4343\\backend\\node_modules\\express\\lib\\router\\index.js","function":"next","line":280,"method":null,"native":false},{"column":3,"file":"C:\\Users\\win\\Downloads\\Global-Advertising-Platform-d9586aca12844d7c7dbe1a70fb43f4a241df4343\\backend\\node_modules\\express\\lib\\router\\index.js","function":"Function.handle","line":175,"method":"handle","native":false},{"column":12,"file":"C:\\Users\\win\\Downloads\\Global-Advertising-Platform-d9586aca12844d7c7dbe1a70fb43f4a241df4343\\backend\\node_modules\\express\\lib\\router\\index.js","function":"router","line":47,"method":null,"native":false}]}
2026-01-28 14:09:42 [error]: unhandledRejection: __filename is not defined
ReferenceError: __filename is not defined
    at file:///C:/Users/win/Downloads/Global-Advertising-Platform-d9586aca12844d7c7dbe1a70fb43f4a241df4343/backend/routes/pixels.js:283:23
    at Layer.handle [as handle_request] (C:\Users\win\Downloads\Global-Advertising-Platform-d9586aca12844d7c7dbe1a70fb43f4a241df4343\backend\node_modules\express\lib\router\layer.js:95:5)
    at next (C:\Users\win\Downloads\Global-Advertising-Platform-d9586aca12844d7c7dbe1a70fb43f4a241df4343\backend\node_modules\express\lib\router\route.js:149:13)
    at Route.dispatch (C:\Users\win\Downloads\Global-Advertising-Platform-d9586aca12844d7c7dbe1a70fb43f4a241df4343\backend\node_modules\express\lib\router\route.js:119:3)
    at Layer.handle [as handle_request] (C:\Users\win\Downloads\Global-Advertising-Platform-d9586aca12844d7c7dbe1a70fb43f4a241df4343\backend\node_modules\express\lib\router\layer.js:95:5)
    at C:\Users\win\Downloads\Global-Advertising-Platform-d9586aca12844d7c7dbe1a70fb43f4a241df4343\backend\node_modules\express\lib\router\index.js:284:15
    at Function.process_params (C:\Users\win\Downloads\Global-Advertising-Platform-d9586aca12844d7c7dbe1a70fb43f4a241df4343\backend\node_modules\express\lib\router\index.js:346:12)
    at next (C:\Users\win\Downloads\Global-Advertising-Platform-d9586aca12844d7c7dbe1a70fb43f4a241df4343\backend\node_modules\express\lib\router\index.js:280:10)
    at Function.handle (C:\Users\win\Downloads\Global-Advertising-Platform-d9586aca12844d7c7dbe1a70fb43f4a241df4343\backend\node_modules\express\lib\router\index.js:175:3)
    at router (C:\Users\win\Downloads\Global-Advertising-Platform-d9586aca12844d7c7dbe1a70fb43f4a241df4343\backend\node_modules\express\lib\router\index.js:47:12)
ReferenceError: __filename is not defined
    at file:///C:/Users/win/Downloads/Global-Advertising-Platform-d9586aca12844d7c7dbe1a70fb43f4a241df4343/backend/routes/pixels.js:283:23
    at Layer.handle [as handle_request] (C:\Users\win\Downloads\Global-Advertising-Platform-d9586aca12844d7c7dbe1a70fb43f4a241df4343\backend\node_modules\express\lib\router\layer.js:95:5)
    at next (C:\Users\win\Downloads\Global-Advertising-Platform-d9586aca12844d7c7dbe1a70fb43f4a241df4343\backend\node_modules\express\lib\router\route.js:149:13)
    at Route.dispatch (C:\Users\win\Downloads\Global-Advertising-Platform-d9586aca12844d7c7dbe1a70fb43f4a241df4343\backend\node_modules\express\lib\router\route.js:119:3)
    at Layer.handle [as handle_request] (C:\Users\win\Downloads\Global-Advertising-Platform-d9586aca12844d7c7dbe1a70fb43f4a241df4343\backend\node_modules\express\lib\router\layer.js:95:5)
    at C:\Users\win\Downloads\Global-Advertising-Platform-d9586aca12844d7c7dbe1a70fb43f4a241df4343\backend\node_modules\express\lib\router\index.js:284:15
    at Function.process_params (C:\Users\win\Downloads\Global-Advertising-Platform-d9586aca12844d7c7dbe1a70fb43f4a241df4343\backend\node_modules\express\lib\router\index.js:346:12)
    at next (C:\Users\win\Downloads\Global-Advertising-Platform-d9586aca12844d7c7dbe1a70fb43f4a241df4343\backend\node_modules\express\lib\router\index.js:280:10)
    at Function.handle (C:\Users\win\Downloads\Global-Advertising-Platform-d9586aca12844d7c7dbe1a70fb43f4a241df4343\backend\node_modules\express\lib\router\index.js:175:3)
    at router (C:\Users\win\Downloads\Global-Advertising-Platform-d9586aca12844d7c7dbe1a70fb43f4a241df4343\backend\node_modules\express\lib\router\index.js:47:12) {"error":{},"rejection":true,"date":"Wed Jan 28 2026 14:09:42 GMT+0900 (대한민국 표준시)","process":{"pid":14792,"uid":null,"gid":null,"cwd":"C:\\Users\\win\\Downloads\\Global-Advertising-Platform-d9586aca12844d7c7dbe1a70fb43f4a241df4343\\backend","execPath":"C:\\Program Files\\nodejs\\node.exe","version":"v22.13.1","argv":["C:\\Program Files\\nodejs\\node.exe","C:\\Users\\win\\Downloads\\Global-Advertising-Platform-d9586aca12844d7c7dbe1a70fb43f4a241df4343\\backend\\server.js"],"memoryUsage":{"rss":78942208,"heapTotal":41017344,"heapUsed":31791760,"external":3851726,"arrayBuffers":160410}},"os":{"loadavg":[0,0,0],"uptime":147290.062},"trace":[{"column":23,"file":"file:///C:/Users/win/Downloads/Global-Advertising-Platform-d9586aca12844d7c7dbe1a70fb43f4a241df4343/backend/routes/pixels.js","function":null,"line":283,"method":null,"native":false},{"column":5,"file":"C:\\Users\\win\\Downloads\\Global-Advertising-Platform-d9586aca12844d7c7dbe1a70fb43f4a241df4343\\backend\\node_modules\\express\\lib\\router\\layer.js","function":"Layer.handle [as handle_request]","line":95,"method":"handle [as handle_request]","native":false},{"column":13,"file":"C:\\Users\\win\\Downloads\\Global-Advertising-Platform-d9586aca12844d7c7dbe1a70fb43f4a241df4343\\backend\\node_modules\\express\\lib\\router\\route.js","function":"next","line":149,"method":null,"native":false},{"column":3,"file":"C:\\Users\\win\\Downloads\\Global-Advertising-Platform-d9586aca12844d7c7dbe1a70fb43f4a241df4343\\backend\\node_modules\\express\\lib\\router\\route.js","function":"Route.dispatch","line":119,"method":"dispatch","native":false},{"column":5,"file":"C:\\Users\\win\\Downloads\\Global-Advertising-Platform-d9586aca12844d7c7dbe1a70fb43f4a241df4343\\backend\\node_modules\\express\\lib\\router\\layer.js","function":"Layer.handle [as handle_request]","line":95,"method":"handle [as handle_request]","native":false},{"column":15,"file":"C:\\Users\\win\\Downloads\\Global-Advertising-Platform-d9586aca12844d7c7dbe1a70fb43f4a241df4343\\backend\\node_modules\\express\\lib\\router\\index.js","function":null,"line":284,"method":null,"native":false},{"column":12,"file":"C:\\Users\\win\\Downloads\\Global-Advertising-Platform-d9586aca12844d7c7dbe1a70fb43f4a241df4343\\backend\\node_modules\\express\\lib\\router\\index.js","function":"Function.process_params","line":346,"method":"process_params","native":false},{"column":10,"file":"C:\\Users\\win\\Downloads\\Global-Advertising-Platform-d9586aca12844d7c7dbe1a70fb43f4a241df4343\\backend\\node_modules\\express\\lib\\router\\index.js","function":"next","line":280,"method":null,"native":false},{"column":3,"file":"C:\\Users\\win\\Downloads\\Global-Advertising-Platform-d9586aca12844d7c7dbe1a70fb43f4a241df4343\\backend\\node_modules\\express\\lib\\router\\index.js","function":"Function.handle","line":175,"method":"handle","native":false},{"column":12,"file":"C:\\Users\\win\\Downloads\\Global-Advertising-Platform-d9586aca12844d7c7dbe1a70fb43f4a241df4343\\backend\\node_modules\\express\\lib\\router\\index.js","function":"router","line":47,"method":null,"native":false}]}
2026-01-28 14:14:09 [error]: unhandledRejection: __filename is not defined
ReferenceError: __filename is not defined
    at file:///C:/Users/win/Downloads/Global-Advertising-Platform-d9586aca12844d7c7dbe1a70fb43f4a241df4343/backend/routes/pixels.js:283:23
    at Layer.handle [as handle_request] (C:\Users\win\Downloads\Global-Advertising-Platform-d9586aca12844d7c7dbe1a70fb43f4a241df4343\backend\node_modules\express\lib\router\layer.js:95:5)
    at next (C:\Users\win\Downloads\Global-Advertising-Platform-d9586aca12844d7c7dbe1a70fb43f4a241df4343\backend\node_modules\express\lib\router\route.js:149:13)
    at Route.dispatch (C:\Users\win\Downloads\Global-Advertising-Platform-d9586aca12844d7c7dbe1a70fb43f4a241df4343\backend\node_modules\express\lib\router\route.js:119:3)
    at Layer.handle [as handle_request] (C:\Users\win\Downloads\Global-Advertising-Platform-d9586aca12844d7c7dbe1a70fb43f4a241df4343\backend\node_modules\express\lib\router\layer.js:95:5)
    at C:\Users\win\Downloads\Global-Advertising-Platform-d9586aca12844d7c7dbe1a70fb43f4a241df4343\backend\node_modules\express\lib\router\index.js:284:15
    at Function.process_params (C:\Users\win\Downloads\Global-Advertising-Platform-d9586aca12844d7c7dbe1a70fb43f4a241df4343\backend\node_modules\express\lib\router\index.js:346:12)
    at next (C:\Users\win\Downloads\Global-Advertising-Platform-d9586aca12844d7c7dbe1a70fb43f4a241df4343\backend\node_modules\express\lib\router\index.js:280:10)
    at Function.handle (C:\Users\win\Downloads\Global-Advertising-Platform-d9586aca12844d7c7dbe1a70fb43f4a241df4343\backend\node_modules\express\lib\router\index.js:175:3)
    at router (C:\Users\win\Downloads\Global-Advertising-Platform-d9586aca12844d7c7dbe1a70fb43f4a241df4343\backend\node_modules\express\lib\router\index.js:47:12)
ReferenceError: __filename is not defined
    at file:///C:/Users/win/Downloads/Global-Advertising-Platform-d9586aca12844d7c7dbe1a70fb43f4a241df4343/backend/routes/pixels.js:283:23
    at Layer.handle [as handle_request] (C:\Users\win\Downloads\Global-Advertising-Platform-d9586aca12844d7c7dbe1a70fb43f4a241df4343\backend\node_modules\express\lib\router\layer.js:95:5)
    at next (C:\Users\win\Downloads\Global-Advertising-Platform-d9586aca12844d7c7dbe1a70fb43f4a241df4343\backend\node_modules\express\lib\router\route.js:149:13)
    at Route.dispatch (C:\Users\win\Downloads\Global-Advertising-Platform-d9586aca12844d7c7dbe1a70fb43f4a241df4343\backend\node_modules\express\lib\router\route.js:119:3)
    at Layer.handle [as handle_request] (C:\Users\win\Downloads\Global-Advertising-Platform-d9586aca12844d7c7dbe1a70fb43f4a241df4343\backend\node_modules\express\lib\router\layer.js:95:5)
    at C:\Users\win\Downloads\Global-Advertising-Platform-d9586aca12844d7c7dbe1a70fb43f4a241df4343\backend\node_modules\express\lib\router\index.js:284:15
    at Function.process_params (C:\Users\win\Downloads\Global-Advertising-Platform-d9586aca12844d7c7dbe1a70fb43f4a241df4343\backend\node_modules\express\lib\router\index.js:346:12)
    at next (C:\Users\win\Downloads\Global-Advertising-Platform-d9586aca12844d7c7dbe1a70fb43f4a241df4343\backend\node_modules\express\lib\router\index.js:280:10)
    at Function.handle (C:\Users\win\Downloads\Global-Advertising-Platform-d9586aca12844d7c7dbe1a70fb43f4a241df4343\backend\node_modules\express\lib\router\index.js:175:3)
    at router (C:\Users\win\Downloads\Global-Advertising-Platform-d9586aca12844d7c7dbe1a70fb43f4a241df4343\backend\node_modules\express\lib\router\index.js:47:12) {"error":{},"rejection":true,"date":"Wed Jan 28 2026 14:14:09 GMT+0900 (대한민국 표준시)","process":{"pid":27032,"uid":null,"gid":null,"cwd":"C:\\Users\\win\\Downloads\\Global-Advertising-Platform-d9586aca12844d7c7dbe1a70fb43f4a241df4343\\backend","execPath":"C:\\Program Files\\nodejs\\node.exe","version":"v22.13.1","argv":["C:\\Program Files\\nodejs\\node.exe","C:\\Users\\win\\Downloads\\Global-Advertising-Platform-d9586aca12844d7c7dbe1a70fb43f4a241df4343\\backend\\server.js"],"memoryUsage":{"rss":78475264,"heapTotal":37347328,"heapUsed":30944232,"external":3825506,"arrayBuffers":134190}},"os":{"loadavg":[0,0,0],"uptime":147557.578},"trace":[{"column":23,"file":"file:///C:/Users/win/Downloads/Global-Advertising-Platform-d9586aca12844d7c7dbe1a70fb43f4a241df4343/backend/routes/pixels.js","function":null,"line":283,"method":null,"native":false},{"column":5,"file":"C:\\Users\\win\\Downloads\\Global-Advertising-Platform-d9586aca12844d7c7dbe1a70fb43f4a241df4343\\backend\\node_modules\\express\\lib\\router\\layer.js","function":"Layer.handle [as handle_request]","line":95,"method":"handle [as handle_request]","native":false},{"column":13,"file":"C:\\Users\\win\\Downloads\\Global-Advertising-Platform-d9586aca12844d7c7dbe1a70fb43f4a241df4343\\backend\\node_modules\\express\\lib\\router\\route.js","function":"next","line":149,"method":null,"native":false},{"column":3,"file":"C:\\Users\\win\\Downloads\\Global-Advertising-Platform-d9586aca12844d7c7dbe1a70fb43f4a241df4343\\backend\\node_modules\\express\\lib\\router\\route.js","function":"Route.dispatch","line":119,"method":"dispatch","native":false},{"column":5,"file":"C:\\Users\\win\\Downloads\\Global-Advertising-Platform-d9586aca12844d7c7dbe1a70fb43f4a241df4343\\backend\\node_modules\\express\\lib\\router\\layer.js","function":"Layer.handle [as handle_request]","line":95,"method":"handle [as handle_request]","native":false},{"column":15,"file":"C:\\Users\\win\\Downloads\\Global-Advertising-Platform-d9586aca12844d7c7dbe1a70fb43f4a241df4343\\backend\\node_modules\\express\\lib\\router\\index.js","function":null,"line":284,"method":null,"native":false},{"column":12,"file":"C:\\Users\\win\\Downloads\\Global-Advertising-Platform-d9586aca12844d7c7dbe1a70fb43f4a241df4343\\backend\\node_modules\\express\\lib\\router\\index.js","function":"Function.process_params","line":346,"method":"process_params","native":false},{"column":10,"file":"C:\\Users\\win\\Downloads\\Global-Advertising-Platform-d9586aca12844d7c7dbe1a70fb43f4a241df4343\\backend\\node_modules\\express\\lib\\router\\index.js","function":"next","line":280,"method":null,"native":false},{"column":3,"file":"C:\\Users\\win\\Downloads\\Global-Advertising-Platform-d9586aca12844d7c7dbe1a70fb43f4a241df4343\\backend\\node_modules\\express\\lib\\router\\index.js","function":"Function.handle","line":175,"method":"handle","native":false},{"column":12,"file":"C:\\Users\\win\\Downloads\\Global-Advertising-Platform-d9586aca12844d7c7dbe1a70fb43f4a241df4343\\backend\\node_modules\\express\\lib\\router\\index.js","function":"router","line":47,"method":null,"native":false}]}
2026-01-28 14:25:58 [error]: unhandledRejection: __filename is not defined
ReferenceError: __filename is not defined
    at file:///C:/Users/win/Downloads/Global-Advertising-Platform-d9586aca12844d7c7dbe1a70fb43f4a241df4343/backend/routes/pixels.js:283:23
    at Layer.handle [as handle_request] (C:\Users\win\Downloads\Global-Advertising-Platform-d9586aca12844d7c7dbe1a70fb43f4a241df4343\backend\node_modules\express\lib\router\layer.js:95:5)
    at next (C:\Users\win\Downloads\Global-Advertising-Platform-d9586aca12844d7c7dbe1a70fb43f4a241df4343\backend\node_modules\express\lib\router\route.js:149:13)
    at Route.dispatch (C:\Users\win\Downloads\Global-Advertising-Platform-d9586aca12844d7c7dbe1a70fb43f4a241df4343\backend\node_modules\express\lib\router\route.js:119:3)
    at Layer.handle [as handle_request] (C:\Users\win\Downloads\Global-Advertising-Platform-d9586aca12844d7c7dbe1a70fb43f4a241df4343\backend\node_modules\express\lib\router\layer.js:95:5)
    at C:\Users\win\Downloads\Global-Advertising-Platform-d9586aca12844d7c7dbe1a70fb43f4a241df4343\backend\node_modules\express\lib\router\index.js:284:15
    at Function.process_params (C:\Users\win\Downloads\Global-Advertising-Platform-d9586aca12844d7c7dbe1a70fb43f4a241df4343\backend\node_modules\express\lib\router\index.js:346:12)
    at next (C:\Users\win\Downloads\Global-Advertising-Platform-d9586aca12844d7c7dbe1a70fb43f4a241df4343\backend\node_modules\express\lib\router\index.js:280:10)
    at Function.handle (C:\Users\win\Downloads\Global-Advertising-Platform-d9586aca12844d7c7dbe1a70fb43f4a241df4343\backend\node_modules\express\lib\router\index.js:175:3)
    at router (C:\Users\win\Downloads\Global-Advertising-Platform-d9586aca12844d7c7dbe1a70fb43f4a241df4343\backend\node_modules\express\lib\router\index.js:47:12)
ReferenceError: __filename is not defined
    at file:///C:/Users/win/Downloads/Global-Advertising-Platform-d9586aca12844d7c7dbe1a70fb43f4a241df4343/backend/routes/pixels.js:283:23
    at Layer.handle [as handle_request] (C:\Users\win\Downloads\Global-Advertising-Platform-d9586aca12844d7c7dbe1a70fb43f4a241df4343\backend\node_modules\express\lib\router\layer.js:95:5)
    at next (C:\Users\win\Downloads\Global-Advertising-Platform-d9586aca12844d7c7dbe1a70fb43f4a241df4343\backend\node_modules\express\lib\router\route.js:149:13)
    at Route.dispatch (C:\Users\win\Downloads\Global-Advertising-Platform-d9586aca12844d7c7dbe1a70fb43f4a241df4343\backend\node_modules\express\lib\router\route.js:119:3)
    at Layer.handle [as handle_request] (C:\Users\win\Downloads\Global-Advertising-Platform-d9586aca12844d7c7dbe1a70fb43f4a241df4343\backend\node_modules\express\lib\router\layer.js:95:5)
    at C:\Users\win\Downloads\Global-Advertising-Platform-d9586aca12844d7c7dbe1a70fb43f4a241df4343\backend\node_modules\express\lib\router\index.js:284:15
    at Function.process_params (C:\Users\win\Downloads\Global-Advertising-Platform-d9586aca12844d7c7dbe1a70fb43f4a241df4343\backend\node_modules\express\lib\router\index.js:346:12)
    at next (C:\Users\win\Downloads\Global-Advertising-Platform-d9586aca12844d7c7dbe1a70fb43f4a241df4343\backend\node_modules\express\lib\router\index.js:280:10)
    at Function.handle (C:\Users\win\Downloads\Global-Advertising-Platform-d9586aca12844d7c7dbe1a70fb43f4a241df4343\backend\node_modules\express\lib\router\index.js:175:3)
    at router (C:\Users\win\Downloads\Global-Advertising-Platform-d9586aca12844d7c7dbe1a70fb43f4a241df4343\backend\node_modules\express\lib\router\index.js:47:12) {"error":{},"rejection":true,"date":"Wed Jan 28 2026 14:25:58 GMT+0900 (대한민국 표준시)","process":{"pid":18684,"uid":null,"gid":null,"cwd":"C:\\Users\\win\\Downloads\\Global-Advertising-Platform-d9586aca12844d7c7dbe1a70fb43f4a241df4343\\backend","execPath":"C:\\Program Files\\nodejs\\node.exe","version":"v22.13.1","argv":["C:\\Program Files\\nodejs\\node.exe","C:\\Users\\win\\Downloads\\Global-Advertising-Platform-d9586aca12844d7c7dbe1a70fb43f4a241df4343\\backend\\server.js"],"memoryUsage":{"rss":80924672,"heapTotal":41017344,"heapUsed":31883440,"external":3851726,"arrayBuffers":160410}},"os":{"loadavg":[0,0,0],"uptime":148265.921},"trace":[{"column":23,"file":"file:///C:/Users/win/Downloads/Global-Advertising-Platform-d9586aca12844d7c7dbe1a70fb43f4a241df4343/backend/routes/pixels.js","function":null,"line":283,"method":null,"native":false},{"column":5,"file":"C:\\Users\\win\\Downloads\\Global-Advertising-Platform-d9586aca12844d7c7dbe1a70fb43f4a241df4343\\backend\\node_modules\\express\\lib\\router\\layer.js","function":"Layer.handle [as handle_request]","line":95,"method":"handle [as handle_request]","native":false},{"column":13,"file":"C:\\Users\\win\\Downloads\\Global-Advertising-Platform-d9586aca12844d7c7dbe1a70fb43f4a241df4343\\backend\\node_modules\\express\\lib\\router\\route.js","function":"next","line":149,"method":null,"native":false},{"column":3,"file":"C:\\Users\\win\\Downloads\\Global-Advertising-Platform-d9586aca12844d7c7dbe1a70fb43f4a241df4343\\backend\\node_modules\\express\\lib\\router\\route.js","function":"Route.dispatch","line":119,"method":"dispatch","native":false},{"column":5,"file":"C:\\Users\\win\\Downloads\\Global-Advertising-Platform-d9586aca12844d7c7dbe1a70fb43f4a241df4343\\backend\\node_modules\\express\\lib\\router\\layer.js","function":"Layer.handle [as handle_request]","line":95,"method":"handle [as handle_request]","native":false},{"column":15,"file":"C:\\Users\\win\\Downloads\\Global-Advertising-Platform-d9586aca12844d7c7dbe1a70fb43f4a241df4343\\backend\\node_modules\\express\\lib\\router\\index.js","function":null,"line":284,"method":null,"native":false},{"column":12,"file":"C:\\Users\\win\\Downloads\\Global-Advertising-Platform-d9586aca12844d7c7dbe1a70fb43f4a241df4343\\backend\\node_modules\\express\\lib\\router\\index.js","function":"Function.process_params","line":346,"method":"process_params","native":false},{"column":10,"file":"C:\\Users\\win\\Downloads\\Global-Advertising-Platform-d9586aca12844d7c7dbe1a70fb43f4a241df4343\\backend\\node_modules\\express\\lib\\router\\index.js","function":"next","line":280,"method":null,"native":false},{"column":3,"file":"C:\\Users\\win\\Downloads\\Global-Advertising-Platform-d9586aca12844d7c7dbe1a70fb43f4a241df4343\\backend\\node_modules\\express\\lib\\router\\index.js","function":"Function.handle","line":175,"method":"handle","native":false},{"column":12,"file":"C:\\Users\\win\\Downloads\\Global-Advertising-Platform-d9586aca12844d7c7dbe1a70fb43f4a241df4343\\backend\\node_modules\\express\\lib\\router\\index.js","function":"router","line":47,"method":null,"native":false}]}
2026-01-28 14:33:59 [error]: unhandledRejection: __filename is not defined
ReferenceError: __filename is not defined
    at file:///C:/Users/win/Downloads/Global-Advertising-Platform-d9586aca12844d7c7dbe1a70fb43f4a241df4343/backend/routes/pixels.js:283:23
    at Layer.handle [as handle_request] (C:\Users\win\Downloads\Global-Advertising-Platform-d9586aca12844d7c7dbe1a70fb43f4a241df4343\backend\node_modules\express\lib\router\layer.js:95:5)
    at next (C:\Users\win\Downloads\Global-Advertising-Platform-d9586aca12844d7c7dbe1a70fb43f4a241df4343\backend\node_modules\express\lib\router\route.js:149:13)
    at Route.dispatch (C:\Users\win\Downloads\Global-Advertising-Platform-d9586aca12844d7c7dbe1a70fb43f4a241df4343\backend\node_modules\express\lib\router\route.js:119:3)
    at Layer.handle [as handle_request] (C:\Users\win\Downloads\Global-Advertising-Platform-d9586aca12844d7c7dbe1a70fb43f4a241df4343\backend\node_modules\express\lib\router\layer.js:95:5)
    at C:\Users\win\Downloads\Global-Advertising-Platform-d9586aca12844d7c7dbe1a70fb43f4a241df4343\backend\node_modules\express\lib\router\index.js:284:15
    at Function.process_params (C:\Users\win\Downloads\Global-Advertising-Platform-d9586aca12844d7c7dbe1a70fb43f4a241df4343\backend\node_modules\express\lib\router\index.js:346:12)
    at next (C:\Users\win\Downloads\Global-Advertising-Platform-d9586aca12844d7c7dbe1a70fb43f4a241df4343\backend\node_modules\express\lib\router\index.js:280:10)
    at Function.handle (C:\Users\win\Downloads\Global-Advertising-Platform-d9586aca12844d7c7dbe1a70fb43f4a241df4343\backend\node_modules\express\lib\router\index.js:175:3)
    at router (C:\Users\win\Downloads\Global-Advertising-Platform-d9586aca12844d7c7dbe1a70fb43f4a241df4343\backend\node_modules\express\lib\router\index.js:47:12)
ReferenceError: __filename is not defined
    at file:///C:/Users/win/Downloads/Global-Advertising-Platform-d9586aca12844d7c7dbe1a70fb43f4a241df4343/backend/routes/pixels.js:283:23
    at Layer.handle [as handle_request] (C:\Users\win\Downloads\Global-Advertising-Platform-d9586aca12844d7c7dbe1a70fb43f4a241df4343\backend\node_modules\express\lib\router\layer.js:95:5)
    at next (C:\Users\win\Downloads\Global-Advertising-Platform-d9586aca12844d7c7dbe1a70fb43f4a241df4343\backend\node_modules\express\lib\router\route.js:149:13)
    at Route.dispatch (C:\Users\win\Downloads\Global-Advertising-Platform-d9586aca12844d7c7dbe1a70fb43f4a241df4343\backend\node_modules\express\lib\router\route.js:119:3)
    at Layer.handle [as handle_request] (C:\Users\win\Downloads\Global-Advertising-Platform-d9586aca12844d7c7dbe1a70fb43f4a241df4343\backend\node_modules\express\lib\router\layer.js:95:5)
    at C:\Users\win\Downloads\Global-Advertising-Platform-d9586aca12844d7c7dbe1a70fb43f4a241df4343\backend\node_modules\express\lib\router\index.js:284:15
    at Function.process_params (C:\Users\win\Downloads\Global-Advertising-Platform-d9586aca12844d7c7dbe1a70fb43f4a241df4343\backend\node_modules\express\lib\router\index.js:346:12)
    at next (C:\Users\win\Downloads\Global-Advertising-Platform-d9586aca12844d7c7dbe1a70fb43f4a241df4343\backend\node_modules\express\lib\router\index.js:280:10)
    at Function.handle (C:\Users\win\Downloads\Global-Advertising-Platform-d9586aca12844d7c7dbe1a70fb43f4a241df4343\backend\node_modules\express\lib\router\index.js:175:3)
    at router (C:\Users\win\Downloads\Global-Advertising-Platform-d9586aca12844d7c7dbe1a70fb43f4a241df4343\backend\node_modules\express\lib\router\index.js:47:12) {"error":{},"rejection":true,"date":"Wed Jan 28 2026 14:33:59 GMT+0900 (대한민국 표준시)","process":{"pid":24136,"uid":null,"gid":null,"cwd":"C:\\Users\\win\\Downloads\\Global-Advertising-Platform-d9586aca12844d7c7dbe1a70fb43f4a241df4343\\backend","execPath":"C:\\Program Files\\nodejs\\node.exe","version":"v22.13.1","argv":["C:\\Program Files\\nodejs\\node.exe","C:\\Users\\win\\Downloads\\Global-Advertising-Platform-d9586aca12844d7c7dbe1a70fb43f4a241df4343\\backend\\server.js"],"memoryUsage":{"rss":84041728,"heapTotal":38780928,"heapUsed":31026480,"external":4385440,"arrayBuffers":690557}},"os":{"loadavg":[0,0,0],"uptime":148746.828},"trace":[{"column":23,"file":"file:///C:/Users/win/Downloads/Global-Advertising-Platform-d9586aca12844d7c7dbe1a70fb43f4a241df4343/backend/routes/pixels.js","function":null,"line":283,"method":null,"native":false},{"column":5,"file":"C:\\Users\\win\\Downloads\\Global-Advertising-Platform-d9586aca12844d7c7dbe1a70fb43f4a241df4343\\backend\\node_modules\\express\\lib\\router\\layer.js","function":"Layer.handle [as handle_request]","line":95,"method":"handle [as handle_request]","native":false},{"column":13,"file":"C:\\Users\\win\\Downloads\\Global-Advertising-Platform-d9586aca12844d7c7dbe1a70fb43f4a241df4343\\backend\\node_modules\\express\\lib\\router\\route.js","function":"next","line":149,"method":null,"native":false},{"column":3,"file":"C:\\Users\\win\\Downloads\\Global-Advertising-Platform-d9586aca12844d7c7dbe1a70fb43f4a241df4343\\backend\\node_modules\\express\\lib\\router\\route.js","function":"Route.dispatch","line":119,"method":"dispatch","native":false},{"column":5,"file":"C:\\Users\\win\\Downloads\\Global-Advertising-Platform-d9586aca12844d7c7dbe1a70fb43f4a241df4343\\backend\\node_modules\\express\\lib\\router\\layer.js","function":"Layer.handle [as handle_request]","line":95,"method":"handle [as handle_request]","native":false},{"column":15,"file":"C:\\Users\\win\\Downloads\\Global-Advertising-Platform-d9586aca12844d7c7dbe1a70fb43f4a241df4343\\backend\\node_modules\\express\\lib\\router\\index.js","function":null,"line":284,"method":null,"native":false},{"column":12,"file":"C:\\Users\\win\\Downloads\\Global-Advertising-Platform-d9586aca12844d7c7dbe1a70fb43f4a241df4343\\backend\\node_modules\\express\\lib\\router\\index.js","function":"Function.process_params","line":346,"method":"process_params","native":false},{"column":10,"file":"C:\\Users\\win\\Downloads\\Global-Advertising-Platform-d9586aca12844d7c7dbe1a70fb43f4a241df4343\\backend\\node_modules\\express\\lib\\router\\index.js","function":"next","line":280,"method":null,"native":false},{"column":3,"file":"C:\\Users\\win\\Downloads\\Global-Advertising-Platform-d9586aca12844d7c7dbe1a70fb43f4a241df4343\\backend\\node_modules\\express\\lib\\router\\index.js","function":"Function.handle","line":175,"method":"handle","native":false},{"column":12,"file":"C:\\Users\\win\\Downloads\\Global-Advertising-Platform-d9586aca12844d7c7dbe1a70fb43f4a241df4343\\backend\\node_modules\\express\\lib\\router\\index.js","function":"router","line":47,"method":null,"native":false}]}
2026-01-28 14:34:30 [error]: unhandledRejection: __filename is not defined
ReferenceError: __filename is not defined
    at file:///C:/Users/win/Downloads/Global-Advertising-Platform-d9586aca12844d7c7dbe1a70fb43f4a241df4343/backend/routes/pixels.js:283:23
    at Layer.handle [as handle_request] (C:\Users\win\Downloads\Global-Advertising-Platform-d9586aca12844d7c7dbe1a70fb43f4a241df4343\backend\node_modules\express\lib\router\layer.js:95:5)
    at next (C:\Users\win\Downloads\Global-Advertising-Platform-d9586aca12844d7c7dbe1a70fb43f4a241df4343\backend\node_modules\express\lib\router\route.js:149:13)
    at Route.dispatch (C:\Users\win\Downloads\Global-Advertising-Platform-d9586aca12844d7c7dbe1a70fb43f4a241df4343\backend\node_modules\express\lib\router\route.js:119:3)
    at Layer.handle [as handle_request] (C:\Users\win\Downloads\Global-Advertising-Platform-d9586aca12844d7c7dbe1a70fb43f4a241df4343\backend\node_modules\express\lib\router\layer.js:95:5)
    at C:\Users\win\Downloads\Global-Advertising-Platform-d9586aca12844d7c7dbe1a70fb43f4a241df4343\backend\node_modules\express\lib\router\index.js:284:15
    at Function.process_params (C:\Users\win\Downloads\Global-Advertising-Platform-d9586aca12844d7c7dbe1a70fb43f4a241df4343\backend\node_modules\express\lib\router\index.js:346:12)
    at next (C:\Users\win\Downloads\Global-Advertising-Platform-d9586aca12844d7c7dbe1a70fb43f4a241df4343\backend\node_modules\express\lib\router\index.js:280:10)
    at Function.handle (C:\Users\win\Downloads\Global-Advertising-Platform-d9586aca12844d7c7dbe1a70fb43f4a241df4343\backend\node_modules\express\lib\router\index.js:175:3)
    at router (C:\Users\win\Downloads\Global-Advertising-Platform-d9586aca12844d7c7dbe1a70fb43f4a241df4343\backend\node_modules\express\lib\router\index.js:47:12)
ReferenceError: __filename is not defined
    at file:///C:/Users/win/Downloads/Global-Advertising-Platform-d9586aca12844d7c7dbe1a70fb43f4a241df4343/backend/routes/pixels.js:283:23
    at Layer.handle [as handle_request] (C:\Users\win\Downloads\Global-Advertising-Platform-d9586aca12844d7c7dbe1a70fb43f4a241df4343\backend\node_modules\express\lib\router\layer.js:95:5)
    at next (C:\Users\win\Downloads\Global-Advertising-Platform-d9586aca12844d7c7dbe1a70fb43f4a241df4343\backend\node_modules\express\lib\router\route.js:149:13)
    at Route.dispatch (C:\Users\win\Downloads\Global-Advertising-Platform-d9586aca12844d7c7dbe1a70fb43f4a241df4343\backend\node_modules\express\lib\router\route.js:119:3)
    at Layer.handle [as handle_request] (C:\Users\win\Downloads\Global-Advertising-Platform-d9586aca12844d7c7dbe1a70fb43f4a241df4343\backend\node_modules\express\lib\router\layer.js:95:5)
    at C:\Users\win\Downloads\Global-Advertising-Platform-d9586aca12844d7c7dbe1a70fb43f4a241df4343\backend\node_modules\express\lib\router\index.js:284:15
    at Function.process_params (C:\Users\win\Downloads\Global-Advertising-Platform-d9586aca12844d7c7dbe1a70fb43f4a241df4343\backend\node_modules\express\lib\router\index.js:346:12)
    at next (C:\Users\win\Downloads\Global-Advertising-Platform-d9586aca12844d7c7dbe1a70fb43f4a241df4343\backend\node_modules\express\lib\router\index.js:280:10)
    at Function.handle (C:\Users\win\Downloads\Global-Advertising-Platform-d9586aca12844d7c7dbe1a70fb43f4a241df4343\backend\node_modules\express\lib\router\index.js:175:3)
    at router (C:\Users\win\Downloads\Global-Advertising-Platform-d9586aca12844d7c7dbe1a70fb43f4a241df4343\backend\node_modules\express\lib\router\index.js:47:12) {"error":{},"rejection":true,"date":"Wed Jan 28 2026 14:34:30 GMT+0900 (대한민국 표준시)","process":{"pid":3472,"uid":null,"gid":null,"cwd":"C:\\Users\\win\\Downloads\\Global-Advertising-Platform-d9586aca12844d7c7dbe1a70fb43f4a241df4343\\backend","execPath":"C:\\Program Files\\nodejs\\node.exe","version":"v22.13.1","argv":["C:\\Program Files\\nodejs\\node.exe","C:\\Users\\win\\Downloads\\Global-Advertising-Platform-d9586aca12844d7c7dbe1a70fb43f4a241df4343\\backend\\server.js"],"memoryUsage":{"rss":130904064,"heapTotal":80273408,"heapUsed":52955088,"external":9424507,"arrayBuffers":5729432}},"os":{"loadavg":[0,0,0],"uptime":148778.5},"trace":[{"column":23,"file":"file:///C:/Users/win/Downloads/Global-Advertising-Platform-d9586aca12844d7c7dbe1a70fb43f4a241df4343/backend/routes/pixels.js","function":null,"line":283,"method":null,"native":false},{"column":5,"file":"C:\\Users\\win\\Downloads\\Global-Advertising-Platform-d9586aca12844d7c7dbe1a70fb43f4a241df4343\\backend\\node_modules\\express\\lib\\router\\layer.js","function":"Layer.handle [as handle_request]","line":95,"method":"handle [as handle_request]","native":false},{"column":13,"file":"C:\\Users\\win\\Downloads\\Global-Advertising-Platform-d9586aca12844d7c7dbe1a70fb43f4a241df4343\\backend\\node_modules\\express\\lib\\router\\route.js","function":"next","line":149,"method":null,"native":false},{"column":3,"file":"C:\\Users\\win\\Downloads\\Global-Advertising-Platform-d9586aca12844d7c7dbe1a70fb43f4a241df4343\\backend\\node_modules\\express\\lib\\router\\route.js","function":"Route.dispatch","line":119,"method":"dispatch","native":false},{"column":5,"file":"C:\\Users\\win\\Downloads\\Global-Advertising-Platform-d9586aca12844d7c7dbe1a70fb43f4a241df4343\\backend\\node_modules\\express\\lib\\router\\layer.js","function":"Layer.handle [as handle_request]","line":95,"method":"handle [as handle_request]","native":false},{"column":15,"file":"C:\\Users\\win\\Downloads\\Global-Advertising-Platform-d9586aca12844d7c7dbe1a70fb43f4a241df4343\\backend\\node_modules\\express\\lib\\router\\index.js","function":null,"line":284,"method":null,"native":false},{"column":12,"file":"C:\\Users\\win\\Downloads\\Global-Advertising-Platform-d9586aca12844d7c7dbe1a70fb43f4a241df4343\\backend\\node_modules\\express\\lib\\router\\index.js","function":"Function.process_params","line":346,"method":"process_params","native":false},{"column":10,"file":"C:\\Users\\win\\Downloads\\Global-Advertising-Platform-d9586aca12844d7c7dbe1a70fb43f4a241df4343\\backend\\node_modules\\express\\lib\\router\\index.js","function":"next","line":280,"method":null,"native":false},{"column":3,"file":"C:\\Users\\win\\Downloads\\Global-Advertising-Platform-d9586aca12844d7c7dbe1a70fb43f4a241df4343\\backend\\node_modules\\express\\lib\\router\\index.js","function":"Function.handle","line":175,"method":"handle","native":false},{"column":12,"file":"C:\\Users\\win\\Downloads\\Global-Advertising-Platform-d9586aca12844d7c7dbe1a70fb43f4a241df4343\\backend\\node_modules\\express\\lib\\router\\index.js","function":"router","line":47,"method":null,"native":false}]}
2026-01-28 14:38:16 [error]: unhandledRejection: __filename is not defined
ReferenceError: __filename is not defined
    at file:///C:/Users/win/Downloads/Global-Advertising-Platform-d9586aca12844d7c7dbe1a70fb43f4a241df4343/backend/routes/pixels.js:283:23
    at Layer.handle [as handle_request] (C:\Users\win\Downloads\Global-Advertising-Platform-d9586aca12844d7c7dbe1a70fb43f4a241df4343\backend\node_modules\express\lib\router\layer.js:95:5)
    at next (C:\Users\win\Downloads\Global-Advertising-Platform-d9586aca12844d7c7dbe1a70fb43f4a241df4343\backend\node_modules\express\lib\router\route.js:149:13)
    at Route.dispatch (C:\Users\win\Downloads\Global-Advertising-Platform-d9586aca12844d7c7dbe1a70fb43f4a241df4343\backend\node_modules\express\lib\router\route.js:119:3)
    at Layer.handle [as handle_request] (C:\Users\win\Downloads\Global-Advertising-Platform-d9586aca12844d7c7dbe1a70fb43f4a241df4343\backend\node_modules\express\lib\router\layer.js:95:5)
    at C:\Users\win\Downloads\Global-Advertising-Platform-d9586aca12844d7c7dbe1a70fb43f4a241df4343\backend\node_modules\express\lib\router\index.js:284:15
    at Function.process_params (C:\Users\win\Downloads\Global-Advertising-Platform-d9586aca12844d7c7dbe1a70fb43f4a241df4343\backend\node_modules\express\lib\router\index.js:346:12)
    at next (C:\Users\win\Downloads\Global-Advertising-Platform-d9586aca12844d7c7dbe1a70fb43f4a241df4343\backend\node_modules\express\lib\router\index.js:280:10)
    at Function.handle (C:\Users\win\Downloads\Global-Advertising-Platform-d9586aca12844d7c7dbe1a70fb43f4a241df4343\backend\node_modules\express\lib\router\index.js:175:3)
    at router (C:\Users\win\Downloads\Global-Advertising-Platform-d9586aca12844d7c7dbe1a70fb43f4a241df4343\backend\node_modules\express\lib\router\index.js:47:12)
ReferenceError: __filename is not defined
    at file:///C:/Users/win/Downloads/Global-Advertising-Platform-d9586aca12844d7c7dbe1a70fb43f4a241df4343/backend/routes/pixels.js:283:23
    at Layer.handle [as handle_request] (C:\Users\win\Downloads\Global-Advertising-Platform-d9586aca12844d7c7dbe1a70fb43f4a241df4343\backend\node_modules\express\lib\router\layer.js:95:5)
    at next (C:\Users\win\Downloads\Global-Advertising-Platform-d9586aca12844d7c7dbe1a70fb43f4a241df4343\backend\node_modules\express\lib\router\route.js:149:13)
    at Route.dispatch (C:\Users\win\Downloads\Global-Advertising-Platform-d9586aca12844d7c7dbe1a70fb43f4a241df4343\backend\node_modules\express\lib\router\route.js:119:3)
    at Layer.handle [as handle_request] (C:\Users\win\Downloads\Global-Advertising-Platform-d9586aca12844d7c7dbe1a70fb43f4a241df4343\backend\node_modules\express\lib\router\layer.js:95:5)
    at C:\Users\win\Downloads\Global-Advertising-Platform-d9586aca12844d7c7dbe1a70fb43f4a241df4343\backend\node_modules\express\lib\router\index.js:284:15
    at Function.process_params (C:\Users\win\Downloads\Global-Advertising-Platform-d9586aca12844d7c7dbe1a70fb43f4a241df4343\backend\node_modules\express\lib\router\index.js:346:12)
    at next (C:\Users\win\Downloads\Global-Advertising-Platform-d9586aca12844d7c7dbe1a70fb43f4a241df4343\backend\node_modules\express\lib\router\index.js:280:10)
    at Function.handle (C:\Users\win\Downloads\Global-Advertising-Platform-d9586aca12844d7c7dbe1a70fb43f4a241df4343\backend\node_modules\express\lib\router\index.js:175:3)
    at router (C:\Users\win\Downloads\Global-Advertising-Platform-d9586aca12844d7c7dbe1a70fb43f4a241df4343\backend\node_modules\express\lib\router\index.js:47:12) {"error":{},"rejection":true,"date":"Wed Jan 28 2026 14:38:16 GMT+0900 (대한민국 표준시)","process":{"pid":29224,"uid":null,"gid":null,"cwd":"C:\\Users\\win\\Downloads\\Global-Advertising-Platform-d9586aca12844d7c7dbe1a70fb43f4a241df4343\\backend","execPath":"C:\\Program Files\\nodejs\\node.exe","version":"v22.13.1","argv":["C:\\Program Files\\nodejs\\node.exe","C:\\Users\\win\\Downloads\\Global-Advertising-Platform-d9586aca12844d7c7dbe1a70fb43f4a241df4343\\backend\\server.js"],"memoryUsage":{"rss":80142336,"heapTotal":43761664,"heapUsed":25395408,"external":3770537,"arrayBuffers":79221}},"os":{"loadavg":[0,0,0],"uptime":149004.515},"trace":[{"column":23,"file":"file:///C:/Users/win/Downloads/Global-Advertising-Platform-d9586aca12844d7c7dbe1a70fb43f4a241df4343/backend/routes/pixels.js","function":null,"line":283,"method":null,"native":false},{"column":5,"file":"C:\\Users\\win\\Downloads\\Global-Advertising-Platform-d9586aca12844d7c7dbe1a70fb43f4a241df4343\\backend\\node_modules\\express\\lib\\router\\layer.js","function":"Layer.handle [as handle_request]","line":95,"method":"handle [as handle_request]","native":false},{"column":13,"file":"C:\\Users\\win\\Downloads\\Global-Advertising-Platform-d9586aca12844d7c7dbe1a70fb43f4a241df4343\\backend\\node_modules\\express\\lib\\router\\route.js","function":"next","line":149,"method":null,"native":false},{"column":3,"file":"C:\\Users\\win\\Downloads\\Global-Advertising-Platform-d9586aca12844d7c7dbe1a70fb43f4a241df4343\\backend\\node_modules\\express\\lib\\router\\route.js","function":"Route.dispatch","line":119,"method":"dispatch","native":false},{"column":5,"file":"C:\\Users\\win\\Downloads\\Global-Advertising-Platform-d9586aca12844d7c7dbe1a70fb43f4a241df4343\\backend\\node_modules\\express\\lib\\router\\layer.js","function":"Layer.handle [as handle_request]","line":95,"method":"handle [as handle_request]","native":false},{"column":15,"file":"C:\\Users\\win\\Downloads\\Global-Advertising-Platform-d9586aca12844d7c7dbe1a70fb43f4a241df4343\\backend\\node_modules\\express\\lib\\router\\index.js","function":null,"line":284,"method":null,"native":false},{"column":12,"file":"C:\\Users\\win\\Downloads\\Global-Advertising-Platform-d9586aca12844d7c7dbe1a70fb43f4a241df4343\\backend\\node_modules\\express\\lib\\router\\index.js","function":"Function.process_params","line":346,"method":"process_params","native":false},{"column":10,"file":"C:\\Users\\win\\Downloads\\Global-Advertising-Platform-d9586aca12844d7c7dbe1a70fb43f4a241df4343\\backend\\node_modules\\express\\lib\\router\\index.js","function":"next","line":280,"method":null,"native":false},{"column":3,"file":"C:\\Users\\win\\Downloads\\Global-Advertising-Platform-d9586aca12844d7c7dbe1a70fb43f4a241df4343\\backend\\node_modules\\express\\lib\\router\\index.js","function":"Function.handle","line":175,"method":"handle","native":false},{"column":12,"file":"C:\\Users\\win\\Downloads\\Global-Advertising-Platform-d9586aca12844d7c7dbe1a70fb43f4a241df4343\\backend\\node_modules\\express\\lib\\router\\index.js","function":"router","line":47,"method":null,"native":false}]}
2026-01-28 14:55:14 [error]: [Pixels][POST] ❌ CRITICAL: hset verification failed {"reqId":"tiles-1769579713135-nd0vwqr7o","territoryId":"california","tileId":"california:4:4","tileRevKey":"territory_tile_rev:california","expectedRevision":"8","actualRevision":8,"verifyValueType":"number"}
2026-01-28 14:55:14 [error]: [Pixels][POST] ❌ CRITICAL: hset verification failed {"reqId":"tiles-1769579713135-nd0vwqr7o","territoryId":"california","tileId":"california:4:5","tileRevKey":"territory_tile_rev:california","expectedRevision":"19","actualRevision":19,"verifyValueType":"number"}
2026-01-28 14:55:14 [error]: [Pixels][POST] ❌ CRITICAL: hset verification failed {"reqId":"tiles-1769579713135-nd0vwqr7o","territoryId":"california","tileId":"california:3:4","tileRevKey":"territory_tile_rev:california","expectedRevision":"5","actualRevision":5,"verifyValueType":"number"}
2026-01-28 14:55:14 [error]: [Pixels][POST] ❌ CRITICAL: hset verification failed {"reqId":"tiles-1769579713135-nd0vwqr7o","territoryId":"california","tileId":"california:3:5","tileRevKey":"territory_tile_rev:california","expectedRevision":"11","actualRevision":11,"verifyValueType":"number"}
2026-01-28 14:56:08 [error]: [Pixels][POST] ❌ CRITICAL: hset verification failed {"reqId":"tiles-1769579767849-7h03wtl27","territoryId":"california","tileId":"california:0:0","tileRevKey":"territory_tile_rev:california","expectedRevision":"1","actualRevision":1,"verifyValueType":"number"}
2026-01-28 14:56:08 [error]: [Pixels][POST] ❌ CRITICAL: hset verification failed {"reqId":"tiles-1769579767849-7h03wtl27","territoryId":"california","tileId":"california:1:0","tileRevKey":"territory_tile_rev:california","expectedRevision":"1","actualRevision":1,"verifyValueType":"number"}
2026-01-28 14:56:08 [error]: [Pixels][POST] ❌ CRITICAL: hset verification failed {"reqId":"tiles-1769579767849-7h03wtl27","territoryId":"california","tileId":"california:2:0","tileRevKey":"territory_tile_rev:california","expectedRevision":"1","actualRevision":1,"verifyValueType":"number"}
2026-01-28 14:56:08 [error]: [Pixels][POST] ❌ CRITICAL: hset verification failed {"reqId":"tiles-1769579767849-7h03wtl27","territoryId":"california","tileId":"california:0:1","tileRevKey":"territory_tile_rev:california","expectedRevision":"1","actualRevision":1,"verifyValueType":"number"}
2026-01-28 14:56:09 [error]: [Pixels][POST] ❌ CRITICAL: hset verification failed {"reqId":"tiles-1769579767849-7h03wtl27","territoryId":"california","tileId":"california:1:1","tileRevKey":"territory_tile_rev:california","expectedRevision":"1","actualRevision":1,"verifyValueType":"number"}
2026-01-28 14:56:09 [error]: [Pixels][POST] ❌ CRITICAL: hset verification failed {"reqId":"tiles-1769579767849-7h03wtl27","territoryId":"california","tileId":"california:2:1","tileRevKey":"territory_tile_rev:california","expectedRevision":"1","actualRevision":1,"verifyValueType":"number"}
2026-01-28 14:56:09 [error]: [Pixels][POST] ❌ CRITICAL: hset verification failed {"reqId":"tiles-1769579767849-7h03wtl27","territoryId":"california","tileId":"california:0:2","tileRevKey":"territory_tile_rev:california","expectedRevision":"1","actualRevision":1,"verifyValueType":"number"}
2026-01-28 14:56:09 [error]: [Pixels][POST] ❌ CRITICAL: hset verification failed {"reqId":"tiles-1769579767849-7h03wtl27","territoryId":"california","tileId":"california:1:2","tileRevKey":"territory_tile_rev:california","expectedRevision":"1","actualRevision":1,"verifyValueType":"number"}
2026-01-28 14:56:10 [error]: [Pixels][POST] ❌ CRITICAL: hset verification failed {"reqId":"tiles-1769579767849-7h03wtl27","territoryId":"california","tileId":"california:2:2","tileRevKey":"territory_tile_rev:california","expectedRevision":"1","actualRevision":1,"verifyValueType":"number"}
2026-01-28 14:56:10 [error]: [Error]
PayloadTooLargeError: request entity too large
    at readStream (C:\Users\win\Downloads\Global-Advertising-Platform-d9586aca12844d7c7dbe1a70fb43f4a241df4343\backend\node_modules\raw-body\index.js:163:17)
    at getRawBody (C:\Users\win\Downloads\Global-Advertising-Platform-d9586aca12844d7c7dbe1a70fb43f4a241df4343\backend\node_modules\raw-body\index.js:116:12)
    at read (C:\Users\win\Downloads\Global-Advertising-Platform-d9586aca12844d7c7dbe1a70fb43f4a241df4343\backend\node_modules\body-parser\lib\read.js:79:3)
    at jsonParser (C:\Users\win\Downloads\Global-Advertising-Platform-d9586aca12844d7c7dbe1a70fb43f4a241df4343\backend\node_modules\body-parser\lib\types\json.js:138:5)
    at Layer.handle [as handle_request] (C:\Users\win\Downloads\Global-Advertising-Platform-d9586aca12844d7c7dbe1a70fb43f4a241df4343\backend\node_modules\express\lib\router\layer.js:95:5)
    at trim_prefix (C:\Users\win\Downloads\Global-Advertising-Platform-d9586aca12844d7c7dbe1a70fb43f4a241df4343\backend\node_modules\express\lib\router\index.js:328:13)
    at C:\Users\win\Downloads\Global-Advertising-Platform-d9586aca12844d7c7dbe1a70fb43f4a241df4343\backend\node_modules\express\lib\router\index.js:286:9
    at Function.process_params (C:\Users\win\Downloads\Global-Advertising-Platform-d9586aca12844d7c7dbe1a70fb43f4a241df4343\backend\node_modules\express\lib\router\index.js:346:12)
    at next (C:\Users\win\Downloads\Global-Advertising-Platform-d9586aca12844d7c7dbe1a70fb43f4a241df4343\backend\node_modules\express\lib\router\index.js:280:10)
    at cors (C:\Users\win\Downloads\Global-Advertising-Platform-d9586aca12844d7c7dbe1a70fb43f4a241df4343\backend\node_modules\cors\lib\index.js:188:7) {"error":"request entity too large","path":"/api/territories/california/pixels"}
2026-01-28 14:56:16 [error]: [Error]
PayloadTooLargeError: request entity too large
    at readStream (C:\Users\win\Downloads\Global-Advertising-Platform-d9586aca12844d7c7dbe1a70fb43f4a241df4343\backend\node_modules\raw-body\index.js:163:17)
    at getRawBody (C:\Users\win\Downloads\Global-Advertising-Platform-d9586aca12844d7c7dbe1a70fb43f4a241df4343\backend\node_modules\raw-body\index.js:116:12)
    at read (C:\Users\win\Downloads\Global-Advertising-Platform-d9586aca12844d7c7dbe1a70fb43f4a241df4343\backend\node_modules\body-parser\lib\read.js:79:3)
    at jsonParser (C:\Users\win\Downloads\Global-Advertising-Platform-d9586aca12844d7c7dbe1a70fb43f4a241df4343\backend\node_modules\body-parser\lib\types\json.js:138:5)
    at Layer.handle [as handle_request] (C:\Users\win\Downloads\Global-Advertising-Platform-d9586aca12844d7c7dbe1a70fb43f4a241df4343\backend\node_modules\express\lib\router\layer.js:95:5)
    at trim_prefix (C:\Users\win\Downloads\Global-Advertising-Platform-d9586aca12844d7c7dbe1a70fb43f4a241df4343\backend\node_modules\express\lib\router\index.js:328:13)
    at C:\Users\win\Downloads\Global-Advertising-Platform-d9586aca12844d7c7dbe1a70fb43f4a241df4343\backend\node_modules\express\lib\router\index.js:286:9
    at Function.process_params (C:\Users\win\Downloads\Global-Advertising-Platform-d9586aca12844d7c7dbe1a70fb43f4a241df4343\backend\node_modules\express\lib\router\index.js:346:12)
    at next (C:\Users\win\Downloads\Global-Advertising-Platform-d9586aca12844d7c7dbe1a70fb43f4a241df4343\backend\node_modules\express\lib\router\index.js:280:10)
    at cors (C:\Users\win\Downloads\Global-Advertising-Platform-d9586aca12844d7c7dbe1a70fb43f4a241df4343\backend\node_modules\cors\lib\index.js:188:7) {"error":"request entity too large","path":"/api/territories/california/pixels"}
2026-01-28 14:56:22 [error]: [Error]
PayloadTooLargeError: request entity too large
    at readStream (C:\Users\win\Downloads\Global-Advertising-Platform-d9586aca12844d7c7dbe1a70fb43f4a241df4343\backend\node_modules\raw-body\index.js:163:17)
    at getRawBody (C:\Users\win\Downloads\Global-Advertising-Platform-d9586aca12844d7c7dbe1a70fb43f4a241df4343\backend\node_modules\raw-body\index.js:116:12)
    at read (C:\Users\win\Downloads\Global-Advertising-Platform-d9586aca12844d7c7dbe1a70fb43f4a241df4343\backend\node_modules\body-parser\lib\read.js:79:3)
    at jsonParser (C:\Users\win\Downloads\Global-Advertising-Platform-d9586aca12844d7c7dbe1a70fb43f4a241df4343\backend\node_modules\body-parser\lib\types\json.js:138:5)
    at Layer.handle [as handle_request] (C:\Users\win\Downloads\Global-Advertising-Platform-d9586aca12844d7c7dbe1a70fb43f4a241df4343\backend\node_modules\express\lib\router\layer.js:95:5)
    at trim_prefix (C:\Users\win\Downloads\Global-Advertising-Platform-d9586aca12844d7c7dbe1a70fb43f4a241df4343\backend\node_modules\express\lib\router\index.js:328:13)
    at C:\Users\win\Downloads\Global-Advertising-Platform-d9586aca12844d7c7dbe1a70fb43f4a241df4343\backend\node_modules\express\lib\router\index.js:286:9
    at Function.process_params (C:\Users\win\Downloads\Global-Advertising-Platform-d9586aca12844d7c7dbe1a70fb43f4a241df4343\backend\node_modules\express\lib\router\index.js:346:12)
    at next (C:\Users\win\Downloads\Global-Advertising-Platform-d9586aca12844d7c7dbe1a70fb43f4a241df4343\backend\node_modules\express\lib\router\index.js:280:10)
    at cors (C:\Users\win\Downloads\Global-Advertising-Platform-d9586aca12844d7c7dbe1a70fb43f4a241df4343\backend\node_modules\cors\lib\index.js:188:7) {"error":"request entity too large","path":"/api/territories/california/pixels"}
2026-01-28 14:56:27 [error]: [Error]
PayloadTooLargeError: request entity too large
    at readStream (C:\Users\win\Downloads\Global-Advertising-Platform-d9586aca12844d7c7dbe1a70fb43f4a241df4343\backend\node_modules\raw-body\index.js:163:17)
    at getRawBody (C:\Users\win\Downloads\Global-Advertising-Platform-d9586aca12844d7c7dbe1a70fb43f4a241df4343\backend\node_modules\raw-body\index.js:116:12)
    at read (C:\Users\win\Downloads\Global-Advertising-Platform-d9586aca12844d7c7dbe1a70fb43f4a241df4343\backend\node_modules\body-parser\lib\read.js:79:3)
    at jsonParser (C:\Users\win\Downloads\Global-Advertising-Platform-d9586aca12844d7c7dbe1a70fb43f4a241df4343\backend\node_modules\body-parser\lib\types\json.js:138:5)
    at Layer.handle [as handle_request] (C:\Users\win\Downloads\Global-Advertising-Platform-d9586aca12844d7c7dbe1a70fb43f4a241df4343\backend\node_modules\express\lib\router\layer.js:95:5)
    at trim_prefix (C:\Users\win\Downloads\Global-Advertising-Platform-d9586aca12844d7c7dbe1a70fb43f4a241df4343\backend\node_modules\express\lib\router\index.js:328:13)
    at C:\Users\win\Downloads\Global-Advertising-Platform-d9586aca12844d7c7dbe1a70fb43f4a241df4343\backend\node_modules\express\lib\router\index.js:286:9
    at Function.process_params (C:\Users\win\Downloads\Global-Advertising-Platform-d9586aca12844d7c7dbe1a70fb43f4a241df4343\backend\node_modules\express\lib\router\index.js:346:12)
    at next (C:\Users\win\Downloads\Global-Advertising-Platform-d9586aca12844d7c7dbe1a70fb43f4a241df4343\backend\node_modules\express\lib\router\index.js:280:10)
    at cors (C:\Users\win\Downloads\Global-Advertising-Platform-d9586aca12844d7c7dbe1a70fb43f4a241df4343\backend\node_modules\cors\lib\index.js:188:7) {"error":"request entity too large","path":"/api/territories/california/pixels"}
2026-01-28 15:42:04 [error]: [Pixels][POST] ❌ CRITICAL: hset verification failed {"reqId":"tiles-1769582523572-75w4csqtj","territoryId":"california","tileId":"california:2:0","tileRevKey":"territory_tile_rev:california","expectedRevision":"2","actualRevision":2,"verifyValueType":"number"}
2026-01-28 15:42:04 [error]: [Pixels][POST] ❌ CRITICAL: hset verification failed {"reqId":"tiles-1769582523572-75w4csqtj","territoryId":"california","tileId":"california:2:1","tileRevKey":"territory_tile_rev:california","expectedRevision":"2","actualRevision":2,"verifyValueType":"number"}
2026-01-28 15:42:04 [error]: [Pixels][POST] ❌ CRITICAL: hset verification failed {"reqId":"tiles-1769582523572-75w4csqtj","territoryId":"california","tileId":"california:1:1","tileRevKey":"territory_tile_rev:california","expectedRevision":"2","actualRevision":2,"verifyValueType":"number"}
2026-01-28 15:42:41 [error]: [Pixels][POST] ❌ CRITICAL: hset verification failed {"reqId":"tiles-1769582560611-1uztmqw9t","territoryId":"california","tileId":"california:0:1","tileRevKey":"territory_tile_rev:california","expectedRevision":"2","actualRevision":2,"verifyValueType":"number"}
2026-01-28 15:42:41 [error]: [Pixels][POST] ❌ CRITICAL: hset verification failed {"reqId":"tiles-1769582560611-1uztmqw9t","territoryId":"california","tileId":"california:0:2","tileRevKey":"territory_tile_rev:california","expectedRevision":"2","actualRevision":2,"verifyValueType":"number"}
2026-01-28 15:42:41 [error]: [Pixels][POST] ❌ CRITICAL: hset verification failed {"reqId":"tiles-1769582560611-1uztmqw9t","territoryId":"california","tileId":"california:1:2","tileRevKey":"territory_tile_rev:california","expectedRevision":"2","actualRevision":2,"verifyValueType":"number"}
2026-01-28 15:42:41 [error]: [Pixels][POST] ❌ CRITICAL: hset verification failed {"reqId":"tiles-1769582560611-1uztmqw9t","territoryId":"california","tileId":"california:2:2","tileRevKey":"territory_tile_rev:california","expectedRevision":"2","actualRevision":2,"verifyValueType":"number"}
2026-01-28 15:42:41 [error]: [Pixels][POST] ❌ CRITICAL: hset verification failed {"reqId":"tiles-1769582560611-1uztmqw9t","territoryId":"california","tileId":"california:2:1","tileRevKey":"territory_tile_rev:california","expectedRevision":"3","actualRevision":3,"verifyValueType":"number"}
2026-01-28 15:43:08 [error]: [Pixels][POST] ❌ CRITICAL: hset verification failed {"reqId":"tiles-1769582587590-ptjrzv7zf","territoryId":"california","tileId":"california:1:2","tileRevKey":"territory_tile_rev:california","expectedRevision":"3","actualRevision":3,"verifyValueType":"number"}
2026-01-28 15:43:08 [error]: [Pixels][POST] ❌ CRITICAL: hset verification failed {"reqId":"tiles-1769582587590-ptjrzv7zf","territoryId":"california","tileId":"california:2:2","tileRevKey":"territory_tile_rev:california","expectedRevision":"3","actualRevision":3,"verifyValueType":"number"}
2026-01-28 15:43:08 [error]: [Pixels][POST] ❌ CRITICAL: hset verification failed {"reqId":"tiles-1769582587590-ptjrzv7zf","territoryId":"california","tileId":"california:2:1","tileRevKey":"territory_tile_rev:california","expectedRevision":"4","actualRevision":4,"verifyValueType":"number"}
2026-01-28 15:43:08 [error]: [Pixels][POST] ❌ CRITICAL: hset verification failed {"reqId":"tiles-1769582587590-ptjrzv7zf","territoryId":"california","tileId":"california:2:0","tileRevKey":"territory_tile_rev:california","expectedRevision":"3","actualRevision":3,"verifyValueType":"number"}
2026-01-28 15:45:48 [error]: [Pixels][POST] ❌ CRITICAL: hset verification failed {"reqId":"tiles-1769582748245-wtnwlj14s","territoryId":"california","tileId":"california:0:0","tileRevKey":"territory_tile_rev:california","expectedRevision":"2","actualRevision":2,"verifyValueType":"number"}
2026-01-28 15:45:48 [error]: [Pixels][POST] ❌ CRITICAL: hset verification failed {"reqId":"tiles-1769582748245-wtnwlj14s","territoryId":"california","tileId":"california:1:0","tileRevKey":"territory_tile_rev:california","expectedRevision":"2","actualRevision":2,"verifyValueType":"number"}
2026-01-28 15:45:49 [error]: [Pixels][POST] ❌ CRITICAL: hset verification failed {"reqId":"tiles-1769582748245-wtnwlj14s","territoryId":"california","tileId":"california:0:1","tileRevKey":"territory_tile_rev:california","expectedRevision":"3","actualRevision":3,"verifyValueType":"number"}
2026-01-28 15:45:49 [error]: [Pixels][POST] ❌ CRITICAL: hset verification failed {"reqId":"tiles-1769582748245-wtnwlj14s","territoryId":"california","tileId":"california:1:1","tileRevKey":"territory_tile_rev:california","expectedRevision":"3","actualRevision":3,"verifyValueType":"number"}
2026-01-28 15:45:49 [error]: [Pixels][POST] ❌ CRITICAL: hset verification failed {"reqId":"tiles-1769582748245-wtnwlj14s","territoryId":"california","tileId":"california:0:2","tileRevKey":"territory_tile_rev:california","expectedRevision":"3","actualRevision":3,"verifyValueType":"number"}
