2025-12-11 18:21:42 [error]: uncaughtException: Cannot find module 'C:\Users\win\Downloads\Global-Advertising-Platform-d9586aca12844d7c7dbe1a70fb43f4a241df4343\backend\node_modules\@sentry\profiling-node\lib\sentry_cpu_profiler-win32-x64-127.node'
Require stack:
- C:\Users\win\Downloads\Global-Advertising-Platform-d9586aca12844d7c7dbe1a70fb43f4a241df4343\backend\node_modules\@sentry\profiling-node\lib\index.js
Error: Cannot find module 'C:\Users\win\Downloads\Global-Advertising-Platform-d9586aca12844d7c7dbe1a70fb43f4a241df4343\backend\node_modules\@sentry\profiling-node\lib\sentry_cpu_profiler-win32-x64-127.node'
Require stack:
- C:\Users\win\Downloads\Global-Advertising-Platform-d9586aca12844d7c7dbe1a70fb43f4a241df4343\backend\node_modules\@sentry\profiling-node\lib\index.js
    at Function._resolveFilename (node:internal/modules/cjs/loader:1244:15)
    at Function._load (node:internal/modules/cjs/loader:1070:27)
    at TracingChannel.traceSync (node:diagnostics_channel:322:14)
    at wrapModuleLoad (node:internal/modules/cjs/loader:217:24)
    at Module.require (node:internal/modules/cjs/loader:1335:12)
    at require (node:internal/modules/helpers:136:16)
    at importCppBindingsModule (C:\Users\win\Downloads\Global-Advertising-Platform-d9586aca12844d7c7dbe1a70fb43f4a241df4343\backend\node_modules\@sentry\profiling-node\lib\index.js:19266:10)
    at Object.<anonymous> (C:\Users\win\Downloads\Global-Advertising-Platform-d9586aca12844d7c7dbe1a70fb43f4a241df4343\backend\node_modules\@sentry\profiling-node\lib\index.js:19268:34)
    at Module._compile (node:internal/modules/cjs/loader:1562:14)
    at Object..js (node:internal/modules/cjs/loader:1699:10)
Error: Cannot find module 'C:\Users\win\Downloads\Global-Advertising-Platform-d9586aca12844d7c7dbe1a70fb43f4a241df4343\backend\node_modules\@sentry\profiling-node\lib\sentry_cpu_profiler-win32-x64-127.node'
Require stack:
- C:\Users\win\Downloads\Global-Advertising-Platform-d9586aca12844d7c7dbe1a70fb43f4a241df4343\backend\node_modules\@sentry\profiling-node\lib\index.js
    at Function._resolveFilename (node:internal/modules/cjs/loader:1244:15)
    at Function._load (node:internal/modules/cjs/loader:1070:27)
    at TracingChannel.traceSync (node:diagnostics_channel:322:14)
    at wrapModuleLoad (node:internal/modules/cjs/loader:217:24)
    at Module.require (node:internal/modules/cjs/loader:1335:12)
    at require (node:internal/modules/helpers:136:16)
    at importCppBindingsModule (C:\Users\win\Downloads\Global-Advertising-Platform-d9586aca12844d7c7dbe1a70fb43f4a241df4343\backend\node_modules\@sentry\profiling-node\lib\index.js:19266:10)
    at Object.<anonymous> (C:\Users\win\Downloads\Global-Advertising-Platform-d9586aca12844d7c7dbe1a70fb43f4a241df4343\backend\node_modules\@sentry\profiling-node\lib\index.js:19268:34)
    at Module._compile (node:internal/modules/cjs/loader:1562:14)
    at Object..js (node:internal/modules/cjs/loader:1699:10) {"error":{"code":"MODULE_NOT_FOUND","requireStack":["C:\\Users\\win\\Downloads\\Global-Advertising-Platform-d9586aca12844d7c7dbe1a70fb43f4a241df4343\\backend\\node_modules\\@sentry\\profiling-node\\lib\\index.js"]},"exception":true,"date":"Thu Dec 11 2025 18:21:42 GMT+0900 (대한민국 표준시)","process":{"pid":10348,"uid":null,"gid":null,"cwd":"C:\\Users\\win\\Downloads\\Global-Advertising-Platform-d9586aca12844d7c7dbe1a70fb43f4a241df4343\\backend","execPath":"C:\\Program Files\\nodejs\\node.exe","version":"v22.13.1","argv":["C:\\Program Files\\nodejs\\node.exe","C:\\Users\\win\\Downloads\\Global-Advertising-Platform-d9586aca12844d7c7dbe1a70fb43f4a241df4343\\backend\\server.js"],"memoryUsage":{"rss":114982912,"heapTotal":70217728,"heapUsed":48822024,"external":3738528,"arrayBuffers":416073}},"os":{"loadavg":[0,0,0],"uptime":447526.546},"trace":[{"column":15,"file":"node:internal/modules/cjs/loader","function":"Function._resolveFilename","line":1244,"method":"_resolveFilename","native":false},{"column":27,"file":"node:internal/modules/cjs/loader","function":"Function._load","line":1070,"method":"_load","native":false},{"column":14,"file":"node:diagnostics_channel","function":"TracingChannel.traceSync","line":322,"method":"traceSync","native":false},{"column":24,"file":"node:internal/modules/cjs/loader","function":"wrapModuleLoad","line":217,"method":null,"native":false},{"column":12,"file":"node:internal/modules/cjs/loader","function":"Module.require","line":1335,"method":"require","native":false},{"column":16,"file":"node:internal/modules/helpers","function":"require","line":136,"method":null,"native":false},{"column":10,"file":"C:\\Users\\win\\Downloads\\Global-Advertising-Platform-d9586aca12844d7c7dbe1a70fb43f4a241df4343\\backend\\node_modules\\@sentry\\profiling-node\\lib\\index.js","function":"importCppBindingsModule","line":19266,"method":null,"native":false},{"column":34,"file":"C:\\Users\\win\\Downloads\\Global-Advertising-Platform-d9586aca12844d7c7dbe1a70fb43f4a241df4343\\backend\\node_modules\\@sentry\\profiling-node\\lib\\index.js","function":null,"line":19268,"method":null,"native":false},{"column":14,"file":"node:internal/modules/cjs/loader","function":"Module._compile","line":1562,"method":"_compile","native":false},{"column":10,"file":"node:internal/modules/cjs/loader","function":"Object..js","line":1699,"method":".js","native":false}]}
2025-12-11 18:22:48 [error]: uncaughtException: Cannot find module 'C:\Users\win\Downloads\Global-Advertising-Platform-d9586aca12844d7c7dbe1a70fb43f4a241df4343\backend\node_modules\@sentry\profiling-node\lib\sentry_cpu_profiler-win32-x64-127.node'
Require stack:
- C:\Users\win\Downloads\Global-Advertising-Platform-d9586aca12844d7c7dbe1a70fb43f4a241df4343\backend\node_modules\@sentry\profiling-node\lib\index.js
Error: Cannot find module 'C:\Users\win\Downloads\Global-Advertising-Platform-d9586aca12844d7c7dbe1a70fb43f4a241df4343\backend\node_modules\@sentry\profiling-node\lib\sentry_cpu_profiler-win32-x64-127.node'
Require stack:
- C:\Users\win\Downloads\Global-Advertising-Platform-d9586aca12844d7c7dbe1a70fb43f4a241df4343\backend\node_modules\@sentry\profiling-node\lib\index.js
    at Function._resolveFilename (node:internal/modules/cjs/loader:1244:15)
    at Function._load (node:internal/modules/cjs/loader:1070:27)
    at TracingChannel.traceSync (node:diagnostics_channel:322:14)
    at wrapModuleLoad (node:internal/modules/cjs/loader:217:24)
    at Module.require (node:internal/modules/cjs/loader:1335:12)
    at require (node:internal/modules/helpers:136:16)
    at importCppBindingsModule (C:\Users\win\Downloads\Global-Advertising-Platform-d9586aca12844d7c7dbe1a70fb43f4a241df4343\backend\node_modules\@sentry\profiling-node\lib\index.js:19266:10)
    at Object.<anonymous> (C:\Users\win\Downloads\Global-Advertising-Platform-d9586aca12844d7c7dbe1a70fb43f4a241df4343\backend\node_modules\@sentry\profiling-node\lib\index.js:19268:34)
    at Module._compile (node:internal/modules/cjs/loader:1562:14)
    at Object..js (node:internal/modules/cjs/loader:1699:10)
Error: Cannot find module 'C:\Users\win\Downloads\Global-Advertising-Platform-d9586aca12844d7c7dbe1a70fb43f4a241df4343\backend\node_modules\@sentry\profiling-node\lib\sentry_cpu_profiler-win32-x64-127.node'
Require stack:
- C:\Users\win\Downloads\Global-Advertising-Platform-d9586aca12844d7c7dbe1a70fb43f4a241df4343\backend\node_modules\@sentry\profiling-node\lib\index.js
    at Function._resolveFilename (node:internal/modules/cjs/loader:1244:15)
    at Function._load (node:internal/modules/cjs/loader:1070:27)
    at TracingChannel.traceSync (node:diagnostics_channel:322:14)
    at wrapModuleLoad (node:internal/modules/cjs/loader:217:24)
    at Module.require (node:internal/modules/cjs/loader:1335:12)
    at require (node:internal/modules/helpers:136:16)
    at importCppBindingsModule (C:\Users\win\Downloads\Global-Advertising-Platform-d9586aca12844d7c7dbe1a70fb43f4a241df4343\backend\node_modules\@sentry\profiling-node\lib\index.js:19266:10)
    at Object.<anonymous> (C:\Users\win\Downloads\Global-Advertising-Platform-d9586aca12844d7c7dbe1a70fb43f4a241df4343\backend\node_modules\@sentry\profiling-node\lib\index.js:19268:34)
    at Module._compile (node:internal/modules/cjs/loader:1562:14)
    at Object..js (node:internal/modules/cjs/loader:1699:10) {"error":{"code":"MODULE_NOT_FOUND","requireStack":["C:\\Users\\win\\Downloads\\Global-Advertising-Platform-d9586aca12844d7c7dbe1a70fb43f4a241df4343\\backend\\node_modules\\@sentry\\profiling-node\\lib\\index.js"]},"exception":true,"date":"Thu Dec 11 2025 18:22:48 GMT+0900 (대한민국 표준시)","process":{"pid":20676,"uid":null,"gid":null,"cwd":"C:\\Users\\win\\Downloads\\Global-Advertising-Platform-d9586aca12844d7c7dbe1a70fb43f4a241df4343\\backend","execPath":"C:\\Program Files\\nodejs\\node.exe","version":"v22.13.1","argv":["C:\\Program Files\\nodejs\\node.exe","C:\\Users\\win\\Downloads\\Global-Advertising-Platform-d9586aca12844d7c7dbe1a70fb43f4a241df4343\\backend\\server.js"],"memoryUsage":{"rss":112775168,"heapTotal":69955584,"heapUsed":49431232,"external":3738528,"arrayBuffers":416073}},"os":{"loadavg":[0,0,0],"uptime":447593.031},"trace":[{"column":15,"file":"node:internal/modules/cjs/loader","function":"Function._resolveFilename","line":1244,"method":"_resolveFilename","native":false},{"column":27,"file":"node:internal/modules/cjs/loader","function":"Function._load","line":1070,"method":"_load","native":false},{"column":14,"file":"node:diagnostics_channel","function":"TracingChannel.traceSync","line":322,"method":"traceSync","native":false},{"column":24,"file":"node:internal/modules/cjs/loader","function":"wrapModuleLoad","line":217,"method":null,"native":false},{"column":12,"file":"node:internal/modules/cjs/loader","function":"Module.require","line":1335,"method":"require","native":false},{"column":16,"file":"node:internal/modules/helpers","function":"require","line":136,"method":null,"native":false},{"column":10,"file":"C:\\Users\\win\\Downloads\\Global-Advertising-Platform-d9586aca12844d7c7dbe1a70fb43f4a241df4343\\backend\\node_modules\\@sentry\\profiling-node\\lib\\index.js","function":"importCppBindingsModule","line":19266,"method":null,"native":false},{"column":34,"file":"C:\\Users\\win\\Downloads\\Global-Advertising-Platform-d9586aca12844d7c7dbe1a70fb43f4a241df4343\\backend\\node_modules\\@sentry\\profiling-node\\lib\\index.js","function":null,"line":19268,"method":null,"native":false},{"column":14,"file":"node:internal/modules/cjs/loader","function":"Module._compile","line":1562,"method":"_compile","native":false},{"column":10,"file":"node:internal/modules/cjs/loader","function":"Object..js","line":1699,"method":".js","native":false}]}
2025-12-11 18:23:32 [error]: uncaughtException: Cannot find module 'C:\Users\win\Downloads\Global-Advertising-Platform-d9586aca12844d7c7dbe1a70fb43f4a241df4343\backend\node_modules\@sentry\profiling-node\lib\sentry_cpu_profiler-win32-x64-127.node'
Require stack:
- C:\Users\win\Downloads\Global-Advertising-Platform-d9586aca12844d7c7dbe1a70fb43f4a241df4343\backend\node_modules\@sentry\profiling-node\lib\index.js
Error: Cannot find module 'C:\Users\win\Downloads\Global-Advertising-Platform-d9586aca12844d7c7dbe1a70fb43f4a241df4343\backend\node_modules\@sentry\profiling-node\lib\sentry_cpu_profiler-win32-x64-127.node'
Require stack:
- C:\Users\win\Downloads\Global-Advertising-Platform-d9586aca12844d7c7dbe1a70fb43f4a241df4343\backend\node_modules\@sentry\profiling-node\lib\index.js
    at Function._resolveFilename (node:internal/modules/cjs/loader:1244:15)
    at Function._load (node:internal/modules/cjs/loader:1070:27)
    at TracingChannel.traceSync (node:diagnostics_channel:322:14)
    at wrapModuleLoad (node:internal/modules/cjs/loader:217:24)
    at Module.require (node:internal/modules/cjs/loader:1335:12)
    at require (node:internal/modules/helpers:136:16)
    at importCppBindingsModule (C:\Users\win\Downloads\Global-Advertising-Platform-d9586aca12844d7c7dbe1a70fb43f4a241df4343\backend\node_modules\@sentry\profiling-node\lib\index.js:19266:10)
    at Object.<anonymous> (C:\Users\win\Downloads\Global-Advertising-Platform-d9586aca12844d7c7dbe1a70fb43f4a241df4343\backend\node_modules\@sentry\profiling-node\lib\index.js:19268:34)
    at Module._compile (node:internal/modules/cjs/loader:1562:14)
    at Object..js (node:internal/modules/cjs/loader:1699:10)
Error: Cannot find module 'C:\Users\win\Downloads\Global-Advertising-Platform-d9586aca12844d7c7dbe1a70fb43f4a241df4343\backend\node_modules\@sentry\profiling-node\lib\sentry_cpu_profiler-win32-x64-127.node'
Require stack:
- C:\Users\win\Downloads\Global-Advertising-Platform-d9586aca12844d7c7dbe1a70fb43f4a241df4343\backend\node_modules\@sentry\profiling-node\lib\index.js
    at Function._resolveFilename (node:internal/modules/cjs/loader:1244:15)
    at Function._load (node:internal/modules/cjs/loader:1070:27)
    at TracingChannel.traceSync (node:diagnostics_channel:322:14)
    at wrapModuleLoad (node:internal/modules/cjs/loader:217:24)
    at Module.require (node:internal/modules/cjs/loader:1335:12)
    at require (node:internal/modules/helpers:136:16)
    at importCppBindingsModule (C:\Users\win\Downloads\Global-Advertising-Platform-d9586aca12844d7c7dbe1a70fb43f4a241df4343\backend\node_modules\@sentry\profiling-node\lib\index.js:19266:10)
    at Object.<anonymous> (C:\Users\win\Downloads\Global-Advertising-Platform-d9586aca12844d7c7dbe1a70fb43f4a241df4343\backend\node_modules\@sentry\profiling-node\lib\index.js:19268:34)
    at Module._compile (node:internal/modules/cjs/loader:1562:14)
    at Object..js (node:internal/modules/cjs/loader:1699:10) {"error":{"code":"MODULE_NOT_FOUND","requireStack":["C:\\Users\\win\\Downloads\\Global-Advertising-Platform-d9586aca12844d7c7dbe1a70fb43f4a241df4343\\backend\\node_modules\\@sentry\\profiling-node\\lib\\index.js"]},"exception":true,"date":"Thu Dec 11 2025 18:23:32 GMT+0900 (대한민국 표준시)","process":{"pid":25636,"uid":null,"gid":null,"cwd":"C:\\Users\\win\\Downloads\\Global-Advertising-Platform-d9586aca12844d7c7dbe1a70fb43f4a241df4343\\backend","execPath":"C:\\Program Files\\nodejs\\node.exe","version":"v22.13.1","argv":["C:\\Program Files\\nodejs\\node.exe","C:\\Users\\win\\Downloads\\Global-Advertising-Platform-d9586aca12844d7c7dbe1a70fb43f4a241df4343\\backend\\server.js"],"memoryUsage":{"rss":108945408,"heapTotal":70479872,"heapUsed":38340000,"external":3713314,"arrayBuffers":65678}},"os":{"loadavg":[0,0,0],"uptime":447636.609},"trace":[{"column":15,"file":"node:internal/modules/cjs/loader","function":"Function._resolveFilename","line":1244,"method":"_resolveFilename","native":false},{"column":27,"file":"node:internal/modules/cjs/loader","function":"Function._load","line":1070,"method":"_load","native":false},{"column":14,"file":"node:diagnostics_channel","function":"TracingChannel.traceSync","line":322,"method":"traceSync","native":false},{"column":24,"file":"node:internal/modules/cjs/loader","function":"wrapModuleLoad","line":217,"method":null,"native":false},{"column":12,"file":"node:internal/modules/cjs/loader","function":"Module.require","line":1335,"method":"require","native":false},{"column":16,"file":"node:internal/modules/helpers","function":"require","line":136,"method":null,"native":false},{"column":10,"file":"C:\\Users\\win\\Downloads\\Global-Advertising-Platform-d9586aca12844d7c7dbe1a70fb43f4a241df4343\\backend\\node_modules\\@sentry\\profiling-node\\lib\\index.js","function":"importCppBindingsModule","line":19266,"method":null,"native":false},{"column":34,"file":"C:\\Users\\win\\Downloads\\Global-Advertising-Platform-d9586aca12844d7c7dbe1a70fb43f4a241df4343\\backend\\node_modules\\@sentry\\profiling-node\\lib\\index.js","function":null,"line":19268,"method":null,"native":false},{"column":14,"file":"node:internal/modules/cjs/loader","function":"Module._compile","line":1562,"method":"_compile","native":false},{"column":10,"file":"node:internal/modules/cjs/loader","function":"Object..js","line":1699,"method":".js","native":false}]}
2025-12-11 18:24:08 [error]: uncaughtException: Cannot find module 'C:\Users\win\Downloads\Global-Advertising-Platform-d9586aca12844d7c7dbe1a70fb43f4a241df4343\backend\node_modules\@sentry\profiling-node\lib\sentry_cpu_profiler-win32-x64-127.node'
Require stack:
- C:\Users\win\Downloads\Global-Advertising-Platform-d9586aca12844d7c7dbe1a70fb43f4a241df4343\backend\node_modules\@sentry\profiling-node\lib\index.js
Error: Cannot find module 'C:\Users\win\Downloads\Global-Advertising-Platform-d9586aca12844d7c7dbe1a70fb43f4a241df4343\backend\node_modules\@sentry\profiling-node\lib\sentry_cpu_profiler-win32-x64-127.node'
Require stack:
- C:\Users\win\Downloads\Global-Advertising-Platform-d9586aca12844d7c7dbe1a70fb43f4a241df4343\backend\node_modules\@sentry\profiling-node\lib\index.js
    at Function._resolveFilename (node:internal/modules/cjs/loader:1244:15)
    at Function._load (node:internal/modules/cjs/loader:1070:27)
    at TracingChannel.traceSync (node:diagnostics_channel:322:14)
    at wrapModuleLoad (node:internal/modules/cjs/loader:217:24)
    at Module.require (node:internal/modules/cjs/loader:1335:12)
    at require (node:internal/modules/helpers:136:16)
    at importCppBindingsModule (C:\Users\win\Downloads\Global-Advertising-Platform-d9586aca12844d7c7dbe1a70fb43f4a241df4343\backend\node_modules\@sentry\profiling-node\lib\index.js:19266:10)
    at Object.<anonymous> (C:\Users\win\Downloads\Global-Advertising-Platform-d9586aca12844d7c7dbe1a70fb43f4a241df4343\backend\node_modules\@sentry\profiling-node\lib\index.js:19268:34)
    at Module._compile (node:internal/modules/cjs/loader:1562:14)
    at Object..js (node:internal/modules/cjs/loader:1699:10)
Error: Cannot find module 'C:\Users\win\Downloads\Global-Advertising-Platform-d9586aca12844d7c7dbe1a70fb43f4a241df4343\backend\node_modules\@sentry\profiling-node\lib\sentry_cpu_profiler-win32-x64-127.node'
Require stack:
- C:\Users\win\Downloads\Global-Advertising-Platform-d9586aca12844d7c7dbe1a70fb43f4a241df4343\backend\node_modules\@sentry\profiling-node\lib\index.js
    at Function._resolveFilename (node:internal/modules/cjs/loader:1244:15)
    at Function._load (node:internal/modules/cjs/loader:1070:27)
    at TracingChannel.traceSync (node:diagnostics_channel:322:14)
    at wrapModuleLoad (node:internal/modules/cjs/loader:217:24)
    at Module.require (node:internal/modules/cjs/loader:1335:12)
    at require (node:internal/modules/helpers:136:16)
    at importCppBindingsModule (C:\Users\win\Downloads\Global-Advertising-Platform-d9586aca12844d7c7dbe1a70fb43f4a241df4343\backend\node_modules\@sentry\profiling-node\lib\index.js:19266:10)
    at Object.<anonymous> (C:\Users\win\Downloads\Global-Advertising-Platform-d9586aca12844d7c7dbe1a70fb43f4a241df4343\backend\node_modules\@sentry\profiling-node\lib\index.js:19268:34)
    at Module._compile (node:internal/modules/cjs/loader:1562:14)
    at Object..js (node:internal/modules/cjs/loader:1699:10) {"error":{"code":"MODULE_NOT_FOUND","requireStack":["C:\\Users\\win\\Downloads\\Global-Advertising-Platform-d9586aca12844d7c7dbe1a70fb43f4a241df4343\\backend\\node_modules\\@sentry\\profiling-node\\lib\\index.js"]},"exception":true,"date":"Thu Dec 11 2025 18:24:08 GMT+0900 (대한민국 표준시)","process":{"pid":15020,"uid":null,"gid":null,"cwd":"C:\\Users\\win\\Downloads\\Global-Advertising-Platform-d9586aca12844d7c7dbe1a70fb43f4a241df4343\\backend","execPath":"C:\\Program Files\\nodejs\\node.exe","version":"v22.13.1","argv":["C:\\Program Files\\nodejs\\node.exe","C:\\Users\\win\\Downloads\\Global-Advertising-Platform-d9586aca12844d7c7dbe1a70fb43f4a241df4343\\backend\\server.js"],"memoryUsage":{"rss":112099328,"heapTotal":69693440,"heapUsed":49599168,"external":3738528,"arrayBuffers":416073}},"os":{"loadavg":[0,0,0],"uptime":447672.375},"trace":[{"column":15,"file":"node:internal/modules/cjs/loader","function":"Function._resolveFilename","line":1244,"method":"_resolveFilename","native":false},{"column":27,"file":"node:internal/modules/cjs/loader","function":"Function._load","line":1070,"method":"_load","native":false},{"column":14,"file":"node:diagnostics_channel","function":"TracingChannel.traceSync","line":322,"method":"traceSync","native":false},{"column":24,"file":"node:internal/modules/cjs/loader","function":"wrapModuleLoad","line":217,"method":null,"native":false},{"column":12,"file":"node:internal/modules/cjs/loader","function":"Module.require","line":1335,"method":"require","native":false},{"column":16,"file":"node:internal/modules/helpers","function":"require","line":136,"method":null,"native":false},{"column":10,"file":"C:\\Users\\win\\Downloads\\Global-Advertising-Platform-d9586aca12844d7c7dbe1a70fb43f4a241df4343\\backend\\node_modules\\@sentry\\profiling-node\\lib\\index.js","function":"importCppBindingsModule","line":19266,"method":null,"native":false},{"column":34,"file":"C:\\Users\\win\\Downloads\\Global-Advertising-Platform-d9586aca12844d7c7dbe1a70fb43f4a241df4343\\backend\\node_modules\\@sentry\\profiling-node\\lib\\index.js","function":null,"line":19268,"method":null,"native":false},{"column":14,"file":"node:internal/modules/cjs/loader","function":"Module._compile","line":1562,"method":"_compile","native":false},{"column":10,"file":"node:internal/modules/cjs/loader","function":"Object..js","line":1699,"method":".js","native":false}]}
2025-12-11 18:24:20 [error]: uncaughtException: Cannot find module 'C:\Users\win\Downloads\Global-Advertising-Platform-d9586aca12844d7c7dbe1a70fb43f4a241df4343\backend\node_modules\@sentry\profiling-node\lib\sentry_cpu_profiler-win32-x64-127.node'
Require stack:
- C:\Users\win\Downloads\Global-Advertising-Platform-d9586aca12844d7c7dbe1a70fb43f4a241df4343\backend\node_modules\@sentry\profiling-node\lib\index.js
Error: Cannot find module 'C:\Users\win\Downloads\Global-Advertising-Platform-d9586aca12844d7c7dbe1a70fb43f4a241df4343\backend\node_modules\@sentry\profiling-node\lib\sentry_cpu_profiler-win32-x64-127.node'
Require stack:
- C:\Users\win\Downloads\Global-Advertising-Platform-d9586aca12844d7c7dbe1a70fb43f4a241df4343\backend\node_modules\@sentry\profiling-node\lib\index.js
    at Function._resolveFilename (node:internal/modules/cjs/loader:1244:15)
    at Function._load (node:internal/modules/cjs/loader:1070:27)
    at TracingChannel.traceSync (node:diagnostics_channel:322:14)
    at wrapModuleLoad (node:internal/modules/cjs/loader:217:24)
    at Module.require (node:internal/modules/cjs/loader:1335:12)
    at require (node:internal/modules/helpers:136:16)
    at importCppBindingsModule (C:\Users\win\Downloads\Global-Advertising-Platform-d9586aca12844d7c7dbe1a70fb43f4a241df4343\backend\node_modules\@sentry\profiling-node\lib\index.js:19266:10)
    at Object.<anonymous> (C:\Users\win\Downloads\Global-Advertising-Platform-d9586aca12844d7c7dbe1a70fb43f4a241df4343\backend\node_modules\@sentry\profiling-node\lib\index.js:19268:34)
    at Module._compile (node:internal/modules/cjs/loader:1562:14)
    at Object..js (node:internal/modules/cjs/loader:1699:10)
Error: Cannot find module 'C:\Users\win\Downloads\Global-Advertising-Platform-d9586aca12844d7c7dbe1a70fb43f4a241df4343\backend\node_modules\@sentry\profiling-node\lib\sentry_cpu_profiler-win32-x64-127.node'
Require stack:
- C:\Users\win\Downloads\Global-Advertising-Platform-d9586aca12844d7c7dbe1a70fb43f4a241df4343\backend\node_modules\@sentry\profiling-node\lib\index.js
    at Function._resolveFilename (node:internal/modules/cjs/loader:1244:15)
    at Function._load (node:internal/modules/cjs/loader:1070:27)
    at TracingChannel.traceSync (node:diagnostics_channel:322:14)
    at wrapModuleLoad (node:internal/modules/cjs/loader:217:24)
    at Module.require (node:internal/modules/cjs/loader:1335:12)
    at require (node:internal/modules/helpers:136:16)
    at importCppBindingsModule (C:\Users\win\Downloads\Global-Advertising-Platform-d9586aca12844d7c7dbe1a70fb43f4a241df4343\backend\node_modules\@sentry\profiling-node\lib\index.js:19266:10)
    at Object.<anonymous> (C:\Users\win\Downloads\Global-Advertising-Platform-d9586aca12844d7c7dbe1a70fb43f4a241df4343\backend\node_modules\@sentry\profiling-node\lib\index.js:19268:34)
    at Module._compile (node:internal/modules/cjs/loader:1562:14)
    at Object..js (node:internal/modules/cjs/loader:1699:10) {"error":{"code":"MODULE_NOT_FOUND","requireStack":["C:\\Users\\win\\Downloads\\Global-Advertising-Platform-d9586aca12844d7c7dbe1a70fb43f4a241df4343\\backend\\node_modules\\@sentry\\profiling-node\\lib\\index.js"]},"exception":true,"date":"Thu Dec 11 2025 18:24:20 GMT+0900 (대한민국 표준시)","process":{"pid":1280,"uid":null,"gid":null,"cwd":"C:\\Users\\win\\Downloads\\Global-Advertising-Platform-d9586aca12844d7c7dbe1a70fb43f4a241df4343\\backend","execPath":"C:\\Program Files\\nodejs\\node.exe","version":"v22.13.1","argv":["C:\\Program Files\\nodejs\\node.exe","C:\\Users\\win\\Downloads\\Global-Advertising-Platform-d9586aca12844d7c7dbe1a70fb43f4a241df4343\\backend\\server.js"],"memoryUsage":{"rss":111509504,"heapTotal":69431296,"heapUsed":49540040,"external":3741023,"arrayBuffers":416073}},"os":{"loadavg":[0,0,0],"uptime":447684.671},"trace":[{"column":15,"file":"node:internal/modules/cjs/loader","function":"Function._resolveFilename","line":1244,"method":"_resolveFilename","native":false},{"column":27,"file":"node:internal/modules/cjs/loader","function":"Function._load","line":1070,"method":"_load","native":false},{"column":14,"file":"node:diagnostics_channel","function":"TracingChannel.traceSync","line":322,"method":"traceSync","native":false},{"column":24,"file":"node:internal/modules/cjs/loader","function":"wrapModuleLoad","line":217,"method":null,"native":false},{"column":12,"file":"node:internal/modules/cjs/loader","function":"Module.require","line":1335,"method":"require","native":false},{"column":16,"file":"node:internal/modules/helpers","function":"require","line":136,"method":null,"native":false},{"column":10,"file":"C:\\Users\\win\\Downloads\\Global-Advertising-Platform-d9586aca12844d7c7dbe1a70fb43f4a241df4343\\backend\\node_modules\\@sentry\\profiling-node\\lib\\index.js","function":"importCppBindingsModule","line":19266,"method":null,"native":false},{"column":34,"file":"C:\\Users\\win\\Downloads\\Global-Advertising-Platform-d9586aca12844d7c7dbe1a70fb43f4a241df4343\\backend\\node_modules\\@sentry\\profiling-node\\lib\\index.js","function":null,"line":19268,"method":null,"native":false},{"column":14,"file":"node:internal/modules/cjs/loader","function":"Module._compile","line":1562,"method":"_compile","native":false},{"column":10,"file":"node:internal/modules/cjs/loader","function":"Object..js","line":1699,"method":".js","native":false}]}
2025-12-11 18:24:24 [error]: uncaughtException: Cannot find module 'C:\Users\win\Downloads\Global-Advertising-Platform-d9586aca12844d7c7dbe1a70fb43f4a241df4343\backend\node_modules\@sentry\profiling-node\lib\sentry_cpu_profiler-win32-x64-127.node'
Require stack:
- C:\Users\win\Downloads\Global-Advertising-Platform-d9586aca12844d7c7dbe1a70fb43f4a241df4343\backend\node_modules\@sentry\profiling-node\lib\index.js
Error: Cannot find module 'C:\Users\win\Downloads\Global-Advertising-Platform-d9586aca12844d7c7dbe1a70fb43f4a241df4343\backend\node_modules\@sentry\profiling-node\lib\sentry_cpu_profiler-win32-x64-127.node'
Require stack:
- C:\Users\win\Downloads\Global-Advertising-Platform-d9586aca12844d7c7dbe1a70fb43f4a241df4343\backend\node_modules\@sentry\profiling-node\lib\index.js
    at Function._resolveFilename (node:internal/modules/cjs/loader:1244:15)
    at Function._load (node:internal/modules/cjs/loader:1070:27)
    at TracingChannel.traceSync (node:diagnostics_channel:322:14)
    at wrapModuleLoad (node:internal/modules/cjs/loader:217:24)
    at Module.require (node:internal/modules/cjs/loader:1335:12)
    at require (node:internal/modules/helpers:136:16)
    at importCppBindingsModule (C:\Users\win\Downloads\Global-Advertising-Platform-d9586aca12844d7c7dbe1a70fb43f4a241df4343\backend\node_modules\@sentry\profiling-node\lib\index.js:19266:10)
    at Object.<anonymous> (C:\Users\win\Downloads\Global-Advertising-Platform-d9586aca12844d7c7dbe1a70fb43f4a241df4343\backend\node_modules\@sentry\profiling-node\lib\index.js:19268:34)
    at Module._compile (node:internal/modules/cjs/loader:1562:14)
    at Object..js (node:internal/modules/cjs/loader:1699:10)
Error: Cannot find module 'C:\Users\win\Downloads\Global-Advertising-Platform-d9586aca12844d7c7dbe1a70fb43f4a241df4343\backend\node_modules\@sentry\profiling-node\lib\sentry_cpu_profiler-win32-x64-127.node'
Require stack:
- C:\Users\win\Downloads\Global-Advertising-Platform-d9586aca12844d7c7dbe1a70fb43f4a241df4343\backend\node_modules\@sentry\profiling-node\lib\index.js
    at Function._resolveFilename (node:internal/modules/cjs/loader:1244:15)
    at Function._load (node:internal/modules/cjs/loader:1070:27)
    at TracingChannel.traceSync (node:diagnostics_channel:322:14)
    at wrapModuleLoad (node:internal/modules/cjs/loader:217:24)
    at Module.require (node:internal/modules/cjs/loader:1335:12)
    at require (node:internal/modules/helpers:136:16)
    at importCppBindingsModule (C:\Users\win\Downloads\Global-Advertising-Platform-d9586aca12844d7c7dbe1a70fb43f4a241df4343\backend\node_modules\@sentry\profiling-node\lib\index.js:19266:10)
    at Object.<anonymous> (C:\Users\win\Downloads\Global-Advertising-Platform-d9586aca12844d7c7dbe1a70fb43f4a241df4343\backend\node_modules\@sentry\profiling-node\lib\index.js:19268:34)
    at Module._compile (node:internal/modules/cjs/loader:1562:14)
    at Object..js (node:internal/modules/cjs/loader:1699:10) {"error":{"code":"MODULE_NOT_FOUND","requireStack":["C:\\Users\\win\\Downloads\\Global-Advertising-Platform-d9586aca12844d7c7dbe1a70fb43f4a241df4343\\backend\\node_modules\\@sentry\\profiling-node\\lib\\index.js"]},"exception":true,"date":"Thu Dec 11 2025 18:24:24 GMT+0900 (대한민국 표준시)","process":{"pid":25380,"uid":null,"gid":null,"cwd":"C:\\Users\\win\\Downloads\\Global-Advertising-Platform-d9586aca12844d7c7dbe1a70fb43f4a241df4343\\backend","execPath":"C:\\Program Files\\nodejs\\node.exe","version":"v22.13.1","argv":["C:\\Program Files\\nodejs\\node.exe","C:\\Users\\win\\Downloads\\Global-Advertising-Platform-d9586aca12844d7c7dbe1a70fb43f4a241df4343\\backend\\server.js"],"memoryUsage":{"rss":107773952,"heapTotal":69169152,"heapUsed":48651472,"external":3715809,"arrayBuffers":65678}},"os":{"loadavg":[0,0,0],"uptime":447688.14},"trace":[{"column":15,"file":"node:internal/modules/cjs/loader","function":"Function._resolveFilename","line":1244,"method":"_resolveFilename","native":false},{"column":27,"file":"node:internal/modules/cjs/loader","function":"Function._load","line":1070,"method":"_load","native":false},{"column":14,"file":"node:diagnostics_channel","function":"TracingChannel.traceSync","line":322,"method":"traceSync","native":false},{"column":24,"file":"node:internal/modules/cjs/loader","function":"wrapModuleLoad","line":217,"method":null,"native":false},{"column":12,"file":"node:internal/modules/cjs/loader","function":"Module.require","line":1335,"method":"require","native":false},{"column":16,"file":"node:internal/modules/helpers","function":"require","line":136,"method":null,"native":false},{"column":10,"file":"C:\\Users\\win\\Downloads\\Global-Advertising-Platform-d9586aca12844d7c7dbe1a70fb43f4a241df4343\\backend\\node_modules\\@sentry\\profiling-node\\lib\\index.js","function":"importCppBindingsModule","line":19266,"method":null,"native":false},{"column":34,"file":"C:\\Users\\win\\Downloads\\Global-Advertising-Platform-d9586aca12844d7c7dbe1a70fb43f4a241df4343\\backend\\node_modules\\@sentry\\profiling-node\\lib\\index.js","function":null,"line":19268,"method":null,"native":false},{"column":14,"file":"node:internal/modules/cjs/loader","function":"Module._compile","line":1562,"method":"_compile","native":false},{"column":10,"file":"node:internal/modules/cjs/loader","function":"Object..js","line":1699,"method":".js","native":false}]}
2025-12-11 18:24:46 [error]: uncaughtException: Cannot find module 'C:\Users\win\Downloads\Global-Advertising-Platform-d9586aca12844d7c7dbe1a70fb43f4a241df4343\backend\node_modules\@sentry\profiling-node\lib\sentry_cpu_profiler-win32-x64-127.node'
Require stack:
- C:\Users\win\Downloads\Global-Advertising-Platform-d9586aca12844d7c7dbe1a70fb43f4a241df4343\backend\node_modules\@sentry\profiling-node\lib\index.js
Error: Cannot find module 'C:\Users\win\Downloads\Global-Advertising-Platform-d9586aca12844d7c7dbe1a70fb43f4a241df4343\backend\node_modules\@sentry\profiling-node\lib\sentry_cpu_profiler-win32-x64-127.node'
Require stack:
- C:\Users\win\Downloads\Global-Advertising-Platform-d9586aca12844d7c7dbe1a70fb43f4a241df4343\backend\node_modules\@sentry\profiling-node\lib\index.js
    at Function._resolveFilename (node:internal/modules/cjs/loader:1244:15)
    at Function._load (node:internal/modules/cjs/loader:1070:27)
    at TracingChannel.traceSync (node:diagnostics_channel:322:14)
    at wrapModuleLoad (node:internal/modules/cjs/loader:217:24)
    at Module.require (node:internal/modules/cjs/loader:1335:12)
    at require (node:internal/modules/helpers:136:16)
    at importCppBindingsModule (C:\Users\win\Downloads\Global-Advertising-Platform-d9586aca12844d7c7dbe1a70fb43f4a241df4343\backend\node_modules\@sentry\profiling-node\lib\index.js:19266:10)
    at Object.<anonymous> (C:\Users\win\Downloads\Global-Advertising-Platform-d9586aca12844d7c7dbe1a70fb43f4a241df4343\backend\node_modules\@sentry\profiling-node\lib\index.js:19268:34)
    at Module._compile (node:internal/modules/cjs/loader:1562:14)
    at Object..js (node:internal/modules/cjs/loader:1699:10)
Error: Cannot find module 'C:\Users\win\Downloads\Global-Advertising-Platform-d9586aca12844d7c7dbe1a70fb43f4a241df4343\backend\node_modules\@sentry\profiling-node\lib\sentry_cpu_profiler-win32-x64-127.node'
Require stack:
- C:\Users\win\Downloads\Global-Advertising-Platform-d9586aca12844d7c7dbe1a70fb43f4a241df4343\backend\node_modules\@sentry\profiling-node\lib\index.js
    at Function._resolveFilename (node:internal/modules/cjs/loader:1244:15)
    at Function._load (node:internal/modules/cjs/loader:1070:27)
    at TracingChannel.traceSync (node:diagnostics_channel:322:14)
    at wrapModuleLoad (node:internal/modules/cjs/loader:217:24)
    at Module.require (node:internal/modules/cjs/loader:1335:12)
    at require (node:internal/modules/helpers:136:16)
    at importCppBindingsModule (C:\Users\win\Downloads\Global-Advertising-Platform-d9586aca12844d7c7dbe1a70fb43f4a241df4343\backend\node_modules\@sentry\profiling-node\lib\index.js:19266:10)
    at Object.<anonymous> (C:\Users\win\Downloads\Global-Advertising-Platform-d9586aca12844d7c7dbe1a70fb43f4a241df4343\backend\node_modules\@sentry\profiling-node\lib\index.js:19268:34)
    at Module._compile (node:internal/modules/cjs/loader:1562:14)
    at Object..js (node:internal/modules/cjs/loader:1699:10) {"error":{"code":"MODULE_NOT_FOUND","requireStack":["C:\\Users\\win\\Downloads\\Global-Advertising-Platform-d9586aca12844d7c7dbe1a70fb43f4a241df4343\\backend\\node_modules\\@sentry\\profiling-node\\lib\\index.js"]},"exception":true,"date":"Thu Dec 11 2025 18:24:46 GMT+0900 (대한민국 표준시)","process":{"pid":22980,"uid":null,"gid":null,"cwd":"C:\\Users\\win\\Downloads\\Global-Advertising-Platform-d9586aca12844d7c7dbe1a70fb43f4a241df4343\\backend","execPath":"C:\\Program Files\\nodejs\\node.exe","version":"v22.13.1","argv":["C:\\Program Files\\nodejs\\node.exe","C:\\Users\\win\\Downloads\\Global-Advertising-Platform-d9586aca12844d7c7dbe1a70fb43f4a241df4343\\backend\\server.js"],"memoryUsage":{"rss":108060672,"heapTotal":70217728,"heapUsed":46732720,"external":3715809,"arrayBuffers":65678}},"os":{"loadavg":[0,0,0],"uptime":447710.734},"trace":[{"column":15,"file":"node:internal/modules/cjs/loader","function":"Function._resolveFilename","line":1244,"method":"_resolveFilename","native":false},{"column":27,"file":"node:internal/modules/cjs/loader","function":"Function._load","line":1070,"method":"_load","native":false},{"column":14,"file":"node:diagnostics_channel","function":"TracingChannel.traceSync","line":322,"method":"traceSync","native":false},{"column":24,"file":"node:internal/modules/cjs/loader","function":"wrapModuleLoad","line":217,"method":null,"native":false},{"column":12,"file":"node:internal/modules/cjs/loader","function":"Module.require","line":1335,"method":"require","native":false},{"column":16,"file":"node:internal/modules/helpers","function":"require","line":136,"method":null,"native":false},{"column":10,"file":"C:\\Users\\win\\Downloads\\Global-Advertising-Platform-d9586aca12844d7c7dbe1a70fb43f4a241df4343\\backend\\node_modules\\@sentry\\profiling-node\\lib\\index.js","function":"importCppBindingsModule","line":19266,"method":null,"native":false},{"column":34,"file":"C:\\Users\\win\\Downloads\\Global-Advertising-Platform-d9586aca12844d7c7dbe1a70fb43f4a241df4343\\backend\\node_modules\\@sentry\\profiling-node\\lib\\index.js","function":null,"line":19268,"method":null,"native":false},{"column":14,"file":"node:internal/modules/cjs/loader","function":"Module._compile","line":1562,"method":"_compile","native":false},{"column":10,"file":"node:internal/modules/cjs/loader","function":"Object..js","line":1699,"method":".js","native":false}]}
2025-12-11 18:32:38 [error]: uncaughtException: Cannot find module 'C:\Users\win\Downloads\Global-Advertising-Platform-d9586aca12844d7c7dbe1a70fb43f4a241df4343\backend\node_modules\@sentry\profiling-node\lib\sentry_cpu_profiler-win32-x64-127.node'
Require stack:
- C:\Users\win\Downloads\Global-Advertising-Platform-d9586aca12844d7c7dbe1a70fb43f4a241df4343\backend\node_modules\@sentry\profiling-node\lib\index.js
Error: Cannot find module 'C:\Users\win\Downloads\Global-Advertising-Platform-d9586aca12844d7c7dbe1a70fb43f4a241df4343\backend\node_modules\@sentry\profiling-node\lib\sentry_cpu_profiler-win32-x64-127.node'
Require stack:
- C:\Users\win\Downloads\Global-Advertising-Platform-d9586aca12844d7c7dbe1a70fb43f4a241df4343\backend\node_modules\@sentry\profiling-node\lib\index.js
    at Function._resolveFilename (node:internal/modules/cjs/loader:1244:15)
    at Function._load (node:internal/modules/cjs/loader:1070:27)
    at TracingChannel.traceSync (node:diagnostics_channel:322:14)
    at wrapModuleLoad (node:internal/modules/cjs/loader:217:24)
    at Module.require (node:internal/modules/cjs/loader:1335:12)
    at require (node:internal/modules/helpers:136:16)
    at importCppBindingsModule (C:\Users\win\Downloads\Global-Advertising-Platform-d9586aca12844d7c7dbe1a70fb43f4a241df4343\backend\node_modules\@sentry\profiling-node\lib\index.js:19266:10)
    at Object.<anonymous> (C:\Users\win\Downloads\Global-Advertising-Platform-d9586aca12844d7c7dbe1a70fb43f4a241df4343\backend\node_modules\@sentry\profiling-node\lib\index.js:19268:34)
    at Module._compile (node:internal/modules/cjs/loader:1562:14)
    at Object..js (node:internal/modules/cjs/loader:1699:10)
Error: Cannot find module 'C:\Users\win\Downloads\Global-Advertising-Platform-d9586aca12844d7c7dbe1a70fb43f4a241df4343\backend\node_modules\@sentry\profiling-node\lib\sentry_cpu_profiler-win32-x64-127.node'
Require stack:
- C:\Users\win\Downloads\Global-Advertising-Platform-d9586aca12844d7c7dbe1a70fb43f4a241df4343\backend\node_modules\@sentry\profiling-node\lib\index.js
    at Function._resolveFilename (node:internal/modules/cjs/loader:1244:15)
    at Function._load (node:internal/modules/cjs/loader:1070:27)
    at TracingChannel.traceSync (node:diagnostics_channel:322:14)
    at wrapModuleLoad (node:internal/modules/cjs/loader:217:24)
    at Module.require (node:internal/modules/cjs/loader:1335:12)
    at require (node:internal/modules/helpers:136:16)
    at importCppBindingsModule (C:\Users\win\Downloads\Global-Advertising-Platform-d9586aca12844d7c7dbe1a70fb43f4a241df4343\backend\node_modules\@sentry\profiling-node\lib\index.js:19266:10)
    at Object.<anonymous> (C:\Users\win\Downloads\Global-Advertising-Platform-d9586aca12844d7c7dbe1a70fb43f4a241df4343\backend\node_modules\@sentry\profiling-node\lib\index.js:19268:34)
    at Module._compile (node:internal/modules/cjs/loader:1562:14)
    at Object..js (node:internal/modules/cjs/loader:1699:10) {"error":{"code":"MODULE_NOT_FOUND","requireStack":["C:\\Users\\win\\Downloads\\Global-Advertising-Platform-d9586aca12844d7c7dbe1a70fb43f4a241df4343\\backend\\node_modules\\@sentry\\profiling-node\\lib\\index.js"]},"exception":true,"date":"Thu Dec 11 2025 18:32:38 GMT+0900 (대한민국 표준시)","process":{"pid":2888,"uid":null,"gid":null,"cwd":"C:\\Users\\win\\Downloads\\Global-Advertising-Platform-d9586aca12844d7c7dbe1a70fb43f4a241df4343\\backend","execPath":"C:\\Program Files\\nodejs\\node.exe","version":"v22.13.1","argv":["C:\\Program Files\\nodejs\\node.exe","C:\\Users\\win\\Downloads\\Global-Advertising-Platform-d9586aca12844d7c7dbe1a70fb43f4a241df4343\\backend\\server.js"],"memoryUsage":{"rss":110682112,"heapTotal":70479872,"heapUsed":49248272,"external":3741023,"arrayBuffers":416073}},"os":{"loadavg":[0,0,0],"uptime":448182.468},"trace":[{"column":15,"file":"node:internal/modules/cjs/loader","function":"Function._resolveFilename","line":1244,"method":"_resolveFilename","native":false},{"column":27,"file":"node:internal/modules/cjs/loader","function":"Function._load","line":1070,"method":"_load","native":false},{"column":14,"file":"node:diagnostics_channel","function":"TracingChannel.traceSync","line":322,"method":"traceSync","native":false},{"column":24,"file":"node:internal/modules/cjs/loader","function":"wrapModuleLoad","line":217,"method":null,"native":false},{"column":12,"file":"node:internal/modules/cjs/loader","function":"Module.require","line":1335,"method":"require","native":false},{"column":16,"file":"node:internal/modules/helpers","function":"require","line":136,"method":null,"native":false},{"column":10,"file":"C:\\Users\\win\\Downloads\\Global-Advertising-Platform-d9586aca12844d7c7dbe1a70fb43f4a241df4343\\backend\\node_modules\\@sentry\\profiling-node\\lib\\index.js","function":"importCppBindingsModule","line":19266,"method":null,"native":false},{"column":34,"file":"C:\\Users\\win\\Downloads\\Global-Advertising-Platform-d9586aca12844d7c7dbe1a70fb43f4a241df4343\\backend\\node_modules\\@sentry\\profiling-node\\lib\\index.js","function":null,"line":19268,"method":null,"native":false},{"column":14,"file":"node:internal/modules/cjs/loader","function":"Module._compile","line":1562,"method":"_compile","native":false},{"column":10,"file":"node:internal/modules/cjs/loader","function":"Object..js","line":1699,"method":".js","native":false}]}
2025-12-11 18:33:23 [error]: uncaughtException: Cannot find module 'C:\Users\win\Downloads\Global-Advertising-Platform-d9586aca12844d7c7dbe1a70fb43f4a241df4343\backend\node_modules\@sentry\profiling-node\lib\sentry_cpu_profiler-win32-x64-127.node'
Require stack:
- C:\Users\win\Downloads\Global-Advertising-Platform-d9586aca12844d7c7dbe1a70fb43f4a241df4343\backend\node_modules\@sentry\profiling-node\lib\index.js
Error: Cannot find module 'C:\Users\win\Downloads\Global-Advertising-Platform-d9586aca12844d7c7dbe1a70fb43f4a241df4343\backend\node_modules\@sentry\profiling-node\lib\sentry_cpu_profiler-win32-x64-127.node'
Require stack:
- C:\Users\win\Downloads\Global-Advertising-Platform-d9586aca12844d7c7dbe1a70fb43f4a241df4343\backend\node_modules\@sentry\profiling-node\lib\index.js
    at Function._resolveFilename (node:internal/modules/cjs/loader:1244:15)
    at Function._load (node:internal/modules/cjs/loader:1070:27)
    at TracingChannel.traceSync (node:diagnostics_channel:322:14)
    at wrapModuleLoad (node:internal/modules/cjs/loader:217:24)
    at Module.require (node:internal/modules/cjs/loader:1335:12)
    at require (node:internal/modules/helpers:136:16)
    at importCppBindingsModule (C:\Users\win\Downloads\Global-Advertising-Platform-d9586aca12844d7c7dbe1a70fb43f4a241df4343\backend\node_modules\@sentry\profiling-node\lib\index.js:19266:10)
    at Object.<anonymous> (C:\Users\win\Downloads\Global-Advertising-Platform-d9586aca12844d7c7dbe1a70fb43f4a241df4343\backend\node_modules\@sentry\profiling-node\lib\index.js:19268:34)
    at Module._compile (node:internal/modules/cjs/loader:1562:14)
    at Object..js (node:internal/modules/cjs/loader:1699:10)
Error: Cannot find module 'C:\Users\win\Downloads\Global-Advertising-Platform-d9586aca12844d7c7dbe1a70fb43f4a241df4343\backend\node_modules\@sentry\profiling-node\lib\sentry_cpu_profiler-win32-x64-127.node'
Require stack:
- C:\Users\win\Downloads\Global-Advertising-Platform-d9586aca12844d7c7dbe1a70fb43f4a241df4343\backend\node_modules\@sentry\profiling-node\lib\index.js
    at Function._resolveFilename (node:internal/modules/cjs/loader:1244:15)
    at Function._load (node:internal/modules/cjs/loader:1070:27)
    at TracingChannel.traceSync (node:diagnostics_channel:322:14)
    at wrapModuleLoad (node:internal/modules/cjs/loader:217:24)
    at Module.require (node:internal/modules/cjs/loader:1335:12)
    at require (node:internal/modules/helpers:136:16)
    at importCppBindingsModule (C:\Users\win\Downloads\Global-Advertising-Platform-d9586aca12844d7c7dbe1a70fb43f4a241df4343\backend\node_modules\@sentry\profiling-node\lib\index.js:19266:10)
    at Object.<anonymous> (C:\Users\win\Downloads\Global-Advertising-Platform-d9586aca12844d7c7dbe1a70fb43f4a241df4343\backend\node_modules\@sentry\profiling-node\lib\index.js:19268:34)
    at Module._compile (node:internal/modules/cjs/loader:1562:14)
    at Object..js (node:internal/modules/cjs/loader:1699:10) {"error":{"code":"MODULE_NOT_FOUND","requireStack":["C:\\Users\\win\\Downloads\\Global-Advertising-Platform-d9586aca12844d7c7dbe1a70fb43f4a241df4343\\backend\\node_modules\\@sentry\\profiling-node\\lib\\index.js"]},"exception":true,"date":"Thu Dec 11 2025 18:33:23 GMT+0900 (대한민국 표준시)","process":{"pid":1840,"uid":null,"gid":null,"cwd":"C:\\Users\\win\\Downloads\\Global-Advertising-Platform-d9586aca12844d7c7dbe1a70fb43f4a241df4343\\backend","execPath":"C:\\Program Files\\nodejs\\node.exe","version":"v22.13.1","argv":["C:\\Program Files\\nodejs\\node.exe","C:\\Users\\win\\Downloads\\Global-Advertising-Platform-d9586aca12844d7c7dbe1a70fb43f4a241df4343\\backend\\server.js"],"memoryUsage":{"rss":106254336,"heapTotal":69431296,"heapUsed":48448536,"external":3715809,"arrayBuffers":65678}},"os":{"loadavg":[0,0,0],"uptime":448228.062},"trace":[{"column":15,"file":"node:internal/modules/cjs/loader","function":"Function._resolveFilename","line":1244,"method":"_resolveFilename","native":false},{"column":27,"file":"node:internal/modules/cjs/loader","function":"Function._load","line":1070,"method":"_load","native":false},{"column":14,"file":"node:diagnostics_channel","function":"TracingChannel.traceSync","line":322,"method":"traceSync","native":false},{"column":24,"file":"node:internal/modules/cjs/loader","function":"wrapModuleLoad","line":217,"method":null,"native":false},{"column":12,"file":"node:internal/modules/cjs/loader","function":"Module.require","line":1335,"method":"require","native":false},{"column":16,"file":"node:internal/modules/helpers","function":"require","line":136,"method":null,"native":false},{"column":10,"file":"C:\\Users\\win\\Downloads\\Global-Advertising-Platform-d9586aca12844d7c7dbe1a70fb43f4a241df4343\\backend\\node_modules\\@sentry\\profiling-node\\lib\\index.js","function":"importCppBindingsModule","line":19266,"method":null,"native":false},{"column":34,"file":"C:\\Users\\win\\Downloads\\Global-Advertising-Platform-d9586aca12844d7c7dbe1a70fb43f4a241df4343\\backend\\node_modules\\@sentry\\profiling-node\\lib\\index.js","function":null,"line":19268,"method":null,"native":false},{"column":14,"file":"node:internal/modules/cjs/loader","function":"Module._compile","line":1562,"method":"_compile","native":false},{"column":10,"file":"node:internal/modules/cjs/loader","function":"Object..js","line":1699,"method":".js","native":false}]}
2025-12-11 18:33:29 [error]: uncaughtException: Cannot find module 'C:\Users\win\Downloads\Global-Advertising-Platform-d9586aca12844d7c7dbe1a70fb43f4a241df4343\backend\node_modules\@sentry\profiling-node\lib\sentry_cpu_profiler-win32-x64-127.node'
Require stack:
- C:\Users\win\Downloads\Global-Advertising-Platform-d9586aca12844d7c7dbe1a70fb43f4a241df4343\backend\node_modules\@sentry\profiling-node\lib\index.js
Error: Cannot find module 'C:\Users\win\Downloads\Global-Advertising-Platform-d9586aca12844d7c7dbe1a70fb43f4a241df4343\backend\node_modules\@sentry\profiling-node\lib\sentry_cpu_profiler-win32-x64-127.node'
Require stack:
- C:\Users\win\Downloads\Global-Advertising-Platform-d9586aca12844d7c7dbe1a70fb43f4a241df4343\backend\node_modules\@sentry\profiling-node\lib\index.js
    at Function._resolveFilename (node:internal/modules/cjs/loader:1244:15)
    at Function._load (node:internal/modules/cjs/loader:1070:27)
    at TracingChannel.traceSync (node:diagnostics_channel:322:14)
    at wrapModuleLoad (node:internal/modules/cjs/loader:217:24)
    at Module.require (node:internal/modules/cjs/loader:1335:12)
    at require (node:internal/modules/helpers:136:16)
    at importCppBindingsModule (C:\Users\win\Downloads\Global-Advertising-Platform-d9586aca12844d7c7dbe1a70fb43f4a241df4343\backend\node_modules\@sentry\profiling-node\lib\index.js:19266:10)
    at Object.<anonymous> (C:\Users\win\Downloads\Global-Advertising-Platform-d9586aca12844d7c7dbe1a70fb43f4a241df4343\backend\node_modules\@sentry\profiling-node\lib\index.js:19268:34)
    at Module._compile (node:internal/modules/cjs/loader:1562:14)
    at Object..js (node:internal/modules/cjs/loader:1699:10)
Error: Cannot find module 'C:\Users\win\Downloads\Global-Advertising-Platform-d9586aca12844d7c7dbe1a70fb43f4a241df4343\backend\node_modules\@sentry\profiling-node\lib\sentry_cpu_profiler-win32-x64-127.node'
Require stack:
- C:\Users\win\Downloads\Global-Advertising-Platform-d9586aca12844d7c7dbe1a70fb43f4a241df4343\backend\node_modules\@sentry\profiling-node\lib\index.js
    at Function._resolveFilename (node:internal/modules/cjs/loader:1244:15)
    at Function._load (node:internal/modules/cjs/loader:1070:27)
    at TracingChannel.traceSync (node:diagnostics_channel:322:14)
    at wrapModuleLoad (node:internal/modules/cjs/loader:217:24)
    at Module.require (node:internal/modules/cjs/loader:1335:12)
    at require (node:internal/modules/helpers:136:16)
    at importCppBindingsModule (C:\Users\win\Downloads\Global-Advertising-Platform-d9586aca12844d7c7dbe1a70fb43f4a241df4343\backend\node_modules\@sentry\profiling-node\lib\index.js:19266:10)
    at Object.<anonymous> (C:\Users\win\Downloads\Global-Advertising-Platform-d9586aca12844d7c7dbe1a70fb43f4a241df4343\backend\node_modules\@sentry\profiling-node\lib\index.js:19268:34)
    at Module._compile (node:internal/modules/cjs/loader:1562:14)
    at Object..js (node:internal/modules/cjs/loader:1699:10) {"error":{"code":"MODULE_NOT_FOUND","requireStack":["C:\\Users\\win\\Downloads\\Global-Advertising-Platform-d9586aca12844d7c7dbe1a70fb43f4a241df4343\\backend\\node_modules\\@sentry\\profiling-node\\lib\\index.js"]},"exception":true,"date":"Thu Dec 11 2025 18:33:29 GMT+0900 (대한민국 표준시)","process":{"pid":6628,"uid":null,"gid":null,"cwd":"C:\\Users\\win\\Downloads\\Global-Advertising-Platform-d9586aca12844d7c7dbe1a70fb43f4a241df4343\\backend","execPath":"C:\\Program Files\\nodejs\\node.exe","version":"v22.13.1","argv":["C:\\Program Files\\nodejs\\node.exe","C:\\Users\\win\\Downloads\\Global-Advertising-Platform-d9586aca12844d7c7dbe1a70fb43f4a241df4343\\backend\\server.js"],"memoryUsage":{"rss":105291776,"heapTotal":68382720,"heapUsed":48864152,"external":3715809,"arrayBuffers":65678}},"os":{"loadavg":[0,0,0],"uptime":448233.312},"trace":[{"column":15,"file":"node:internal/modules/cjs/loader","function":"Function._resolveFilename","line":1244,"method":"_resolveFilename","native":false},{"column":27,"file":"node:internal/modules/cjs/loader","function":"Function._load","line":1070,"method":"_load","native":false},{"column":14,"file":"node:diagnostics_channel","function":"TracingChannel.traceSync","line":322,"method":"traceSync","native":false},{"column":24,"file":"node:internal/modules/cjs/loader","function":"wrapModuleLoad","line":217,"method":null,"native":false},{"column":12,"file":"node:internal/modules/cjs/loader","function":"Module.require","line":1335,"method":"require","native":false},{"column":16,"file":"node:internal/modules/helpers","function":"require","line":136,"method":null,"native":false},{"column":10,"file":"C:\\Users\\win\\Downloads\\Global-Advertising-Platform-d9586aca12844d7c7dbe1a70fb43f4a241df4343\\backend\\node_modules\\@sentry\\profiling-node\\lib\\index.js","function":"importCppBindingsModule","line":19266,"method":null,"native":false},{"column":34,"file":"C:\\Users\\win\\Downloads\\Global-Advertising-Platform-d9586aca12844d7c7dbe1a70fb43f4a241df4343\\backend\\node_modules\\@sentry\\profiling-node\\lib\\index.js","function":null,"line":19268,"method":null,"native":false},{"column":14,"file":"node:internal/modules/cjs/loader","function":"Module._compile","line":1562,"method":"_compile","native":false},{"column":10,"file":"node:internal/modules/cjs/loader","function":"Object..js","line":1699,"method":".js","native":false}]}
2025-12-11 18:33:43 [error]: uncaughtException: Cannot find module 'C:\Users\win\Downloads\Global-Advertising-Platform-d9586aca12844d7c7dbe1a70fb43f4a241df4343\backend\node_modules\@sentry\profiling-node\lib\sentry_cpu_profiler-win32-x64-127.node'
Require stack:
- C:\Users\win\Downloads\Global-Advertising-Platform-d9586aca12844d7c7dbe1a70fb43f4a241df4343\backend\node_modules\@sentry\profiling-node\lib\index.js
Error: Cannot find module 'C:\Users\win\Downloads\Global-Advertising-Platform-d9586aca12844d7c7dbe1a70fb43f4a241df4343\backend\node_modules\@sentry\profiling-node\lib\sentry_cpu_profiler-win32-x64-127.node'
Require stack:
- C:\Users\win\Downloads\Global-Advertising-Platform-d9586aca12844d7c7dbe1a70fb43f4a241df4343\backend\node_modules\@sentry\profiling-node\lib\index.js
    at Function._resolveFilename (node:internal/modules/cjs/loader:1244:15)
    at Function._load (node:internal/modules/cjs/loader:1070:27)
    at TracingChannel.traceSync (node:diagnostics_channel:322:14)
    at wrapModuleLoad (node:internal/modules/cjs/loader:217:24)
    at Module.require (node:internal/modules/cjs/loader:1335:12)
    at require (node:internal/modules/helpers:136:16)
    at importCppBindingsModule (C:\Users\win\Downloads\Global-Advertising-Platform-d9586aca12844d7c7dbe1a70fb43f4a241df4343\backend\node_modules\@sentry\profiling-node\lib\index.js:19266:10)
    at Object.<anonymous> (C:\Users\win\Downloads\Global-Advertising-Platform-d9586aca12844d7c7dbe1a70fb43f4a241df4343\backend\node_modules\@sentry\profiling-node\lib\index.js:19268:34)
    at Module._compile (node:internal/modules/cjs/loader:1562:14)
    at Object..js (node:internal/modules/cjs/loader:1699:10)
Error: Cannot find module 'C:\Users\win\Downloads\Global-Advertising-Platform-d9586aca12844d7c7dbe1a70fb43f4a241df4343\backend\node_modules\@sentry\profiling-node\lib\sentry_cpu_profiler-win32-x64-127.node'
Require stack:
- C:\Users\win\Downloads\Global-Advertising-Platform-d9586aca12844d7c7dbe1a70fb43f4a241df4343\backend\node_modules\@sentry\profiling-node\lib\index.js
    at Function._resolveFilename (node:internal/modules/cjs/loader:1244:15)
    at Function._load (node:internal/modules/cjs/loader:1070:27)
    at TracingChannel.traceSync (node:diagnostics_channel:322:14)
    at wrapModuleLoad (node:internal/modules/cjs/loader:217:24)
    at Module.require (node:internal/modules/cjs/loader:1335:12)
    at require (node:internal/modules/helpers:136:16)
    at importCppBindingsModule (C:\Users\win\Downloads\Global-Advertising-Platform-d9586aca12844d7c7dbe1a70fb43f4a241df4343\backend\node_modules\@sentry\profiling-node\lib\index.js:19266:10)
    at Object.<anonymous> (C:\Users\win\Downloads\Global-Advertising-Platform-d9586aca12844d7c7dbe1a70fb43f4a241df4343\backend\node_modules\@sentry\profiling-node\lib\index.js:19268:34)
    at Module._compile (node:internal/modules/cjs/loader:1562:14)
    at Object..js (node:internal/modules/cjs/loader:1699:10) {"error":{"code":"MODULE_NOT_FOUND","requireStack":["C:\\Users\\win\\Downloads\\Global-Advertising-Platform-d9586aca12844d7c7dbe1a70fb43f4a241df4343\\backend\\node_modules\\@sentry\\profiling-node\\lib\\index.js"]},"exception":true,"date":"Thu Dec 11 2025 18:33:43 GMT+0900 (대한민국 표준시)","process":{"pid":4980,"uid":null,"gid":null,"cwd":"C:\\Users\\win\\Downloads\\Global-Advertising-Platform-d9586aca12844d7c7dbe1a70fb43f4a241df4343\\backend","execPath":"C:\\Program Files\\nodejs\\node.exe","version":"v22.13.1","argv":["C:\\Program Files\\nodejs\\node.exe","C:\\Users\\win\\Downloads\\Global-Advertising-Platform-d9586aca12844d7c7dbe1a70fb43f4a241df4343\\backend\\server.js"],"memoryUsage":{"rss":106180608,"heapTotal":69431296,"heapUsed":48248088,"external":3715809,"arrayBuffers":65678}},"os":{"loadavg":[0,0,0],"uptime":448248.078},"trace":[{"column":15,"file":"node:internal/modules/cjs/loader","function":"Function._resolveFilename","line":1244,"method":"_resolveFilename","native":false},{"column":27,"file":"node:internal/modules/cjs/loader","function":"Function._load","line":1070,"method":"_load","native":false},{"column":14,"file":"node:diagnostics_channel","function":"TracingChannel.traceSync","line":322,"method":"traceSync","native":false},{"column":24,"file":"node:internal/modules/cjs/loader","function":"wrapModuleLoad","line":217,"method":null,"native":false},{"column":12,"file":"node:internal/modules/cjs/loader","function":"Module.require","line":1335,"method":"require","native":false},{"column":16,"file":"node:internal/modules/helpers","function":"require","line":136,"method":null,"native":false},{"column":10,"file":"C:\\Users\\win\\Downloads\\Global-Advertising-Platform-d9586aca12844d7c7dbe1a70fb43f4a241df4343\\backend\\node_modules\\@sentry\\profiling-node\\lib\\index.js","function":"importCppBindingsModule","line":19266,"method":null,"native":false},{"column":34,"file":"C:\\Users\\win\\Downloads\\Global-Advertising-Platform-d9586aca12844d7c7dbe1a70fb43f4a241df4343\\backend\\node_modules\\@sentry\\profiling-node\\lib\\index.js","function":null,"line":19268,"method":null,"native":false},{"column":14,"file":"node:internal/modules/cjs/loader","function":"Module._compile","line":1562,"method":"_compile","native":false},{"column":10,"file":"node:internal/modules/cjs/loader","function":"Object..js","line":1699,"method":".js","native":false}]}
2025-12-11 18:34:16 [error]: uncaughtException: Cannot find module 'C:\Users\win\Downloads\Global-Advertising-Platform-d9586aca12844d7c7dbe1a70fb43f4a241df4343\backend\node_modules\@sentry\profiling-node\lib\sentry_cpu_profiler-win32-x64-127.node'
Require stack:
- C:\Users\win\Downloads\Global-Advertising-Platform-d9586aca12844d7c7dbe1a70fb43f4a241df4343\backend\node_modules\@sentry\profiling-node\lib\index.js
Error: Cannot find module 'C:\Users\win\Downloads\Global-Advertising-Platform-d9586aca12844d7c7dbe1a70fb43f4a241df4343\backend\node_modules\@sentry\profiling-node\lib\sentry_cpu_profiler-win32-x64-127.node'
Require stack:
- C:\Users\win\Downloads\Global-Advertising-Platform-d9586aca12844d7c7dbe1a70fb43f4a241df4343\backend\node_modules\@sentry\profiling-node\lib\index.js
    at Function._resolveFilename (node:internal/modules/cjs/loader:1244:15)
    at Function._load (node:internal/modules/cjs/loader:1070:27)
    at TracingChannel.traceSync (node:diagnostics_channel:322:14)
    at wrapModuleLoad (node:internal/modules/cjs/loader:217:24)
    at Module.require (node:internal/modules/cjs/loader:1335:12)
    at require (node:internal/modules/helpers:136:16)
    at importCppBindingsModule (C:\Users\win\Downloads\Global-Advertising-Platform-d9586aca12844d7c7dbe1a70fb43f4a241df4343\backend\node_modules\@sentry\profiling-node\lib\index.js:19266:10)
    at Object.<anonymous> (C:\Users\win\Downloads\Global-Advertising-Platform-d9586aca12844d7c7dbe1a70fb43f4a241df4343\backend\node_modules\@sentry\profiling-node\lib\index.js:19268:34)
    at Module._compile (node:internal/modules/cjs/loader:1562:14)
    at Object..js (node:internal/modules/cjs/loader:1699:10)
Error: Cannot find module 'C:\Users\win\Downloads\Global-Advertising-Platform-d9586aca12844d7c7dbe1a70fb43f4a241df4343\backend\node_modules\@sentry\profiling-node\lib\sentry_cpu_profiler-win32-x64-127.node'
Require stack:
- C:\Users\win\Downloads\Global-Advertising-Platform-d9586aca12844d7c7dbe1a70fb43f4a241df4343\backend\node_modules\@sentry\profiling-node\lib\index.js
    at Function._resolveFilename (node:internal/modules/cjs/loader:1244:15)
    at Function._load (node:internal/modules/cjs/loader:1070:27)
    at TracingChannel.traceSync (node:diagnostics_channel:322:14)
    at wrapModuleLoad (node:internal/modules/cjs/loader:217:24)
    at Module.require (node:internal/modules/cjs/loader:1335:12)
    at require (node:internal/modules/helpers:136:16)
    at importCppBindingsModule (C:\Users\win\Downloads\Global-Advertising-Platform-d9586aca12844d7c7dbe1a70fb43f4a241df4343\backend\node_modules\@sentry\profiling-node\lib\index.js:19266:10)
    at Object.<anonymous> (C:\Users\win\Downloads\Global-Advertising-Platform-d9586aca12844d7c7dbe1a70fb43f4a241df4343\backend\node_modules\@sentry\profiling-node\lib\index.js:19268:34)
    at Module._compile (node:internal/modules/cjs/loader:1562:14)
    at Object..js (node:internal/modules/cjs/loader:1699:10) {"error":{"code":"MODULE_NOT_FOUND","requireStack":["C:\\Users\\win\\Downloads\\Global-Advertising-Platform-d9586aca12844d7c7dbe1a70fb43f4a241df4343\\backend\\node_modules\\@sentry\\profiling-node\\lib\\index.js"]},"exception":true,"date":"Thu Dec 11 2025 18:34:16 GMT+0900 (대한민국 표준시)","process":{"pid":23688,"uid":null,"gid":null,"cwd":"C:\\Users\\win\\Downloads\\Global-Advertising-Platform-d9586aca12844d7c7dbe1a70fb43f4a241df4343\\backend","execPath":"C:\\Program Files\\nodejs\\node.exe","version":"v22.13.1","argv":["C:\\Program Files\\nodejs\\node.exe","C:\\Users\\win\\Downloads\\Global-Advertising-Platform-d9586aca12844d7c7dbe1a70fb43f4a241df4343\\backend\\server.js"],"memoryUsage":{"rss":106754048,"heapTotal":69693440,"heapUsed":47719216,"external":3715809,"arrayBuffers":65678}},"os":{"loadavg":[0,0,0],"uptime":448280.953},"trace":[{"column":15,"file":"node:internal/modules/cjs/loader","function":"Function._resolveFilename","line":1244,"method":"_resolveFilename","native":false},{"column":27,"file":"node:internal/modules/cjs/loader","function":"Function._load","line":1070,"method":"_load","native":false},{"column":14,"file":"node:diagnostics_channel","function":"TracingChannel.traceSync","line":322,"method":"traceSync","native":false},{"column":24,"file":"node:internal/modules/cjs/loader","function":"wrapModuleLoad","line":217,"method":null,"native":false},{"column":12,"file":"node:internal/modules/cjs/loader","function":"Module.require","line":1335,"method":"require","native":false},{"column":16,"file":"node:internal/modules/helpers","function":"require","line":136,"method":null,"native":false},{"column":10,"file":"C:\\Users\\win\\Downloads\\Global-Advertising-Platform-d9586aca12844d7c7dbe1a70fb43f4a241df4343\\backend\\node_modules\\@sentry\\profiling-node\\lib\\index.js","function":"importCppBindingsModule","line":19266,"method":null,"native":false},{"column":34,"file":"C:\\Users\\win\\Downloads\\Global-Advertising-Platform-d9586aca12844d7c7dbe1a70fb43f4a241df4343\\backend\\node_modules\\@sentry\\profiling-node\\lib\\index.js","function":null,"line":19268,"method":null,"native":false},{"column":14,"file":"node:internal/modules/cjs/loader","function":"Module._compile","line":1562,"method":"_compile","native":false},{"column":10,"file":"node:internal/modules/cjs/loader","function":"Object..js","line":1699,"method":".js","native":false}]}
2025-12-11 18:34:55 [error]: uncaughtException: Cannot find module 'C:\Users\win\Downloads\Global-Advertising-Platform-d9586aca12844d7c7dbe1a70fb43f4a241df4343\backend\node_modules\@sentry\profiling-node\lib\sentry_cpu_profiler-win32-x64-127.node'
Require stack:
- C:\Users\win\Downloads\Global-Advertising-Platform-d9586aca12844d7c7dbe1a70fb43f4a241df4343\backend\node_modules\@sentry\profiling-node\lib\index.js
Error: Cannot find module 'C:\Users\win\Downloads\Global-Advertising-Platform-d9586aca12844d7c7dbe1a70fb43f4a241df4343\backend\node_modules\@sentry\profiling-node\lib\sentry_cpu_profiler-win32-x64-127.node'
Require stack:
- C:\Users\win\Downloads\Global-Advertising-Platform-d9586aca12844d7c7dbe1a70fb43f4a241df4343\backend\node_modules\@sentry\profiling-node\lib\index.js
    at Function._resolveFilename (node:internal/modules/cjs/loader:1244:15)
    at Function._load (node:internal/modules/cjs/loader:1070:27)
    at TracingChannel.traceSync (node:diagnostics_channel:322:14)
    at wrapModuleLoad (node:internal/modules/cjs/loader:217:24)
    at Module.require (node:internal/modules/cjs/loader:1335:12)
    at require (node:internal/modules/helpers:136:16)
    at importCppBindingsModule (C:\Users\win\Downloads\Global-Advertising-Platform-d9586aca12844d7c7dbe1a70fb43f4a241df4343\backend\node_modules\@sentry\profiling-node\lib\index.js:19266:10)
    at Object.<anonymous> (C:\Users\win\Downloads\Global-Advertising-Platform-d9586aca12844d7c7dbe1a70fb43f4a241df4343\backend\node_modules\@sentry\profiling-node\lib\index.js:19268:34)
    at Module._compile (node:internal/modules/cjs/loader:1562:14)
    at Object..js (node:internal/modules/cjs/loader:1699:10)
Error: Cannot find module 'C:\Users\win\Downloads\Global-Advertising-Platform-d9586aca12844d7c7dbe1a70fb43f4a241df4343\backend\node_modules\@sentry\profiling-node\lib\sentry_cpu_profiler-win32-x64-127.node'
Require stack:
- C:\Users\win\Downloads\Global-Advertising-Platform-d9586aca12844d7c7dbe1a70fb43f4a241df4343\backend\node_modules\@sentry\profiling-node\lib\index.js
    at Function._resolveFilename (node:internal/modules/cjs/loader:1244:15)
    at Function._load (node:internal/modules/cjs/loader:1070:27)
    at TracingChannel.traceSync (node:diagnostics_channel:322:14)
    at wrapModuleLoad (node:internal/modules/cjs/loader:217:24)
    at Module.require (node:internal/modules/cjs/loader:1335:12)
    at require (node:internal/modules/helpers:136:16)
    at importCppBindingsModule (C:\Users\win\Downloads\Global-Advertising-Platform-d9586aca12844d7c7dbe1a70fb43f4a241df4343\backend\node_modules\@sentry\profiling-node\lib\index.js:19266:10)
    at Object.<anonymous> (C:\Users\win\Downloads\Global-Advertising-Platform-d9586aca12844d7c7dbe1a70fb43f4a241df4343\backend\node_modules\@sentry\profiling-node\lib\index.js:19268:34)
    at Module._compile (node:internal/modules/cjs/loader:1562:14)
    at Object..js (node:internal/modules/cjs/loader:1699:10) {"error":{"code":"MODULE_NOT_FOUND","requireStack":["C:\\Users\\win\\Downloads\\Global-Advertising-Platform-d9586aca12844d7c7dbe1a70fb43f4a241df4343\\backend\\node_modules\\@sentry\\profiling-node\\lib\\index.js"]},"exception":true,"date":"Thu Dec 11 2025 18:34:55 GMT+0900 (대한민국 표준시)","process":{"pid":23920,"uid":null,"gid":null,"cwd":"C:\\Users\\win\\Downloads\\Global-Advertising-Platform-d9586aca12844d7c7dbe1a70fb43f4a241df4343\\backend","execPath":"C:\\Program Files\\nodejs\\node.exe","version":"v22.13.1","argv":["C:\\Program Files\\nodejs\\node.exe","C:\\Users\\win\\Downloads\\Global-Advertising-Platform-d9586aca12844d7c7dbe1a70fb43f4a241df4343\\backend\\server.js"],"memoryUsage":{"rss":105906176,"heapTotal":69431296,"heapUsed":48480600,"external":3715809,"arrayBuffers":65678}},"os":{"loadavg":[0,0,0],"uptime":448319.328},"trace":[{"column":15,"file":"node:internal/modules/cjs/loader","function":"Function._resolveFilename","line":1244,"method":"_resolveFilename","native":false},{"column":27,"file":"node:internal/modules/cjs/loader","function":"Function._load","line":1070,"method":"_load","native":false},{"column":14,"file":"node:diagnostics_channel","function":"TracingChannel.traceSync","line":322,"method":"traceSync","native":false},{"column":24,"file":"node:internal/modules/cjs/loader","function":"wrapModuleLoad","line":217,"method":null,"native":false},{"column":12,"file":"node:internal/modules/cjs/loader","function":"Module.require","line":1335,"method":"require","native":false},{"column":16,"file":"node:internal/modules/helpers","function":"require","line":136,"method":null,"native":false},{"column":10,"file":"C:\\Users\\win\\Downloads\\Global-Advertising-Platform-d9586aca12844d7c7dbe1a70fb43f4a241df4343\\backend\\node_modules\\@sentry\\profiling-node\\lib\\index.js","function":"importCppBindingsModule","line":19266,"method":null,"native":false},{"column":34,"file":"C:\\Users\\win\\Downloads\\Global-Advertising-Platform-d9586aca12844d7c7dbe1a70fb43f4a241df4343\\backend\\node_modules\\@sentry\\profiling-node\\lib\\index.js","function":null,"line":19268,"method":null,"native":false},{"column":14,"file":"node:internal/modules/cjs/loader","function":"Module._compile","line":1562,"method":"_compile","native":false},{"column":10,"file":"node:internal/modules/cjs/loader","function":"Object..js","line":1699,"method":".js","native":false}]}
2025-12-11 18:35:43 [error]: uncaughtException: Cannot find module 'C:\Users\win\Downloads\Global-Advertising-Platform-d9586aca12844d7c7dbe1a70fb43f4a241df4343\backend\node_modules\@sentry\profiling-node\lib\sentry_cpu_profiler-win32-x64-127.node'
Require stack:
- C:\Users\win\Downloads\Global-Advertising-Platform-d9586aca12844d7c7dbe1a70fb43f4a241df4343\backend\node_modules\@sentry\profiling-node\lib\index.js
Error: Cannot find module 'C:\Users\win\Downloads\Global-Advertising-Platform-d9586aca12844d7c7dbe1a70fb43f4a241df4343\backend\node_modules\@sentry\profiling-node\lib\sentry_cpu_profiler-win32-x64-127.node'
Require stack:
- C:\Users\win\Downloads\Global-Advertising-Platform-d9586aca12844d7c7dbe1a70fb43f4a241df4343\backend\node_modules\@sentry\profiling-node\lib\index.js
    at Function._resolveFilename (node:internal/modules/cjs/loader:1244:15)
    at Function._load (node:internal/modules/cjs/loader:1070:27)
    at TracingChannel.traceSync (node:diagnostics_channel:322:14)
    at wrapModuleLoad (node:internal/modules/cjs/loader:217:24)
    at Module.require (node:internal/modules/cjs/loader:1335:12)
    at require (node:internal/modules/helpers:136:16)
    at importCppBindingsModule (C:\Users\win\Downloads\Global-Advertising-Platform-d9586aca12844d7c7dbe1a70fb43f4a241df4343\backend\node_modules\@sentry\profiling-node\lib\index.js:19266:10)
    at Object.<anonymous> (C:\Users\win\Downloads\Global-Advertising-Platform-d9586aca12844d7c7dbe1a70fb43f4a241df4343\backend\node_modules\@sentry\profiling-node\lib\index.js:19268:34)
    at Module._compile (node:internal/modules/cjs/loader:1562:14)
    at Object..js (node:internal/modules/cjs/loader:1699:10)
Error: Cannot find module 'C:\Users\win\Downloads\Global-Advertising-Platform-d9586aca12844d7c7dbe1a70fb43f4a241df4343\backend\node_modules\@sentry\profiling-node\lib\sentry_cpu_profiler-win32-x64-127.node'
Require stack:
- C:\Users\win\Downloads\Global-Advertising-Platform-d9586aca12844d7c7dbe1a70fb43f4a241df4343\backend\node_modules\@sentry\profiling-node\lib\index.js
    at Function._resolveFilename (node:internal/modules/cjs/loader:1244:15)
    at Function._load (node:internal/modules/cjs/loader:1070:27)
    at TracingChannel.traceSync (node:diagnostics_channel:322:14)
    at wrapModuleLoad (node:internal/modules/cjs/loader:217:24)
    at Module.require (node:internal/modules/cjs/loader:1335:12)
    at require (node:internal/modules/helpers:136:16)
    at importCppBindingsModule (C:\Users\win\Downloads\Global-Advertising-Platform-d9586aca12844d7c7dbe1a70fb43f4a241df4343\backend\node_modules\@sentry\profiling-node\lib\index.js:19266:10)
    at Object.<anonymous> (C:\Users\win\Downloads\Global-Advertising-Platform-d9586aca12844d7c7dbe1a70fb43f4a241df4343\backend\node_modules\@sentry\profiling-node\lib\index.js:19268:34)
    at Module._compile (node:internal/modules/cjs/loader:1562:14)
    at Object..js (node:internal/modules/cjs/loader:1699:10) {"error":{"code":"MODULE_NOT_FOUND","requireStack":["C:\\Users\\win\\Downloads\\Global-Advertising-Platform-d9586aca12844d7c7dbe1a70fb43f4a241df4343\\backend\\node_modules\\@sentry\\profiling-node\\lib\\index.js"]},"exception":true,"date":"Thu Dec 11 2025 18:35:43 GMT+0900 (대한민국 표준시)","process":{"pid":19420,"uid":null,"gid":null,"cwd":"C:\\Users\\win\\Downloads\\Global-Advertising-Platform-d9586aca12844d7c7dbe1a70fb43f4a241df4343\\backend","execPath":"C:\\Program Files\\nodejs\\node.exe","version":"v22.13.1","argv":["C:\\Program Files\\nodejs\\node.exe","C:\\Users\\win\\Downloads\\Global-Advertising-Platform-d9586aca12844d7c7dbe1a70fb43f4a241df4343\\backend\\server.js"],"memoryUsage":{"rss":106827776,"heapTotal":70217728,"heapUsed":47651408,"external":3715809,"arrayBuffers":65678}},"os":{"loadavg":[0,0,0],"uptime":448367.218},"trace":[{"column":15,"file":"node:internal/modules/cjs/loader","function":"Function._resolveFilename","line":1244,"method":"_resolveFilename","native":false},{"column":27,"file":"node:internal/modules/cjs/loader","function":"Function._load","line":1070,"method":"_load","native":false},{"column":14,"file":"node:diagnostics_channel","function":"TracingChannel.traceSync","line":322,"method":"traceSync","native":false},{"column":24,"file":"node:internal/modules/cjs/loader","function":"wrapModuleLoad","line":217,"method":null,"native":false},{"column":12,"file":"node:internal/modules/cjs/loader","function":"Module.require","line":1335,"method":"require","native":false},{"column":16,"file":"node:internal/modules/helpers","function":"require","line":136,"method":null,"native":false},{"column":10,"file":"C:\\Users\\win\\Downloads\\Global-Advertising-Platform-d9586aca12844d7c7dbe1a70fb43f4a241df4343\\backend\\node_modules\\@sentry\\profiling-node\\lib\\index.js","function":"importCppBindingsModule","line":19266,"method":null,"native":false},{"column":34,"file":"C:\\Users\\win\\Downloads\\Global-Advertising-Platform-d9586aca12844d7c7dbe1a70fb43f4a241df4343\\backend\\node_modules\\@sentry\\profiling-node\\lib\\index.js","function":null,"line":19268,"method":null,"native":false},{"column":14,"file":"node:internal/modules/cjs/loader","function":"Module._compile","line":1562,"method":"_compile","native":false},{"column":10,"file":"node:internal/modules/cjs/loader","function":"Object..js","line":1699,"method":".js","native":false}]}
2025-12-11 20:46:51 [error]: uncaughtException: requireAdmin is not defined
ReferenceError: requireAdmin is not defined
    at file:///C:/Users/win/Downloads/Global-Advertising-Platform-d9586aca12844d7c7dbe1a70fb43f4a241df4343/backend/server.js:145:42
ReferenceError: requireAdmin is not defined
    at file:///C:/Users/win/Downloads/Global-Advertising-Platform-d9586aca12844d7c7dbe1a70fb43f4a241df4343/backend/server.js:145:42 {"error":{},"exception":true,"date":"Thu Dec 11 2025 20:46:51 GMT+0900 (대한민국 표준시)","process":{"pid":10572,"uid":null,"gid":null,"cwd":"C:\\Users\\win\\Downloads\\Global-Advertising-Platform-d9586aca12844d7c7dbe1a70fb43f4a241df4343\\backend","execPath":"C:\\Program Files\\nodejs\\node.exe","version":"v22.13.1","argv":["C:\\Program Files\\nodejs\\node.exe","C:\\Users\\win\\Downloads\\Global-Advertising-Platform-d9586aca12844d7c7dbe1a70fb43f4a241df4343\\backend\\server.js"],"memoryUsage":{"rss":113061888,"heapTotal":71888896,"heapUsed":41682264,"external":4611345,"arrayBuffers":937148}},"os":{"loadavg":[0,0,0],"uptime":456236.015},"trace":[{"column":42,"file":"file:///C:/Users/win/Downloads/Global-Advertising-Platform-d9586aca12844d7c7dbe1a70fb43f4a241df4343/backend/server.js","function":null,"line":145,"method":null,"native":false}]}
2025-12-11 20:46:53 [error]: uncaughtException: requireAdmin is not defined
ReferenceError: requireAdmin is not defined
    at file:///C:/Users/win/Downloads/Global-Advertising-Platform-d9586aca12844d7c7dbe1a70fb43f4a241df4343/backend/server.js:145:42
ReferenceError: requireAdmin is not defined
    at file:///C:/Users/win/Downloads/Global-Advertising-Platform-d9586aca12844d7c7dbe1a70fb43f4a241df4343/backend/server.js:145:42 {"error":{},"exception":true,"date":"Thu Dec 11 2025 20:46:53 GMT+0900 (대한민국 표준시)","process":{"pid":29668,"uid":null,"gid":null,"cwd":"C:\\Users\\win\\Downloads\\Global-Advertising-Platform-d9586aca12844d7c7dbe1a70fb43f4a241df4343\\backend","execPath":"C:\\Program Files\\nodejs\\node.exe","version":"v22.13.1","argv":["C:\\Program Files\\nodejs\\node.exe","C:\\Users\\win\\Downloads\\Global-Advertising-Platform-d9586aca12844d7c7dbe1a70fb43f4a241df4343\\backend\\server.js"],"memoryUsage":{"rss":113274880,"heapTotal":72151040,"heapUsed":41395952,"external":4611345,"arrayBuffers":937148}},"os":{"loadavg":[0,0,0],"uptime":456237.437},"trace":[{"column":42,"file":"file:///C:/Users/win/Downloads/Global-Advertising-Platform-d9586aca12844d7c7dbe1a70fb43f4a241df4343/backend/server.js","function":null,"line":145,"method":null,"native":false}]}
2025-12-11 20:47:01 [error]: uncaughtException: requireAdmin is not defined
ReferenceError: requireAdmin is not defined
    at file:///C:/Users/win/Downloads/Global-Advertising-Platform-d9586aca12844d7c7dbe1a70fb43f4a241df4343/backend/server.js:145:42
ReferenceError: requireAdmin is not defined
    at file:///C:/Users/win/Downloads/Global-Advertising-Platform-d9586aca12844d7c7dbe1a70fb43f4a241df4343/backend/server.js:145:42 {"error":{},"exception":true,"date":"Thu Dec 11 2025 20:47:01 GMT+0900 (대한민국 표준시)","process":{"pid":27100,"uid":null,"gid":null,"cwd":"C:\\Users\\win\\Downloads\\Global-Advertising-Platform-d9586aca12844d7c7dbe1a70fb43f4a241df4343\\backend","execPath":"C:\\Program Files\\nodejs\\node.exe","version":"v22.13.1","argv":["C:\\Program Files\\nodejs\\node.exe","C:\\Users\\win\\Downloads\\Global-Advertising-Platform-d9586aca12844d7c7dbe1a70fb43f4a241df4343\\backend\\server.js"],"memoryUsage":{"rss":112680960,"heapTotal":71888896,"heapUsed":41152280,"external":4611345,"arrayBuffers":937148}},"os":{"loadavg":[0,0,0],"uptime":456246.031},"trace":[{"column":42,"file":"file:///C:/Users/win/Downloads/Global-Advertising-Platform-d9586aca12844d7c7dbe1a70fb43f4a241df4343/backend/server.js","function":null,"line":145,"method":null,"native":false}]}
2025-12-11 20:47:12 [error]: uncaughtException: requireAdmin is not defined
ReferenceError: requireAdmin is not defined
    at file:///C:/Users/win/Downloads/Global-Advertising-Platform-d9586aca12844d7c7dbe1a70fb43f4a241df4343/backend/server.js:145:42
ReferenceError: requireAdmin is not defined
    at file:///C:/Users/win/Downloads/Global-Advertising-Platform-d9586aca12844d7c7dbe1a70fb43f4a241df4343/backend/server.js:145:42 {"error":{},"exception":true,"date":"Thu Dec 11 2025 20:47:12 GMT+0900 (대한민국 표준시)","process":{"pid":8496,"uid":null,"gid":null,"cwd":"C:\\Users\\win\\Downloads\\Global-Advertising-Platform-d9586aca12844d7c7dbe1a70fb43f4a241df4343\\backend","execPath":"C:\\Program Files\\nodejs\\node.exe","version":"v22.13.1","argv":["C:\\Program Files\\nodejs\\node.exe","C:\\Users\\win\\Downloads\\Global-Advertising-Platform-d9586aca12844d7c7dbe1a70fb43f4a241df4343\\backend\\server.js"],"memoryUsage":{"rss":112672768,"heapTotal":71626752,"heapUsed":42040192,"external":4611345,"arrayBuffers":937148}},"os":{"loadavg":[0,0,0],"uptime":456256.203},"trace":[{"column":42,"file":"file:///C:/Users/win/Downloads/Global-Advertising-Platform-d9586aca12844d7c7dbe1a70fb43f4a241df4343/backend/server.js","function":null,"line":145,"method":null,"native":false}]}
2025-12-11 20:58:35 [error]: uncaughtException: listen EADDRINUSE: address already in use 0.0.0.0:3000
Error: listen EADDRINUSE: address already in use 0.0.0.0:3000
    at Server.setupListenHandle [as _listen2] (node:net:1937:16)
    at listenInCluster (node:net:1994:12)
    at node:net:2203:7
    at process.processTicksAndRejections (node:internal/process/task_queues:90:21)
Error: listen EADDRINUSE: address already in use 0.0.0.0:3000
    at Server.setupListenHandle [as _listen2] (node:net:1937:16)
    at listenInCluster (node:net:1994:12)
    at node:net:2203:7
    at process.processTicksAndRejections (node:internal/process/task_queues:90:21) {"error":{"code":"EADDRINUSE","errno":-4091,"syscall":"listen","address":"0.0.0.0","port":3000},"exception":true,"date":"Thu Dec 11 2025 20:58:35 GMT+0900 (대한민국 표준시)","process":{"pid":28772,"uid":null,"gid":null,"cwd":"C:\\Users\\win\\Downloads\\Global-Advertising-Platform-d9586aca12844d7c7dbe1a70fb43f4a241df4343\\backend","execPath":"C:\\Program Files\\nodejs\\node.exe","version":"v22.13.1","argv":["C:\\Program Files\\nodejs\\node.exe","C:\\Users\\win\\Downloads\\Global-Advertising-Platform-d9586aca12844d7c7dbe1a70fb43f4a241df4343\\backend\\server.js"],"memoryUsage":{"rss":115916800,"heapTotal":72306688,"heapUsed":42667912,"external":4653910,"arrayBuffers":937364}},"os":{"loadavg":[0,0,0],"uptime":456939.14},"trace":[{"column":16,"file":"node:net","function":"Server.setupListenHandle [as _listen2]","line":1937,"method":"setupListenHandle [as _listen2]","native":false},{"column":12,"file":"node:net","function":"listenInCluster","line":1994,"method":null,"native":false},{"column":7,"file":"node:net","function":null,"line":2203,"method":null,"native":false},{"column":21,"file":"node:internal/process/task_queues","function":"process.processTicksAndRejections","line":90,"method":"processTicksAndRejections","native":false}]}
2025-12-11 21:33:12 [error]: uncaughtException: listen EADDRINUSE: address already in use 0.0.0.0:3000
Error: listen EADDRINUSE: address already in use 0.0.0.0:3000
    at Server.setupListenHandle [as _listen2] (node:net:1937:16)
    at listenInCluster (node:net:1994:12)
    at node:net:2203:7
    at process.processTicksAndRejections (node:internal/process/task_queues:90:21)
Error: listen EADDRINUSE: address already in use 0.0.0.0:3000
    at Server.setupListenHandle [as _listen2] (node:net:1937:16)
    at listenInCluster (node:net:1994:12)
    at node:net:2203:7
    at process.processTicksAndRejections (node:internal/process/task_queues:90:21) {"error":{"code":"EADDRINUSE","errno":-4091,"syscall":"listen","address":"0.0.0.0","port":3000},"exception":true,"date":"Thu Dec 11 2025 21:33:12 GMT+0900 (대한민국 표준시)","process":{"pid":17004,"uid":null,"gid":null,"cwd":"C:\\Users\\win\\Downloads\\Global-Advertising-Platform-d9586aca12844d7c7dbe1a70fb43f4a241df4343\\backend","execPath":"C:\\Program Files\\nodejs\\node.exe","version":"v22.13.1","argv":["C:\\Program Files\\nodejs\\node.exe","C:\\Users\\win\\Downloads\\Global-Advertising-Platform-d9586aca12844d7c7dbe1a70fb43f4a241df4343\\backend\\server.js"],"memoryUsage":{"rss":112173056,"heapTotal":71520256,"heapUsed":40953880,"external":4628548,"arrayBuffers":937040}},"os":{"loadavg":[0,0,0],"uptime":459016.671},"trace":[{"column":16,"file":"node:net","function":"Server.setupListenHandle [as _listen2]","line":1937,"method":"setupListenHandle [as _listen2]","native":false},{"column":12,"file":"node:net","function":"listenInCluster","line":1994,"method":null,"native":false},{"column":7,"file":"node:net","function":null,"line":2203,"method":null,"native":false},{"column":21,"file":"node:internal/process/task_queues","function":"process.processTicksAndRejections","line":90,"method":"processTicksAndRejections","native":false}]}
2025-12-11 21:34:04 [error]: uncaughtException: DbHandler exited. Check logs for more information.
error: DbHandler exited. Check logs for more information.
    at Parser.parseErrorMessage (C:\Users\win\Downloads\Global-Advertising-Platform-d9586aca12844d7c7dbe1a70fb43f4a241df4343\backend\node_modules\pg-protocol\dist\parser.js:285:98)
    at Parser.handlePacket (C:\Users\win\Downloads\Global-Advertising-Platform-d9586aca12844d7c7dbe1a70fb43f4a241df4343\backend\node_modules\pg-protocol\dist\parser.js:122:29)
    at Parser.parse (C:\Users\win\Downloads\Global-Advertising-Platform-d9586aca12844d7c7dbe1a70fb43f4a241df4343\backend\node_modules\pg-protocol\dist\parser.js:35:38)
    at Socket.<anonymous> (C:\Users\win\Downloads\Global-Advertising-Platform-d9586aca12844d7c7dbe1a70fb43f4a241df4343\backend\node_modules\pg-protocol\dist\index.js:11:42)
    at Socket.emit (node:events:524:28)
    at Socket.emit (node:domain:489:12)
    at addChunk (node:internal/streams/readable:561:12)
    at readableAddChunkPushByteMode (node:internal/streams/readable:512:3)
    at Readable.push (node:internal/streams/readable:392:5)
    at TCP.onStreamRead (node:internal/stream_base_commons:189:23)
error: DbHandler exited. Check logs for more information.
    at Parser.parseErrorMessage (C:\Users\win\Downloads\Global-Advertising-Platform-d9586aca12844d7c7dbe1a70fb43f4a241df4343\backend\node_modules\pg-protocol\dist\parser.js:285:98)
    at Parser.handlePacket (C:\Users\win\Downloads\Global-Advertising-Platform-d9586aca12844d7c7dbe1a70fb43f4a241df4343\backend\node_modules\pg-protocol\dist\parser.js:122:29)
    at Parser.parse (C:\Users\win\Downloads\Global-Advertising-Platform-d9586aca12844d7c7dbe1a70fb43f4a241df4343\backend\node_modules\pg-protocol\dist\parser.js:35:38)
    at Socket.<anonymous> (C:\Users\win\Downloads\Global-Advertising-Platform-d9586aca12844d7c7dbe1a70fb43f4a241df4343\backend\node_modules\pg-protocol\dist\index.js:11:42)
    at Socket.emit (node:events:524:28)
    at Socket.emit (node:domain:489:12)
    at addChunk (node:internal/streams/readable:561:12)
    at readableAddChunkPushByteMode (node:internal/streams/readable:512:3)
    at Readable.push (node:internal/streams/readable:392:5)
    at TCP.onStreamRead (node:internal/stream_base_commons:189:23) {"error":{"length":78,"name":"error","severity":"FATAL","code":"XX000","client":{"_events":{},"_eventsCount":1,"connectionParameters":{"user":"postgres.pghdbiemlcjpnhxzfatk","database":"postgres","port":6543,"host":"aws-1-ap-northeast-2.pooler.supabase.com","binary":false,"ssl":false,"client_encoding":"","isDomainSocket":false,"statement_timeout":false,"lock_timeout":false,"idle_in_transaction_session_timeout":false,"query_timeout":false,"connect_timeout":10},"user":"postgres.pghdbiemlcjpnhxzfatk","database":"postgres","port":6543,"host":"aws-1-ap-northeast-2.pooler.supabase.com","_types":{"_types":{"arrayParser":{},"builtins":{"BOOL":16,"BYTEA":17,"CHAR":18,"INT8":20,"INT2":21,"INT4":23,"REGPROC":24,"TEXT":25,"OID":26,"TID":27,"XID":28,"CID":29,"JSON":114,"XML":142,"PG_NODE_TREE":194,"SMGR":210,"PATH":602,"POLYGON":604,"CIDR":650,"FLOAT4":700,"FLOAT8":701,"ABSTIME":702,"RELTIME":703,"TINTERVAL":704,"CIRCLE":718,"MACADDR8":774,"MONEY":790,"MACADDR":829,"INET":869,"ACLITEM":1033,"BPCHAR":1042,"VARCHAR":1043,"DATE":1082,"TIME":1083,"TIMESTAMP":1114,"TIMESTAMPTZ":1184,"INTERVAL":1186,"TIMETZ":1266,"BIT":1560,"VARBIT":1562,"NUMERIC":1700,"REFCURSOR":1790,"REGPROCEDURE":2202,"REGOPER":2203,"REGOPERATOR":2204,"REGCLASS":2205,"REGTYPE":2206,"UUID":2950,"TXID_SNAPSHOT":2970,"PG_LSN":3220,"PG_NDISTINCT":3361,"PG_DEPENDENCIES":3402,"TSVECTOR":3614,"TSQUERY":3615,"GTSVECTOR":3642,"REGCONFIG":3734,"REGDICTIONARY":3769,"JSONB":3802,"REGNAMESPACE":4089,"REGROLE":4096}},"text":{},"binary":{}},"_ending":true,"_ended":false,"_connecting":false,"_connected":true,"_connectionError":false,"_queryable":false,"enableChannelBinding":false,"connection":{"_events":{"end":[null,null,null]},"_eventsCount":23,"stream":{"connecting":false,"_hadError":false,"_parent":null,"_host":"aws-1-ap-northeast-2.pooler.supabase.com","_closeAfterHandlingError":false,"_events":{"end":[null,null]},"_readableState":{"highWaterMark":16384,"buffer":[],"bufferIndex":0,"length":0,"pipes":[],"awaitDrainWriters":null},"_writableState":{"highWaterMark":16384,"length":0,"corked":0,"writelen":0,"bufferedIndex":0,"pendingcb":0},"allowHalfOpen":false,"_eventsCount":4,"_sockname":null,"_pendingData":null,"_pendingEncoding":"","server":null,"_server":null,"autoSelectFamilyAttemptedAddresses":["15.164.188.235:6543"]},"_keepAlive":false,"_keepAliveInitialDelayMillis":0,"lastBuffer":false,"parsedStatements":{},"ssl":false,"_ending":true,"_emitMessage":false,"_connecting":true},"queryQueue":[],"binary":false,"processID":5919174,"secretKey":2057761072,"ssl":false,"_connectionTimeoutMillis":10000,"_connectionCallback":null,"connectionTimeoutHandle":{"_idleTimeout":-1,"_idlePrev":null,"_idleNext":null,"_idleStart":1350,"_onTimeout":null,"_repeat":null,"_destroyed":true},"saslSession":null,"activeQuery":null,"readyForQuery":true,"hasExecuted":true,"_poolUseCount":1}},"exception":true,"date":"Thu Dec 11 2025 21:34:04 GMT+0900 (대한민국 표준시)","process":{"pid":27000,"uid":null,"gid":null,"cwd":"C:\\Users\\win\\Downloads\\Global-Advertising-Platform-d9586aca12844d7c7dbe1a70fb43f4a241df4343\\backend","execPath":"C:\\Program Files\\nodejs\\node.exe","version":"v22.13.1","argv":["C:\\Program Files\\nodejs\\node.exe","C:\\Users\\win\\Downloads\\Global-Advertising-Platform-d9586aca12844d7c7dbe1a70fb43f4a241df4343\\backend\\server.js"],"memoryUsage":{"rss":66248704,"heapTotal":24596480,"heapUsed":22203600,"external":3782376,"arrayBuffers":66022}},"os":{"loadavg":[0,0,0],"uptime":459068.656},"trace":[{"column":98,"file":"C:\\Users\\win\\Downloads\\Global-Advertising-Platform-d9586aca12844d7c7dbe1a70fb43f4a241df4343\\backend\\node_modules\\pg-protocol\\dist\\parser.js","function":"Parser.parseErrorMessage","line":285,"method":"parseErrorMessage","native":false},{"column":29,"file":"C:\\Users\\win\\Downloads\\Global-Advertising-Platform-d9586aca12844d7c7dbe1a70fb43f4a241df4343\\backend\\node_modules\\pg-protocol\\dist\\parser.js","function":"Parser.handlePacket","line":122,"method":"handlePacket","native":false},{"column":38,"file":"C:\\Users\\win\\Downloads\\Global-Advertising-Platform-d9586aca12844d7c7dbe1a70fb43f4a241df4343\\backend\\node_modules\\pg-protocol\\dist\\parser.js","function":"Parser.parse","line":35,"method":"parse","native":false},{"column":42,"file":"C:\\Users\\win\\Downloads\\Global-Advertising-Platform-d9586aca12844d7c7dbe1a70fb43f4a241df4343\\backend\\node_modules\\pg-protocol\\dist\\index.js","function":null,"line":11,"method":null,"native":false},{"column":28,"file":"node:events","function":"Socket.emit","line":524,"method":"emit","native":false},{"column":12,"file":"node:domain","function":"Socket.emit","line":489,"method":"emit","native":false},{"column":12,"file":"node:internal/streams/readable","function":"addChunk","line":561,"method":null,"native":false},{"column":3,"file":"node:internal/streams/readable","function":"readableAddChunkPushByteMode","line":512,"method":null,"native":false},{"column":5,"file":"node:internal/streams/readable","function":"Readable.push","line":392,"method":"push","native":false},{"column":23,"file":"node:internal/stream_base_commons","function":"TCP.onStreamRead","line":189,"method":"onStreamRead","native":false}]}
2025-12-11 21:48:25 [error]: uncaughtException: DbHandler exited. Check logs for more information.
error: DbHandler exited. Check logs for more information.
    at Parser.parseErrorMessage (C:\Users\win\Downloads\Global-Advertising-Platform-d9586aca12844d7c7dbe1a70fb43f4a241df4343\backend\node_modules\pg-protocol\dist\parser.js:285:98)
    at Parser.handlePacket (C:\Users\win\Downloads\Global-Advertising-Platform-d9586aca12844d7c7dbe1a70fb43f4a241df4343\backend\node_modules\pg-protocol\dist\parser.js:122:29)
    at Parser.parse (C:\Users\win\Downloads\Global-Advertising-Platform-d9586aca12844d7c7dbe1a70fb43f4a241df4343\backend\node_modules\pg-protocol\dist\parser.js:35:38)
    at Socket.<anonymous> (C:\Users\win\Downloads\Global-Advertising-Platform-d9586aca12844d7c7dbe1a70fb43f4a241df4343\backend\node_modules\pg-protocol\dist\index.js:11:42)
    at Socket.emit (node:events:524:28)
    at Socket.emit (node:domain:489:12)
    at addChunk (node:internal/streams/readable:561:12)
    at readableAddChunkPushByteMode (node:internal/streams/readable:512:3)
    at Readable.push (node:internal/streams/readable:392:5)
    at TCP.onStreamRead (node:internal/stream_base_commons:189:23)
error: DbHandler exited. Check logs for more information.
    at Parser.parseErrorMessage (C:\Users\win\Downloads\Global-Advertising-Platform-d9586aca12844d7c7dbe1a70fb43f4a241df4343\backend\node_modules\pg-protocol\dist\parser.js:285:98)
    at Parser.handlePacket (C:\Users\win\Downloads\Global-Advertising-Platform-d9586aca12844d7c7dbe1a70fb43f4a241df4343\backend\node_modules\pg-protocol\dist\parser.js:122:29)
    at Parser.parse (C:\Users\win\Downloads\Global-Advertising-Platform-d9586aca12844d7c7dbe1a70fb43f4a241df4343\backend\node_modules\pg-protocol\dist\parser.js:35:38)
    at Socket.<anonymous> (C:\Users\win\Downloads\Global-Advertising-Platform-d9586aca12844d7c7dbe1a70fb43f4a241df4343\backend\node_modules\pg-protocol\dist\index.js:11:42)
    at Socket.emit (node:events:524:28)
    at Socket.emit (node:domain:489:12)
    at addChunk (node:internal/streams/readable:561:12)
    at readableAddChunkPushByteMode (node:internal/streams/readable:512:3)
    at Readable.push (node:internal/streams/readable:392:5)
    at TCP.onStreamRead (node:internal/stream_base_commons:189:23) {"error":{"length":78,"name":"error","severity":"FATAL","code":"XX000","client":{"_events":{},"_eventsCount":1,"connectionParameters":{"user":"postgres.pghdbiemlcjpnhxzfatk","database":"postgres","port":6543,"host":"aws-1-ap-northeast-2.pooler.supabase.com","binary":false,"ssl":false,"client_encoding":"","isDomainSocket":false,"statement_timeout":false,"lock_timeout":false,"idle_in_transaction_session_timeout":false,"query_timeout":false,"connect_timeout":10},"user":"postgres.pghdbiemlcjpnhxzfatk","database":"postgres","port":6543,"host":"aws-1-ap-northeast-2.pooler.supabase.com","_types":{"_types":{"arrayParser":{},"builtins":{"BOOL":16,"BYTEA":17,"CHAR":18,"INT8":20,"INT2":21,"INT4":23,"REGPROC":24,"TEXT":25,"OID":26,"TID":27,"XID":28,"CID":29,"JSON":114,"XML":142,"PG_NODE_TREE":194,"SMGR":210,"PATH":602,"POLYGON":604,"CIDR":650,"FLOAT4":700,"FLOAT8":701,"ABSTIME":702,"RELTIME":703,"TINTERVAL":704,"CIRCLE":718,"MACADDR8":774,"MONEY":790,"MACADDR":829,"INET":869,"ACLITEM":1033,"BPCHAR":1042,"VARCHAR":1043,"DATE":1082,"TIME":1083,"TIMESTAMP":1114,"TIMESTAMPTZ":1184,"INTERVAL":1186,"TIMETZ":1266,"BIT":1560,"VARBIT":1562,"NUMERIC":1700,"REFCURSOR":1790,"REGPROCEDURE":2202,"REGOPER":2203,"REGOPERATOR":2204,"REGCLASS":2205,"REGTYPE":2206,"UUID":2950,"TXID_SNAPSHOT":2970,"PG_LSN":3220,"PG_NDISTINCT":3361,"PG_DEPENDENCIES":3402,"TSVECTOR":3614,"TSQUERY":3615,"GTSVECTOR":3642,"REGCONFIG":3734,"REGDICTIONARY":3769,"JSONB":3802,"REGNAMESPACE":4089,"REGROLE":4096}},"text":{},"binary":{}},"_ending":true,"_ended":false,"_connecting":false,"_connected":true,"_connectionError":false,"_queryable":false,"enableChannelBinding":false,"connection":{"_events":{"end":[null,null,null]},"_eventsCount":23,"stream":{"connecting":false,"_hadError":false,"_parent":null,"_host":"aws-1-ap-northeast-2.pooler.supabase.com","_closeAfterHandlingError":false,"_events":{"end":[null,null]},"_readableState":{"highWaterMark":16384,"buffer":[],"bufferIndex":0,"length":0,"pipes":[],"awaitDrainWriters":null},"_writableState":{"highWaterMark":16384,"length":0,"corked":0,"writelen":0,"bufferedIndex":0,"pendingcb":0},"allowHalfOpen":false,"_eventsCount":4,"_sockname":null,"_pendingData":null,"_pendingEncoding":"","server":null,"_server":null,"autoSelectFamilyAttemptedAddresses":["15.164.188.235:6543"]},"_keepAlive":false,"_keepAliveInitialDelayMillis":0,"lastBuffer":false,"parsedStatements":{},"ssl":false,"_ending":true,"_emitMessage":false,"_connecting":true},"queryQueue":[],"binary":false,"processID":5933182,"secretKey":-1992584199,"ssl":false,"_connectionTimeoutMillis":10000,"_connectionCallback":null,"connectionTimeoutHandle":{"_idleTimeout":-1,"_idlePrev":null,"_idleNext":null,"_idleStart":1170,"_onTimeout":null,"_repeat":null,"_destroyed":true},"saslSession":null,"activeQuery":null,"readyForQuery":true,"hasExecuted":true,"_poolUseCount":1}},"exception":true,"date":"Thu Dec 11 2025 21:48:25 GMT+0900 (대한민국 표준시)","process":{"pid":10536,"uid":null,"gid":null,"cwd":"C:\\Users\\win\\Downloads\\Global-Advertising-Platform-d9586aca12844d7c7dbe1a70fb43f4a241df4343\\backend","execPath":"C:\\Program Files\\nodejs\\node.exe","version":"v22.13.1","argv":["C:\\Program Files\\nodejs\\node.exe","C:\\Users\\win\\Downloads\\Global-Advertising-Platform-d9586aca12844d7c7dbe1a70fb43f4a241df4343\\backend\\server.js"],"memoryUsage":{"rss":115535872,"heapTotal":72568832,"heapUsed":42593448,"external":4653989,"arrayBuffers":937443}},"os":{"loadavg":[0,0,0],"uptime":459929.546},"trace":[{"column":98,"file":"C:\\Users\\win\\Downloads\\Global-Advertising-Platform-d9586aca12844d7c7dbe1a70fb43f4a241df4343\\backend\\node_modules\\pg-protocol\\dist\\parser.js","function":"Parser.parseErrorMessage","line":285,"method":"parseErrorMessage","native":false},{"column":29,"file":"C:\\Users\\win\\Downloads\\Global-Advertising-Platform-d9586aca12844d7c7dbe1a70fb43f4a241df4343\\backend\\node_modules\\pg-protocol\\dist\\parser.js","function":"Parser.handlePacket","line":122,"method":"handlePacket","native":false},{"column":38,"file":"C:\\Users\\win\\Downloads\\Global-Advertising-Platform-d9586aca12844d7c7dbe1a70fb43f4a241df4343\\backend\\node_modules\\pg-protocol\\dist\\parser.js","function":"Parser.parse","line":35,"method":"parse","native":false},{"column":42,"file":"C:\\Users\\win\\Downloads\\Global-Advertising-Platform-d9586aca12844d7c7dbe1a70fb43f4a241df4343\\backend\\node_modules\\pg-protocol\\dist\\index.js","function":null,"line":11,"method":null,"native":false},{"column":28,"file":"node:events","function":"Socket.emit","line":524,"method":"emit","native":false},{"column":12,"file":"node:domain","function":"Socket.emit","line":489,"method":"emit","native":false},{"column":12,"file":"node:internal/streams/readable","function":"addChunk","line":561,"method":null,"native":false},{"column":3,"file":"node:internal/streams/readable","function":"readableAddChunkPushByteMode","line":512,"method":null,"native":false},{"column":5,"file":"node:internal/streams/readable","function":"Readable.push","line":392,"method":"push","native":false},{"column":23,"file":"node:internal/stream_base_commons","function":"TCP.onStreamRead","line":189,"method":"onStreamRead","native":false}]}
2025-12-11 22:08:02 [error]: uncaughtException: listen EADDRINUSE: address already in use 0.0.0.0:3000
Error: listen EADDRINUSE: address already in use 0.0.0.0:3000
    at Server.setupListenHandle [as _listen2] (node:net:1937:16)
    at listenInCluster (node:net:1994:12)
    at node:net:2203:7
    at process.processTicksAndRejections (node:internal/process/task_queues:90:21)
Error: listen EADDRINUSE: address already in use 0.0.0.0:3000
    at Server.setupListenHandle [as _listen2] (node:net:1937:16)
    at listenInCluster (node:net:1994:12)
    at node:net:2203:7
    at process.processTicksAndRejections (node:internal/process/task_queues:90:21) {"error":{"code":"EADDRINUSE","errno":-4091,"syscall":"listen","address":"0.0.0.0","port":3000},"exception":true,"date":"Thu Dec 11 2025 22:08:02 GMT+0900 (대한민국 표준시)","process":{"pid":11028,"uid":null,"gid":null,"cwd":"C:\\Users\\win\\Downloads\\Global-Advertising-Platform-d9586aca12844d7c7dbe1a70fb43f4a241df4343\\backend","execPath":"C:\\Program Files\\nodejs\\node.exe","version":"v22.13.1","argv":["C:\\Program Files\\nodejs\\node.exe","C:\\Users\\win\\Downloads\\Global-Advertising-Platform-d9586aca12844d7c7dbe1a70fb43f4a241df4343\\backend\\server.js"],"memoryUsage":{"rss":116035584,"heapTotal":72044544,"heapUsed":43209512,"external":4653910,"arrayBuffers":937364}},"os":{"loadavg":[0,0,0],"uptime":461106.218},"trace":[{"column":16,"file":"node:net","function":"Server.setupListenHandle [as _listen2]","line":1937,"method":"setupListenHandle [as _listen2]","native":false},{"column":12,"file":"node:net","function":"listenInCluster","line":1994,"method":null,"native":false},{"column":7,"file":"node:net","function":null,"line":2203,"method":null,"native":false},{"column":21,"file":"node:internal/process/task_queues","function":"process.processTicksAndRejections","line":90,"method":"processTicksAndRejections","native":false}]}
2025-12-11 22:08:13 [error]: uncaughtException: listen EADDRINUSE: address already in use 0.0.0.0:3000
Error: listen EADDRINUSE: address already in use 0.0.0.0:3000
    at Server.setupListenHandle [as _listen2] (node:net:1937:16)
    at listenInCluster (node:net:1994:12)
    at node:net:2203:7
    at process.processTicksAndRejections (node:internal/process/task_queues:90:21)
Error: listen EADDRINUSE: address already in use 0.0.0.0:3000
    at Server.setupListenHandle [as _listen2] (node:net:1937:16)
    at listenInCluster (node:net:1994:12)
    at node:net:2203:7
    at process.processTicksAndRejections (node:internal/process/task_queues:90:21) {"error":{"code":"EADDRINUSE","errno":-4091,"syscall":"listen","address":"0.0.0.0","port":3000},"exception":true,"date":"Thu Dec 11 2025 22:08:13 GMT+0900 (대한민국 표준시)","process":{"pid":6720,"uid":null,"gid":null,"cwd":"C:\\Users\\win\\Downloads\\Global-Advertising-Platform-d9586aca12844d7c7dbe1a70fb43f4a241df4343\\backend","execPath":"C:\\Program Files\\nodejs\\node.exe","version":"v22.13.1","argv":["C:\\Program Files\\nodejs\\node.exe","C:\\Users\\win\\Downloads\\Global-Advertising-Platform-d9586aca12844d7c7dbe1a70fb43f4a241df4343\\backend\\server.js"],"memoryUsage":{"rss":111775744,"heapTotal":71520256,"heapUsed":41017480,"external":4628548,"arrayBuffers":937040}},"os":{"loadavg":[0,0,0],"uptime":461118.078},"trace":[{"column":16,"file":"node:net","function":"Server.setupListenHandle [as _listen2]","line":1937,"method":"setupListenHandle [as _listen2]","native":false},{"column":12,"file":"node:net","function":"listenInCluster","line":1994,"method":null,"native":false},{"column":7,"file":"node:net","function":null,"line":2203,"method":null,"native":false},{"column":21,"file":"node:internal/process/task_queues","function":"process.processTicksAndRejections","line":90,"method":"processTicksAndRejections","native":false}]}
2025-12-11 22:15:28 [error]: uncaughtException: DbHandler exited. Check logs for more information.
error: DbHandler exited. Check logs for more information.
    at Parser.parseErrorMessage (C:\Users\win\Downloads\Global-Advertising-Platform-d9586aca12844d7c7dbe1a70fb43f4a241df4343\backend\node_modules\pg-protocol\dist\parser.js:285:98)
    at Parser.handlePacket (C:\Users\win\Downloads\Global-Advertising-Platform-d9586aca12844d7c7dbe1a70fb43f4a241df4343\backend\node_modules\pg-protocol\dist\parser.js:122:29)
    at Parser.parse (C:\Users\win\Downloads\Global-Advertising-Platform-d9586aca12844d7c7dbe1a70fb43f4a241df4343\backend\node_modules\pg-protocol\dist\parser.js:35:38)
    at Socket.<anonymous> (C:\Users\win\Downloads\Global-Advertising-Platform-d9586aca12844d7c7dbe1a70fb43f4a241df4343\backend\node_modules\pg-protocol\dist\index.js:11:42)
    at Socket.emit (node:events:524:28)
    at Socket.emit (node:domain:489:12)
    at addChunk (node:internal/streams/readable:561:12)
    at readableAddChunkPushByteMode (node:internal/streams/readable:512:3)
    at Readable.push (node:internal/streams/readable:392:5)
    at TCP.onStreamRead (node:internal/stream_base_commons:189:23)
error: DbHandler exited. Check logs for more information.
    at Parser.parseErrorMessage (C:\Users\win\Downloads\Global-Advertising-Platform-d9586aca12844d7c7dbe1a70fb43f4a241df4343\backend\node_modules\pg-protocol\dist\parser.js:285:98)
    at Parser.handlePacket (C:\Users\win\Downloads\Global-Advertising-Platform-d9586aca12844d7c7dbe1a70fb43f4a241df4343\backend\node_modules\pg-protocol\dist\parser.js:122:29)
    at Parser.parse (C:\Users\win\Downloads\Global-Advertising-Platform-d9586aca12844d7c7dbe1a70fb43f4a241df4343\backend\node_modules\pg-protocol\dist\parser.js:35:38)
    at Socket.<anonymous> (C:\Users\win\Downloads\Global-Advertising-Platform-d9586aca12844d7c7dbe1a70fb43f4a241df4343\backend\node_modules\pg-protocol\dist\index.js:11:42)
    at Socket.emit (node:events:524:28)
    at Socket.emit (node:domain:489:12)
    at addChunk (node:internal/streams/readable:561:12)
    at readableAddChunkPushByteMode (node:internal/streams/readable:512:3)
    at Readable.push (node:internal/streams/readable:392:5)
    at TCP.onStreamRead (node:internal/stream_base_commons:189:23) {"error":{"length":78,"name":"error","severity":"FATAL","code":"XX000","client":{"_events":{},"_eventsCount":1,"connectionParameters":{"user":"postgres.pghdbiemlcjpnhxzfatk","database":"postgres","port":6543,"host":"aws-1-ap-northeast-2.pooler.supabase.com","binary":false,"ssl":false,"client_encoding":"","isDomainSocket":false,"statement_timeout":false,"lock_timeout":false,"idle_in_transaction_session_timeout":false,"query_timeout":false,"connect_timeout":10},"user":"postgres.pghdbiemlcjpnhxzfatk","database":"postgres","port":6543,"host":"aws-1-ap-northeast-2.pooler.supabase.com","_types":{"_types":{"arrayParser":{},"builtins":{"BOOL":16,"BYTEA":17,"CHAR":18,"INT8":20,"INT2":21,"INT4":23,"REGPROC":24,"TEXT":25,"OID":26,"TID":27,"XID":28,"CID":29,"JSON":114,"XML":142,"PG_NODE_TREE":194,"SMGR":210,"PATH":602,"POLYGON":604,"CIDR":650,"FLOAT4":700,"FLOAT8":701,"ABSTIME":702,"RELTIME":703,"TINTERVAL":704,"CIRCLE":718,"MACADDR8":774,"MONEY":790,"MACADDR":829,"INET":869,"ACLITEM":1033,"BPCHAR":1042,"VARCHAR":1043,"DATE":1082,"TIME":1083,"TIMESTAMP":1114,"TIMESTAMPTZ":1184,"INTERVAL":1186,"TIMETZ":1266,"BIT":1560,"VARBIT":1562,"NUMERIC":1700,"REFCURSOR":1790,"REGPROCEDURE":2202,"REGOPER":2203,"REGOPERATOR":2204,"REGCLASS":2205,"REGTYPE":2206,"UUID":2950,"TXID_SNAPSHOT":2970,"PG_LSN":3220,"PG_NDISTINCT":3361,"PG_DEPENDENCIES":3402,"TSVECTOR":3614,"TSQUERY":3615,"GTSVECTOR":3642,"REGCONFIG":3734,"REGDICTIONARY":3769,"JSONB":3802,"REGNAMESPACE":4089,"REGROLE":4096}},"text":{},"binary":{}},"_ending":true,"_ended":false,"_connecting":false,"_connected":true,"_connectionError":false,"_queryable":false,"enableChannelBinding":false,"connection":{"_events":{"end":[null,null,null]},"_eventsCount":23,"stream":{"connecting":false,"_hadError":false,"_parent":null,"_host":"aws-1-ap-northeast-2.pooler.supabase.com","_closeAfterHandlingError":false,"_events":{"end":[null,null]},"_readableState":{"highWaterMark":16384,"buffer":[],"bufferIndex":0,"length":0,"pipes":[],"awaitDrainWriters":null},"_writableState":{"highWaterMark":16384,"length":0,"corked":0,"writelen":0,"bufferedIndex":0,"pendingcb":0},"allowHalfOpen":false,"_eventsCount":4,"_sockname":null,"_pendingData":null,"_pendingEncoding":"","server":null,"_server":null,"autoSelectFamilyAttemptedAddresses":["15.164.188.235:6543"]},"_keepAlive":false,"_keepAliveInitialDelayMillis":0,"lastBuffer":false,"parsedStatements":{},"ssl":false,"_ending":true,"_emitMessage":false,"_connecting":true},"queryQueue":[],"binary":false,"processID":5958192,"secretKey":-582460411,"ssl":false,"_connectionTimeoutMillis":10000,"_connectionCallback":null,"connectionTimeoutHandle":{"_idleTimeout":-1,"_idlePrev":null,"_idleNext":null,"_idleStart":2309,"_onTimeout":null,"_repeat":null,"_destroyed":true},"saslSession":null,"activeQuery":null,"readyForQuery":true,"hasExecuted":true,"_poolUseCount":1}},"exception":true,"date":"Thu Dec 11 2025 22:15:28 GMT+0900 (대한민국 표준시)","process":{"pid":28536,"uid":null,"gid":null,"cwd":"C:\\Users\\win\\Downloads\\Global-Advertising-Platform-d9586aca12844d7c7dbe1a70fb43f4a241df4343\\backend","execPath":"C:\\Program Files\\nodejs\\node.exe","version":"v22.13.1","argv":["C:\\Program Files\\nodejs\\node.exe","C:\\Users\\win\\Downloads\\Global-Advertising-Platform-d9586aca12844d7c7dbe1a70fb43f4a241df4343\\backend\\server.js"],"memoryUsage":{"rss":68632576,"heapTotal":27095040,"heapUsed":24420856,"external":3783528,"arrayBuffers":67174}},"os":{"loadavg":[0,0,0],"uptime":461552.14},"trace":[{"column":98,"file":"C:\\Users\\win\\Downloads\\Global-Advertising-Platform-d9586aca12844d7c7dbe1a70fb43f4a241df4343\\backend\\node_modules\\pg-protocol\\dist\\parser.js","function":"Parser.parseErrorMessage","line":285,"method":"parseErrorMessage","native":false},{"column":29,"file":"C:\\Users\\win\\Downloads\\Global-Advertising-Platform-d9586aca12844d7c7dbe1a70fb43f4a241df4343\\backend\\node_modules\\pg-protocol\\dist\\parser.js","function":"Parser.handlePacket","line":122,"method":"handlePacket","native":false},{"column":38,"file":"C:\\Users\\win\\Downloads\\Global-Advertising-Platform-d9586aca12844d7c7dbe1a70fb43f4a241df4343\\backend\\node_modules\\pg-protocol\\dist\\parser.js","function":"Parser.parse","line":35,"method":"parse","native":false},{"column":42,"file":"C:\\Users\\win\\Downloads\\Global-Advertising-Platform-d9586aca12844d7c7dbe1a70fb43f4a241df4343\\backend\\node_modules\\pg-protocol\\dist\\index.js","function":null,"line":11,"method":null,"native":false},{"column":28,"file":"node:events","function":"Socket.emit","line":524,"method":"emit","native":false},{"column":12,"file":"node:domain","function":"Socket.emit","line":489,"method":"emit","native":false},{"column":12,"file":"node:internal/streams/readable","function":"addChunk","line":561,"method":null,"native":false},{"column":3,"file":"node:internal/streams/readable","function":"readableAddChunkPushByteMode","line":512,"method":null,"native":false},{"column":5,"file":"node:internal/streams/readable","function":"Readable.push","line":392,"method":"push","native":false},{"column":23,"file":"node:internal/stream_base_commons","function":"TCP.onStreamRead","line":189,"method":"onStreamRead","native":false}]}
2025-12-11 23:10:04 [error]: uncaughtException: listen EADDRINUSE: address already in use 0.0.0.0:3000
Error: listen EADDRINUSE: address already in use 0.0.0.0:3000
    at Server.setupListenHandle [as _listen2] (node:net:1937:16)
    at listenInCluster (node:net:1994:12)
    at node:net:2203:7
    at process.processTicksAndRejections (node:internal/process/task_queues:90:21)
Error: listen EADDRINUSE: address already in use 0.0.0.0:3000
    at Server.setupListenHandle [as _listen2] (node:net:1937:16)
    at listenInCluster (node:net:1994:12)
    at node:net:2203:7
    at process.processTicksAndRejections (node:internal/process/task_queues:90:21) {"error":{"code":"EADDRINUSE","errno":-4091,"syscall":"listen","address":"0.0.0.0","port":3000},"exception":true,"date":"Thu Dec 11 2025 23:10:04 GMT+0900 (대한민국 표준시)","process":{"pid":8580,"uid":null,"gid":null,"cwd":"C:\\Users\\win\\Downloads\\Global-Advertising-Platform-d9586aca12844d7c7dbe1a70fb43f4a241df4343\\backend","execPath":"C:\\Program Files\\nodejs\\node.exe","version":"v22.13.1","argv":["C:\\Program Files\\nodejs\\node.exe","C:\\Users\\win\\Downloads\\Global-Advertising-Platform-d9586aca12844d7c7dbe1a70fb43f4a241df4343\\backend\\server.js"],"memoryUsage":{"rss":111128576,"heapTotal":71520256,"heapUsed":40943064,"external":4628548,"arrayBuffers":937040}},"os":{"loadavg":[0,0,0],"uptime":464828.312},"trace":[{"column":16,"file":"node:net","function":"Server.setupListenHandle [as _listen2]","line":1937,"method":"setupListenHandle [as _listen2]","native":false},{"column":12,"file":"node:net","function":"listenInCluster","line":1994,"method":null,"native":false},{"column":7,"file":"node:net","function":null,"line":2203,"method":null,"native":false},{"column":21,"file":"node:internal/process/task_queues","function":"process.processTicksAndRejections","line":90,"method":"processTicksAndRejections","native":false}]}
2025-12-11 23:17:56 [error]: uncaughtException: listen EADDRINUSE: address already in use 0.0.0.0:3000
Error: listen EADDRINUSE: address already in use 0.0.0.0:3000
    at Server.setupListenHandle [as _listen2] (node:net:1937:16)
    at listenInCluster (node:net:1994:12)
    at node:net:2203:7
    at process.processTicksAndRejections (node:internal/process/task_queues:90:21)
Error: listen EADDRINUSE: address already in use 0.0.0.0:3000
    at Server.setupListenHandle [as _listen2] (node:net:1937:16)
    at listenInCluster (node:net:1994:12)
    at node:net:2203:7
    at process.processTicksAndRejections (node:internal/process/task_queues:90:21) {"error":{"code":"EADDRINUSE","errno":-4091,"syscall":"listen","address":"0.0.0.0","port":3000},"exception":true,"date":"Thu Dec 11 2025 23:17:56 GMT+0900 (대한민국 표준시)","process":{"pid":11400,"uid":null,"gid":null,"cwd":"C:\\Users\\win\\Downloads\\Global-Advertising-Platform-d9586aca12844d7c7dbe1a70fb43f4a241df4343\\backend","execPath":"C:\\Program Files\\nodejs\\node.exe","version":"v22.13.1","argv":["C:\\Program Files\\nodejs\\node.exe","C:\\Users\\win\\Downloads\\Global-Advertising-Platform-d9586aca12844d7c7dbe1a70fb43f4a241df4343\\backend\\server.js"],"memoryUsage":{"rss":110895104,"heapTotal":71258112,"heapUsed":41072448,"external":4628548,"arrayBuffers":937040}},"os":{"loadavg":[0,0,0],"uptime":465300.5},"trace":[{"column":16,"file":"node:net","function":"Server.setupListenHandle [as _listen2]","line":1937,"method":"setupListenHandle [as _listen2]","native":false},{"column":12,"file":"node:net","function":"listenInCluster","line":1994,"method":null,"native":false},{"column":7,"file":"node:net","function":null,"line":2203,"method":null,"native":false},{"column":21,"file":"node:internal/process/task_queues","function":"process.processTicksAndRejections","line":90,"method":"processTicksAndRejections","native":false}]}
2025-12-11 23:42:22 [error]: uncaughtException: listen EADDRINUSE: address already in use 0.0.0.0:3000
Error: listen EADDRINUSE: address already in use 0.0.0.0:3000
    at Server.setupListenHandle [as _listen2] (node:net:1937:16)
    at listenInCluster (node:net:1994:12)
    at node:net:2203:7
    at process.processTicksAndRejections (node:internal/process/task_queues:90:21)
Error: listen EADDRINUSE: address already in use 0.0.0.0:3000
    at Server.setupListenHandle [as _listen2] (node:net:1937:16)
    at listenInCluster (node:net:1994:12)
    at node:net:2203:7
    at process.processTicksAndRejections (node:internal/process/task_queues:90:21) {"error":{"code":"EADDRINUSE","errno":-4091,"syscall":"listen","address":"0.0.0.0","port":3000},"exception":true,"date":"Thu Dec 11 2025 23:42:22 GMT+0900 (대한민국 표준시)","process":{"pid":5564,"uid":null,"gid":null,"cwd":"C:\\Users\\win\\Downloads\\Global-Advertising-Platform-d9586aca12844d7c7dbe1a70fb43f4a241df4343\\backend","execPath":"C:\\Program Files\\nodejs\\node.exe","version":"v22.13.1","argv":["C:\\Program Files\\nodejs\\node.exe","C:\\Users\\win\\Downloads\\Global-Advertising-Platform-d9586aca12844d7c7dbe1a70fb43f4a241df4343\\backend\\server.js"],"memoryUsage":{"rss":114827264,"heapTotal":72306688,"heapUsed":43208576,"external":4653910,"arrayBuffers":937364}},"os":{"loadavg":[0,0,0],"uptime":466766.39},"trace":[{"column":16,"file":"node:net","function":"Server.setupListenHandle [as _listen2]","line":1937,"method":"setupListenHandle [as _listen2]","native":false},{"column":12,"file":"node:net","function":"listenInCluster","line":1994,"method":null,"native":false},{"column":7,"file":"node:net","function":null,"line":2203,"method":null,"native":false},{"column":21,"file":"node:internal/process/task_queues","function":"process.processTicksAndRejections","line":90,"method":"processTicksAndRejections","native":false}]}
2025-12-11 23:56:28 [error]: uncaughtException: listen EADDRINUSE: address already in use 0.0.0.0:3000
Error: listen EADDRINUSE: address already in use 0.0.0.0:3000
    at Server.setupListenHandle [as _listen2] (node:net:1937:16)
    at listenInCluster (node:net:1994:12)
    at node:net:2203:7
    at process.processTicksAndRejections (node:internal/process/task_queues:90:21)
Error: listen EADDRINUSE: address already in use 0.0.0.0:3000
    at Server.setupListenHandle [as _listen2] (node:net:1937:16)
    at listenInCluster (node:net:1994:12)
    at node:net:2203:7
    at process.processTicksAndRejections (node:internal/process/task_queues:90:21) {"error":{"code":"EADDRINUSE","errno":-4091,"syscall":"listen","address":"0.0.0.0","port":3000},"exception":true,"date":"Thu Dec 11 2025 23:56:28 GMT+0900 (대한민국 표준시)","process":{"pid":16696,"uid":null,"gid":null,"cwd":"C:\\Users\\win\\Downloads\\Global-Advertising-Platform-d9586aca12844d7c7dbe1a70fb43f4a241df4343\\backend","execPath":"C:\\Program Files\\nodejs\\node.exe","version":"v22.13.1","argv":["C:\\Program Files\\nodejs\\node.exe","C:\\Users\\win\\Downloads\\Global-Advertising-Platform-d9586aca12844d7c7dbe1a70fb43f4a241df4343\\backend\\server.js"],"memoryUsage":{"rss":114425856,"heapTotal":72044544,"heapUsed":43479216,"external":4653910,"arrayBuffers":937364}},"os":{"loadavg":[0,0,0],"uptime":467612.921},"trace":[{"column":16,"file":"node:net","function":"Server.setupListenHandle [as _listen2]","line":1937,"method":"setupListenHandle [as _listen2]","native":false},{"column":12,"file":"node:net","function":"listenInCluster","line":1994,"method":null,"native":false},{"column":7,"file":"node:net","function":null,"line":2203,"method":null,"native":false},{"column":21,"file":"node:internal/process/task_queues","function":"process.processTicksAndRejections","line":90,"method":"processTicksAndRejections","native":false}]}
2025-12-11 23:56:33 [error]: uncaughtException: listen EADDRINUSE: address already in use 0.0.0.0:3000
Error: listen EADDRINUSE: address already in use 0.0.0.0:3000
    at Server.setupListenHandle [as _listen2] (node:net:1937:16)
    at listenInCluster (node:net:1994:12)
    at node:net:2203:7
    at process.processTicksAndRejections (node:internal/process/task_queues:90:21)
Error: listen EADDRINUSE: address already in use 0.0.0.0:3000
    at Server.setupListenHandle [as _listen2] (node:net:1937:16)
    at listenInCluster (node:net:1994:12)
    at node:net:2203:7
    at process.processTicksAndRejections (node:internal/process/task_queues:90:21) {"error":{"code":"EADDRINUSE","errno":-4091,"syscall":"listen","address":"0.0.0.0","port":3000},"exception":true,"date":"Thu Dec 11 2025 23:56:33 GMT+0900 (대한민국 표준시)","process":{"pid":2352,"uid":null,"gid":null,"cwd":"C:\\Users\\win\\Downloads\\Global-Advertising-Platform-d9586aca12844d7c7dbe1a70fb43f4a241df4343\\backend","execPath":"C:\\Program Files\\nodejs\\node.exe","version":"v22.13.1","argv":["C:\\Program Files\\nodejs\\node.exe","C:\\Users\\win\\Downloads\\Global-Advertising-Platform-d9586aca12844d7c7dbe1a70fb43f4a241df4343\\backend\\server.js"],"memoryUsage":{"rss":114847744,"heapTotal":72306688,"heapUsed":43573672,"external":4653910,"arrayBuffers":937364}},"os":{"loadavg":[0,0,0],"uptime":467617.906},"trace":[{"column":16,"file":"node:net","function":"Server.setupListenHandle [as _listen2]","line":1937,"method":"setupListenHandle [as _listen2]","native":false},{"column":12,"file":"node:net","function":"listenInCluster","line":1994,"method":null,"native":false},{"column":7,"file":"node:net","function":null,"line":2203,"method":null,"native":false},{"column":21,"file":"node:internal/process/task_queues","function":"process.processTicksAndRejections","line":90,"method":"processTicksAndRejections","native":false}]}
2025-12-11 23:56:38 [error]: uncaughtException: listen EADDRINUSE: address already in use 0.0.0.0:3000
Error: listen EADDRINUSE: address already in use 0.0.0.0:3000
    at Server.setupListenHandle [as _listen2] (node:net:1937:16)
    at listenInCluster (node:net:1994:12)
    at node:net:2203:7
    at process.processTicksAndRejections (node:internal/process/task_queues:90:21)
Error: listen EADDRINUSE: address already in use 0.0.0.0:3000
    at Server.setupListenHandle [as _listen2] (node:net:1937:16)
    at listenInCluster (node:net:1994:12)
    at node:net:2203:7
    at process.processTicksAndRejections (node:internal/process/task_queues:90:21) {"error":{"code":"EADDRINUSE","errno":-4091,"syscall":"listen","address":"0.0.0.0","port":3000},"exception":true,"date":"Thu Dec 11 2025 23:56:38 GMT+0900 (대한민국 표준시)","process":{"pid":20716,"uid":null,"gid":null,"cwd":"C:\\Users\\win\\Downloads\\Global-Advertising-Platform-d9586aca12844d7c7dbe1a70fb43f4a241df4343\\backend","execPath":"C:\\Program Files\\nodejs\\node.exe","version":"v22.13.1","argv":["C:\\Program Files\\nodejs\\node.exe","C:\\Users\\win\\Downloads\\Global-Advertising-Platform-d9586aca12844d7c7dbe1a70fb43f4a241df4343\\backend\\server.js"],"memoryUsage":{"rss":114151424,"heapTotal":72044544,"heapUsed":43044752,"external":4653910,"arrayBuffers":937364}},"os":{"loadavg":[0,0,0],"uptime":467623.046},"trace":[{"column":16,"file":"node:net","function":"Server.setupListenHandle [as _listen2]","line":1937,"method":"setupListenHandle [as _listen2]","native":false},{"column":12,"file":"node:net","function":"listenInCluster","line":1994,"method":null,"native":false},{"column":7,"file":"node:net","function":null,"line":2203,"method":null,"native":false},{"column":21,"file":"node:internal/process/task_queues","function":"process.processTicksAndRejections","line":90,"method":"processTicksAndRejections","native":false}]}
2025-12-11 23:56:44 [error]: uncaughtException: listen EADDRINUSE: address already in use 0.0.0.0:3000
Error: listen EADDRINUSE: address already in use 0.0.0.0:3000
    at Server.setupListenHandle [as _listen2] (node:net:1937:16)
    at listenInCluster (node:net:1994:12)
    at node:net:2203:7
    at process.processTicksAndRejections (node:internal/process/task_queues:90:21)
Error: listen EADDRINUSE: address already in use 0.0.0.0:3000
    at Server.setupListenHandle [as _listen2] (node:net:1937:16)
    at listenInCluster (node:net:1994:12)
    at node:net:2203:7
    at process.processTicksAndRejections (node:internal/process/task_queues:90:21) {"error":{"code":"EADDRINUSE","errno":-4091,"syscall":"listen","address":"0.0.0.0","port":3000},"exception":true,"date":"Thu Dec 11 2025 23:56:44 GMT+0900 (대한민국 표준시)","process":{"pid":20592,"uid":null,"gid":null,"cwd":"C:\\Users\\win\\Downloads\\Global-Advertising-Platform-d9586aca12844d7c7dbe1a70fb43f4a241df4343\\backend","execPath":"C:\\Program Files\\nodejs\\node.exe","version":"v22.13.1","argv":["C:\\Program Files\\nodejs\\node.exe","C:\\Users\\win\\Downloads\\Global-Advertising-Platform-d9586aca12844d7c7dbe1a70fb43f4a241df4343\\backend\\server.js"],"memoryUsage":{"rss":115560448,"heapTotal":72044544,"heapUsed":42490808,"external":4653910,"arrayBuffers":937364}},"os":{"loadavg":[0,0,0],"uptime":467628.406},"trace":[{"column":16,"file":"node:net","function":"Server.setupListenHandle [as _listen2]","line":1937,"method":"setupListenHandle [as _listen2]","native":false},{"column":12,"file":"node:net","function":"listenInCluster","line":1994,"method":null,"native":false},{"column":7,"file":"node:net","function":null,"line":2203,"method":null,"native":false},{"column":21,"file":"node:internal/process/task_queues","function":"process.processTicksAndRejections","line":90,"method":"processTicksAndRejections","native":false}]}
2025-12-11 23:57:09 [error]: uncaughtException: listen EADDRINUSE: address already in use 0.0.0.0:3000
Error: listen EADDRINUSE: address already in use 0.0.0.0:3000
    at Server.setupListenHandle [as _listen2] (node:net:1937:16)
    at listenInCluster (node:net:1994:12)
    at node:net:2203:7
    at process.processTicksAndRejections (node:internal/process/task_queues:90:21)
Error: listen EADDRINUSE: address already in use 0.0.0.0:3000
    at Server.setupListenHandle [as _listen2] (node:net:1937:16)
    at listenInCluster (node:net:1994:12)
    at node:net:2203:7
    at process.processTicksAndRejections (node:internal/process/task_queues:90:21) {"error":{"code":"EADDRINUSE","errno":-4091,"syscall":"listen","address":"0.0.0.0","port":3000},"exception":true,"date":"Thu Dec 11 2025 23:57:09 GMT+0900 (대한민국 표준시)","process":{"pid":6092,"uid":null,"gid":null,"cwd":"C:\\Users\\win\\Downloads\\Global-Advertising-Platform-d9586aca12844d7c7dbe1a70fb43f4a241df4343\\backend","execPath":"C:\\Program Files\\nodejs\\node.exe","version":"v22.13.1","argv":["C:\\Program Files\\nodejs\\node.exe","C:\\Users\\win\\Downloads\\Global-Advertising-Platform-d9586aca12844d7c7dbe1a70fb43f4a241df4343\\backend\\server.js"],"memoryUsage":{"rss":115396608,"heapTotal":72306688,"heapUsed":42716216,"external":4653910,"arrayBuffers":937364}},"os":{"loadavg":[0,0,0],"uptime":467653.937},"trace":[{"column":16,"file":"node:net","function":"Server.setupListenHandle [as _listen2]","line":1937,"method":"setupListenHandle [as _listen2]","native":false},{"column":12,"file":"node:net","function":"listenInCluster","line":1994,"method":null,"native":false},{"column":7,"file":"node:net","function":null,"line":2203,"method":null,"native":false},{"column":21,"file":"node:internal/process/task_queues","function":"process.processTicksAndRejections","line":90,"method":"processTicksAndRejections","native":false}]}
2025-12-12 02:22:22 [error]: uncaughtException: listen EADDRINUSE: address already in use 0.0.0.0:3000
Error: listen EADDRINUSE: address already in use 0.0.0.0:3000
    at Server.setupListenHandle [as _listen2] (node:net:1937:16)
    at listenInCluster (node:net:1994:12)
    at node:net:2203:7
    at process.processTicksAndRejections (node:internal/process/task_queues:90:21)
Error: listen EADDRINUSE: address already in use 0.0.0.0:3000
    at Server.setupListenHandle [as _listen2] (node:net:1937:16)
    at listenInCluster (node:net:1994:12)
    at node:net:2203:7
    at process.processTicksAndRejections (node:internal/process/task_queues:90:21) {"error":{"code":"EADDRINUSE","errno":-4091,"syscall":"listen","address":"0.0.0.0","port":3000},"exception":true,"date":"Fri Dec 12 2025 02:22:22 GMT+0900 (대한민국 표준시)","process":{"pid":14028,"uid":null,"gid":null,"cwd":"C:\\Users\\win\\Downloads\\Global-Advertising-Platform-d9586aca12844d7c7dbe1a70fb43f4a241df4343\\backend","execPath":"C:\\Program Files\\nodejs\\node.exe","version":"v22.13.1","argv":["C:\\Program Files\\nodejs\\node.exe","C:\\Users\\win\\Downloads\\Global-Advertising-Platform-d9586aca12844d7c7dbe1a70fb43f4a241df4343\\backend\\server.js"],"memoryUsage":{"rss":113897472,"heapTotal":71258112,"heapUsed":41107664,"external":4628696,"arrayBuffers":937188}},"os":{"loadavg":[0,0,0],"uptime":476366.562},"trace":[{"column":16,"file":"node:net","function":"Server.setupListenHandle [as _listen2]","line":1937,"method":"setupListenHandle [as _listen2]","native":false},{"column":12,"file":"node:net","function":"listenInCluster","line":1994,"method":null,"native":false},{"column":7,"file":"node:net","function":null,"line":2203,"method":null,"native":false},{"column":21,"file":"node:internal/process/task_queues","function":"process.processTicksAndRejections","line":90,"method":"processTicksAndRejections","native":false}]}
2025-12-12 02:34:07 [error]: uncaughtException: listen EADDRINUSE: address already in use 0.0.0.0:3000
Error: listen EADDRINUSE: address already in use 0.0.0.0:3000
    at Server.setupListenHandle [as _listen2] (node:net:1937:16)
    at listenInCluster (node:net:1994:12)
    at node:net:2203:7
    at process.processTicksAndRejections (node:internal/process/task_queues:90:21)
Error: listen EADDRINUSE: address already in use 0.0.0.0:3000
    at Server.setupListenHandle [as _listen2] (node:net:1937:16)
    at listenInCluster (node:net:1994:12)
    at node:net:2203:7
    at process.processTicksAndRejections (node:internal/process/task_queues:90:21) {"error":{"code":"EADDRINUSE","errno":-4091,"syscall":"listen","address":"0.0.0.0","port":3000},"exception":true,"date":"Fri Dec 12 2025 02:34:07 GMT+0900 (대한민국 표준시)","process":{"pid":21216,"uid":null,"gid":null,"cwd":"C:\\Users\\win\\Downloads\\Global-Advertising-Platform-d9586aca12844d7c7dbe1a70fb43f4a241df4343\\backend","execPath":"C:\\Program Files\\nodejs\\node.exe","version":"v22.13.1","argv":["C:\\Program Files\\nodejs\\node.exe","C:\\Users\\win\\Downloads\\Global-Advertising-Platform-d9586aca12844d7c7dbe1a70fb43f4a241df4343\\backend\\server.js"],"memoryUsage":{"rss":113983488,"heapTotal":71258112,"heapUsed":40879048,"external":4628548,"arrayBuffers":937040}},"os":{"loadavg":[0,0,0],"uptime":477071.25},"trace":[{"column":16,"file":"node:net","function":"Server.setupListenHandle [as _listen2]","line":1937,"method":"setupListenHandle [as _listen2]","native":false},{"column":12,"file":"node:net","function":"listenInCluster","line":1994,"method":null,"native":false},{"column":7,"file":"node:net","function":null,"line":2203,"method":null,"native":false},{"column":21,"file":"node:internal/process/task_queues","function":"process.processTicksAndRejections","line":90,"method":"processTicksAndRejections","native":false}]}
2025-12-12 02:36:35 [error]: uncaughtException: listen EADDRINUSE: address already in use 0.0.0.0:3000
Error: listen EADDRINUSE: address already in use 0.0.0.0:3000
    at Server.setupListenHandle [as _listen2] (node:net:1937:16)
    at listenInCluster (node:net:1994:12)
    at node:net:2203:7
    at process.processTicksAndRejections (node:internal/process/task_queues:90:21)
Error: listen EADDRINUSE: address already in use 0.0.0.0:3000
    at Server.setupListenHandle [as _listen2] (node:net:1937:16)
    at listenInCluster (node:net:1994:12)
    at node:net:2203:7
    at process.processTicksAndRejections (node:internal/process/task_queues:90:21) {"error":{"code":"EADDRINUSE","errno":-4091,"syscall":"listen","address":"0.0.0.0","port":3000},"exception":true,"date":"Fri Dec 12 2025 02:36:35 GMT+0900 (대한민국 표준시)","process":{"pid":5136,"uid":null,"gid":null,"cwd":"C:\\Users\\win\\Downloads\\Global-Advertising-Platform-d9586aca12844d7c7dbe1a70fb43f4a241df4343\\backend","execPath":"C:\\Program Files\\nodejs\\node.exe","version":"v22.13.1","argv":["C:\\Program Files\\nodejs\\node.exe","C:\\Users\\win\\Downloads\\Global-Advertising-Platform-d9586aca12844d7c7dbe1a70fb43f4a241df4343\\backend\\server.js"],"memoryUsage":{"rss":111632384,"heapTotal":71520256,"heapUsed":40919520,"external":4628548,"arrayBuffers":937040}},"os":{"loadavg":[0,0,0],"uptime":477219.609},"trace":[{"column":16,"file":"node:net","function":"Server.setupListenHandle [as _listen2]","line":1937,"method":"setupListenHandle [as _listen2]","native":false},{"column":12,"file":"node:net","function":"listenInCluster","line":1994,"method":null,"native":false},{"column":7,"file":"node:net","function":null,"line":2203,"method":null,"native":false},{"column":21,"file":"node:internal/process/task_queues","function":"process.processTicksAndRejections","line":90,"method":"processTicksAndRejections","native":false}]}
2025-12-12 02:40:06 [error]: uncaughtException: DbHandler exited. Check logs for more information.
error: DbHandler exited. Check logs for more information.
    at Parser.parseErrorMessage (C:\Users\win\Downloads\Global-Advertising-Platform-d9586aca12844d7c7dbe1a70fb43f4a241df4343\backend\node_modules\pg-protocol\dist\parser.js:285:98)
    at Parser.handlePacket (C:\Users\win\Downloads\Global-Advertising-Platform-d9586aca12844d7c7dbe1a70fb43f4a241df4343\backend\node_modules\pg-protocol\dist\parser.js:122:29)
    at Parser.parse (C:\Users\win\Downloads\Global-Advertising-Platform-d9586aca12844d7c7dbe1a70fb43f4a241df4343\backend\node_modules\pg-protocol\dist\parser.js:35:38)
    at Socket.<anonymous> (C:\Users\win\Downloads\Global-Advertising-Platform-d9586aca12844d7c7dbe1a70fb43f4a241df4343\backend\node_modules\pg-protocol\dist\index.js:11:42)
    at Socket.emit (node:events:524:28)
    at Socket.emit (node:domain:489:12)
    at addChunk (node:internal/streams/readable:561:12)
    at readableAddChunkPushByteMode (node:internal/streams/readable:512:3)
    at Readable.push (node:internal/streams/readable:392:5)
    at TCP.onStreamRead (node:internal/stream_base_commons:189:23)
error: DbHandler exited. Check logs for more information.
    at Parser.parseErrorMessage (C:\Users\win\Downloads\Global-Advertising-Platform-d9586aca12844d7c7dbe1a70fb43f4a241df4343\backend\node_modules\pg-protocol\dist\parser.js:285:98)
    at Parser.handlePacket (C:\Users\win\Downloads\Global-Advertising-Platform-d9586aca12844d7c7dbe1a70fb43f4a241df4343\backend\node_modules\pg-protocol\dist\parser.js:122:29)
    at Parser.parse (C:\Users\win\Downloads\Global-Advertising-Platform-d9586aca12844d7c7dbe1a70fb43f4a241df4343\backend\node_modules\pg-protocol\dist\parser.js:35:38)
    at Socket.<anonymous> (C:\Users\win\Downloads\Global-Advertising-Platform-d9586aca12844d7c7dbe1a70fb43f4a241df4343\backend\node_modules\pg-protocol\dist\index.js:11:42)
    at Socket.emit (node:events:524:28)
    at Socket.emit (node:domain:489:12)
    at addChunk (node:internal/streams/readable:561:12)
    at readableAddChunkPushByteMode (node:internal/streams/readable:512:3)
    at Readable.push (node:internal/streams/readable:392:5)
    at TCP.onStreamRead (node:internal/stream_base_commons:189:23) {"error":{"length":78,"name":"error","severity":"FATAL","code":"XX000","client":{"_events":{},"_eventsCount":1,"connectionParameters":{"user":"postgres.pghdbiemlcjpnhxzfatk","database":"postgres","port":6543,"host":"aws-1-ap-northeast-2.pooler.supabase.com","binary":false,"ssl":false,"client_encoding":"","isDomainSocket":false,"statement_timeout":false,"lock_timeout":false,"idle_in_transaction_session_timeout":false,"query_timeout":false,"connect_timeout":10},"user":"postgres.pghdbiemlcjpnhxzfatk","database":"postgres","port":6543,"host":"aws-1-ap-northeast-2.pooler.supabase.com","_types":{"_types":{"arrayParser":{},"builtins":{"BOOL":16,"BYTEA":17,"CHAR":18,"INT8":20,"INT2":21,"INT4":23,"REGPROC":24,"TEXT":25,"OID":26,"TID":27,"XID":28,"CID":29,"JSON":114,"XML":142,"PG_NODE_TREE":194,"SMGR":210,"PATH":602,"POLYGON":604,"CIDR":650,"FLOAT4":700,"FLOAT8":701,"ABSTIME":702,"RELTIME":703,"TINTERVAL":704,"CIRCLE":718,"MACADDR8":774,"MONEY":790,"MACADDR":829,"INET":869,"ACLITEM":1033,"BPCHAR":1042,"VARCHAR":1043,"DATE":1082,"TIME":1083,"TIMESTAMP":1114,"TIMESTAMPTZ":1184,"INTERVAL":1186,"TIMETZ":1266,"BIT":1560,"VARBIT":1562,"NUMERIC":1700,"REFCURSOR":1790,"REGPROCEDURE":2202,"REGOPER":2203,"REGOPERATOR":2204,"REGCLASS":2205,"REGTYPE":2206,"UUID":2950,"TXID_SNAPSHOT":2970,"PG_LSN":3220,"PG_NDISTINCT":3361,"PG_DEPENDENCIES":3402,"TSVECTOR":3614,"TSQUERY":3615,"GTSVECTOR":3642,"REGCONFIG":3734,"REGDICTIONARY":3769,"JSONB":3802,"REGNAMESPACE":4089,"REGROLE":4096}},"text":{},"binary":{}},"_ending":true,"_ended":false,"_connecting":false,"_connected":true,"_connectionError":false,"_queryable":false,"enableChannelBinding":false,"connection":{"_events":{"end":[null,null,null]},"_eventsCount":23,"stream":{"connecting":false,"_hadError":false,"_parent":null,"_host":"aws-1-ap-northeast-2.pooler.supabase.com","_closeAfterHandlingError":false,"_events":{"end":[null,null]},"_readableState":{"highWaterMark":16384,"buffer":[],"bufferIndex":0,"length":0,"pipes":[],"awaitDrainWriters":null},"_writableState":{"highWaterMark":16384,"length":0,"corked":0,"writelen":0,"bufferedIndex":0,"pendingcb":0},"allowHalfOpen":false,"_eventsCount":4,"_sockname":null,"_pendingData":null,"_pendingEncoding":"","server":null,"_server":null,"autoSelectFamilyAttemptedAddresses":["15.164.188.235:6543"]},"_keepAlive":false,"_keepAliveInitialDelayMillis":0,"lastBuffer":false,"parsedStatements":{},"ssl":false,"_ending":true,"_emitMessage":false,"_connecting":true},"queryQueue":[],"binary":false,"processID":6155108,"secretKey":1867713514,"ssl":false,"_connectionTimeoutMillis":10000,"_connectionCallback":null,"connectionTimeoutHandle":{"_idleTimeout":-1,"_idlePrev":null,"_idleNext":null,"_idleStart":1190,"_onTimeout":null,"_repeat":null,"_destroyed":true},"saslSession":null,"activeQuery":null,"readyForQuery":true,"hasExecuted":true,"_poolUseCount":4}},"exception":true,"date":"Fri Dec 12 2025 02:40:06 GMT+0900 (대한민국 표준시)","process":{"pid":2600,"uid":null,"gid":null,"cwd":"C:\\Users\\win\\Downloads\\Global-Advertising-Platform-d9586aca12844d7c7dbe1a70fb43f4a241df4343\\backend","execPath":"C:\\Program Files\\nodejs\\node.exe","version":"v22.13.1","argv":["C:\\Program Files\\nodejs\\node.exe","C:\\Users\\win\\Downloads\\Global-Advertising-Platform-d9586aca12844d7c7dbe1a70fb43f4a241df4343\\backend\\server.js"],"memoryUsage":{"rss":120782848,"heapTotal":77426688,"heapUsed":47250576,"external":3813929,"arrayBuffers":107707}},"os":{"loadavg":[0,0,0],"uptime":477430.406},"trace":[{"column":98,"file":"C:\\Users\\win\\Downloads\\Global-Advertising-Platform-d9586aca12844d7c7dbe1a70fb43f4a241df4343\\backend\\node_modules\\pg-protocol\\dist\\parser.js","function":"Parser.parseErrorMessage","line":285,"method":"parseErrorMessage","native":false},{"column":29,"file":"C:\\Users\\win\\Downloads\\Global-Advertising-Platform-d9586aca12844d7c7dbe1a70fb43f4a241df4343\\backend\\node_modules\\pg-protocol\\dist\\parser.js","function":"Parser.handlePacket","line":122,"method":"handlePacket","native":false},{"column":38,"file":"C:\\Users\\win\\Downloads\\Global-Advertising-Platform-d9586aca12844d7c7dbe1a70fb43f4a241df4343\\backend\\node_modules\\pg-protocol\\dist\\parser.js","function":"Parser.parse","line":35,"method":"parse","native":false},{"column":42,"file":"C:\\Users\\win\\Downloads\\Global-Advertising-Platform-d9586aca12844d7c7dbe1a70fb43f4a241df4343\\backend\\node_modules\\pg-protocol\\dist\\index.js","function":null,"line":11,"method":null,"native":false},{"column":28,"file":"node:events","function":"Socket.emit","line":524,"method":"emit","native":false},{"column":12,"file":"node:domain","function":"Socket.emit","line":489,"method":"emit","native":false},{"column":12,"file":"node:internal/streams/readable","function":"addChunk","line":561,"method":null,"native":false},{"column":3,"file":"node:internal/streams/readable","function":"readableAddChunkPushByteMode","line":512,"method":null,"native":false},{"column":5,"file":"node:internal/streams/readable","function":"Readable.push","line":392,"method":"push","native":false},{"column":23,"file":"node:internal/stream_base_commons","function":"TCP.onStreamRead","line":189,"method":"onStreamRead","native":false}]}
2025-12-12 11:01:47 [error]: uncaughtException: DbHandler exited. Check logs for more information.
error: DbHandler exited. Check logs for more information.
    at Parser.parseErrorMessage (C:\Users\win\Downloads\Global-Advertising-Platform-d9586aca12844d7c7dbe1a70fb43f4a241df4343\backend\node_modules\pg-protocol\dist\parser.js:285:98)
    at Parser.handlePacket (C:\Users\win\Downloads\Global-Advertising-Platform-d9586aca12844d7c7dbe1a70fb43f4a241df4343\backend\node_modules\pg-protocol\dist\parser.js:122:29)
    at Parser.parse (C:\Users\win\Downloads\Global-Advertising-Platform-d9586aca12844d7c7dbe1a70fb43f4a241df4343\backend\node_modules\pg-protocol\dist\parser.js:35:38)
    at Socket.<anonymous> (C:\Users\win\Downloads\Global-Advertising-Platform-d9586aca12844d7c7dbe1a70fb43f4a241df4343\backend\node_modules\pg-protocol\dist\index.js:11:42)
    at Socket.emit (node:events:524:28)
    at Socket.emit (node:domain:489:12)
    at addChunk (node:internal/streams/readable:561:12)
    at readableAddChunkPushByteMode (node:internal/streams/readable:512:3)
    at Readable.push (node:internal/streams/readable:392:5)
    at TCP.onStreamRead (node:internal/stream_base_commons:189:23)
error: DbHandler exited. Check logs for more information.
    at Parser.parseErrorMessage (C:\Users\win\Downloads\Global-Advertising-Platform-d9586aca12844d7c7dbe1a70fb43f4a241df4343\backend\node_modules\pg-protocol\dist\parser.js:285:98)
    at Parser.handlePacket (C:\Users\win\Downloads\Global-Advertising-Platform-d9586aca12844d7c7dbe1a70fb43f4a241df4343\backend\node_modules\pg-protocol\dist\parser.js:122:29)
    at Parser.parse (C:\Users\win\Downloads\Global-Advertising-Platform-d9586aca12844d7c7dbe1a70fb43f4a241df4343\backend\node_modules\pg-protocol\dist\parser.js:35:38)
    at Socket.<anonymous> (C:\Users\win\Downloads\Global-Advertising-Platform-d9586aca12844d7c7dbe1a70fb43f4a241df4343\backend\node_modules\pg-protocol\dist\index.js:11:42)
    at Socket.emit (node:events:524:28)
    at Socket.emit (node:domain:489:12)
    at addChunk (node:internal/streams/readable:561:12)
    at readableAddChunkPushByteMode (node:internal/streams/readable:512:3)
    at Readable.push (node:internal/streams/readable:392:5)
    at TCP.onStreamRead (node:internal/stream_base_commons:189:23) {"error":{"length":78,"name":"error","severity":"FATAL","code":"XX000","client":{"_events":{},"_eventsCount":1,"connectionParameters":{"user":"postgres.pghdbiemlcjpnhxzfatk","database":"postgres","port":6543,"host":"aws-1-ap-northeast-2.pooler.supabase.com","binary":false,"ssl":false,"client_encoding":"","isDomainSocket":false,"statement_timeout":false,"lock_timeout":false,"idle_in_transaction_session_timeout":false,"query_timeout":false,"connect_timeout":10},"user":"postgres.pghdbiemlcjpnhxzfatk","database":"postgres","port":6543,"host":"aws-1-ap-northeast-2.pooler.supabase.com","_types":{"_types":{"arrayParser":{},"builtins":{"BOOL":16,"BYTEA":17,"CHAR":18,"INT8":20,"INT2":21,"INT4":23,"REGPROC":24,"TEXT":25,"OID":26,"TID":27,"XID":28,"CID":29,"JSON":114,"XML":142,"PG_NODE_TREE":194,"SMGR":210,"PATH":602,"POLYGON":604,"CIDR":650,"FLOAT4":700,"FLOAT8":701,"ABSTIME":702,"RELTIME":703,"TINTERVAL":704,"CIRCLE":718,"MACADDR8":774,"MONEY":790,"MACADDR":829,"INET":869,"ACLITEM":1033,"BPCHAR":1042,"VARCHAR":1043,"DATE":1082,"TIME":1083,"TIMESTAMP":1114,"TIMESTAMPTZ":1184,"INTERVAL":1186,"TIMETZ":1266,"BIT":1560,"VARBIT":1562,"NUMERIC":1700,"REFCURSOR":1790,"REGPROCEDURE":2202,"REGOPER":2203,"REGOPERATOR":2204,"REGCLASS":2205,"REGTYPE":2206,"UUID":2950,"TXID_SNAPSHOT":2970,"PG_LSN":3220,"PG_NDISTINCT":3361,"PG_DEPENDENCIES":3402,"TSVECTOR":3614,"TSQUERY":3615,"GTSVECTOR":3642,"REGCONFIG":3734,"REGDICTIONARY":3769,"JSONB":3802,"REGNAMESPACE":4089,"REGROLE":4096}},"text":{},"binary":{}},"_ending":true,"_ended":false,"_connecting":false,"_connected":true,"_connectionError":false,"_queryable":false,"enableChannelBinding":false,"connection":{"_events":{"end":[null,null,null]},"_eventsCount":23,"stream":{"connecting":false,"_hadError":false,"_parent":null,"_host":"aws-1-ap-northeast-2.pooler.supabase.com","_closeAfterHandlingError":false,"_events":{"end":[null,null]},"_readableState":{"highWaterMark":16384,"buffer":[],"bufferIndex":0,"length":0,"pipes":[],"awaitDrainWriters":null},"_writableState":{"highWaterMark":16384,"length":0,"corked":0,"writelen":0,"bufferedIndex":0,"pendingcb":0},"allowHalfOpen":false,"_eventsCount":4,"_sockname":null,"_pendingData":null,"_pendingEncoding":"","server":null,"_server":null,"autoSelectFamilyAttemptedAddresses":["15.164.188.235:6543"]},"_keepAlive":false,"_keepAliveInitialDelayMillis":0,"lastBuffer":false,"parsedStatements":{},"ssl":false,"_ending":true,"_emitMessage":false,"_connecting":true},"queryQueue":[],"binary":false,"processID":6463210,"secretKey":-1816232156,"ssl":false,"_connectionTimeoutMillis":10000,"_connectionCallback":null,"connectionTimeoutHandle":{"_idleTimeout":-1,"_idlePrev":null,"_idleNext":null,"_idleStart":1378,"_onTimeout":null,"_repeat":null,"_destroyed":true},"saslSession":null,"activeQuery":null,"readyForQuery":true,"hasExecuted":true,"_poolUseCount":1}},"exception":true,"date":"Fri Dec 12 2025 11:01:47 GMT+0900 (대한민국 표준시)","process":{"pid":9932,"uid":null,"gid":null,"cwd":"C:\\Users\\win\\Downloads\\Global-Advertising-Platform-d9586aca12844d7c7dbe1a70fb43f4a241df4343\\backend","execPath":"C:\\Program Files\\nodejs\\node.exe","version":"v22.13.1","argv":["C:\\Program Files\\nodejs\\node.exe","C:\\Users\\win\\Downloads\\Global-Advertising-Platform-d9586aca12844d7c7dbe1a70fb43f4a241df4343\\backend\\server.js"],"memoryUsage":{"rss":66109440,"heapTotal":24858624,"heapUsed":22324928,"external":3782376,"arrayBuffers":66022}},"os":{"loadavg":[0,0,0],"uptime":507531.234},"trace":[{"column":98,"file":"C:\\Users\\win\\Downloads\\Global-Advertising-Platform-d9586aca12844d7c7dbe1a70fb43f4a241df4343\\backend\\node_modules\\pg-protocol\\dist\\parser.js","function":"Parser.parseErrorMessage","line":285,"method":"parseErrorMessage","native":false},{"column":29,"file":"C:\\Users\\win\\Downloads\\Global-Advertising-Platform-d9586aca12844d7c7dbe1a70fb43f4a241df4343\\backend\\node_modules\\pg-protocol\\dist\\parser.js","function":"Parser.handlePacket","line":122,"method":"handlePacket","native":false},{"column":38,"file":"C:\\Users\\win\\Downloads\\Global-Advertising-Platform-d9586aca12844d7c7dbe1a70fb43f4a241df4343\\backend\\node_modules\\pg-protocol\\dist\\parser.js","function":"Parser.parse","line":35,"method":"parse","native":false},{"column":42,"file":"C:\\Users\\win\\Downloads\\Global-Advertising-Platform-d9586aca12844d7c7dbe1a70fb43f4a241df4343\\backend\\node_modules\\pg-protocol\\dist\\index.js","function":null,"line":11,"method":null,"native":false},{"column":28,"file":"node:events","function":"Socket.emit","line":524,"method":"emit","native":false},{"column":12,"file":"node:domain","function":"Socket.emit","line":489,"method":"emit","native":false},{"column":12,"file":"node:internal/streams/readable","function":"addChunk","line":561,"method":null,"native":false},{"column":3,"file":"node:internal/streams/readable","function":"readableAddChunkPushByteMode","line":512,"method":null,"native":false},{"column":5,"file":"node:internal/streams/readable","function":"Readable.push","line":392,"method":"push","native":false},{"column":23,"file":"node:internal/stream_base_commons","function":"TCP.onStreamRead","line":189,"method":"onStreamRead","native":false}]}
2025-12-12 11:27:30 [error]: uncaughtException: DbHandler exited. Check logs for more information.
error: DbHandler exited. Check logs for more information.
    at Parser.parseErrorMessage (C:\Users\win\Downloads\Global-Advertising-Platform-d9586aca12844d7c7dbe1a70fb43f4a241df4343\backend\node_modules\pg-protocol\dist\parser.js:285:98)
    at Parser.handlePacket (C:\Users\win\Downloads\Global-Advertising-Platform-d9586aca12844d7c7dbe1a70fb43f4a241df4343\backend\node_modules\pg-protocol\dist\parser.js:122:29)
    at Parser.parse (C:\Users\win\Downloads\Global-Advertising-Platform-d9586aca12844d7c7dbe1a70fb43f4a241df4343\backend\node_modules\pg-protocol\dist\parser.js:35:38)
    at Socket.<anonymous> (C:\Users\win\Downloads\Global-Advertising-Platform-d9586aca12844d7c7dbe1a70fb43f4a241df4343\backend\node_modules\pg-protocol\dist\index.js:11:42)
    at Socket.emit (node:events:524:28)
    at Socket.emit (node:domain:489:12)
    at addChunk (node:internal/streams/readable:561:12)
    at readableAddChunkPushByteMode (node:internal/streams/readable:512:3)
    at Readable.push (node:internal/streams/readable:392:5)
    at TCP.onStreamRead (node:internal/stream_base_commons:189:23)
error: DbHandler exited. Check logs for more information.
    at Parser.parseErrorMessage (C:\Users\win\Downloads\Global-Advertising-Platform-d9586aca12844d7c7dbe1a70fb43f4a241df4343\backend\node_modules\pg-protocol\dist\parser.js:285:98)
    at Parser.handlePacket (C:\Users\win\Downloads\Global-Advertising-Platform-d9586aca12844d7c7dbe1a70fb43f4a241df4343\backend\node_modules\pg-protocol\dist\parser.js:122:29)
    at Parser.parse (C:\Users\win\Downloads\Global-Advertising-Platform-d9586aca12844d7c7dbe1a70fb43f4a241df4343\backend\node_modules\pg-protocol\dist\parser.js:35:38)
    at Socket.<anonymous> (C:\Users\win\Downloads\Global-Advertising-Platform-d9586aca12844d7c7dbe1a70fb43f4a241df4343\backend\node_modules\pg-protocol\dist\index.js:11:42)
    at Socket.emit (node:events:524:28)
    at Socket.emit (node:domain:489:12)
    at addChunk (node:internal/streams/readable:561:12)
    at readableAddChunkPushByteMode (node:internal/streams/readable:512:3)
    at Readable.push (node:internal/streams/readable:392:5)
    at TCP.onStreamRead (node:internal/stream_base_commons:189:23) {"error":{"length":78,"name":"error","severity":"FATAL","code":"XX000","client":{"_events":{},"_eventsCount":1,"connectionParameters":{"user":"postgres.pghdbiemlcjpnhxzfatk","database":"postgres","port":6543,"host":"aws-1-ap-northeast-2.pooler.supabase.com","binary":false,"ssl":false,"client_encoding":"","isDomainSocket":false,"statement_timeout":false,"lock_timeout":false,"idle_in_transaction_session_timeout":false,"query_timeout":false,"connect_timeout":10},"user":"postgres.pghdbiemlcjpnhxzfatk","database":"postgres","port":6543,"host":"aws-1-ap-northeast-2.pooler.supabase.com","_types":{"_types":{"arrayParser":{},"builtins":{"BOOL":16,"BYTEA":17,"CHAR":18,"INT8":20,"INT2":21,"INT4":23,"REGPROC":24,"TEXT":25,"OID":26,"TID":27,"XID":28,"CID":29,"JSON":114,"XML":142,"PG_NODE_TREE":194,"SMGR":210,"PATH":602,"POLYGON":604,"CIDR":650,"FLOAT4":700,"FLOAT8":701,"ABSTIME":702,"RELTIME":703,"TINTERVAL":704,"CIRCLE":718,"MACADDR8":774,"MONEY":790,"MACADDR":829,"INET":869,"ACLITEM":1033,"BPCHAR":1042,"VARCHAR":1043,"DATE":1082,"TIME":1083,"TIMESTAMP":1114,"TIMESTAMPTZ":1184,"INTERVAL":1186,"TIMETZ":1266,"BIT":1560,"VARBIT":1562,"NUMERIC":1700,"REFCURSOR":1790,"REGPROCEDURE":2202,"REGOPER":2203,"REGOPERATOR":2204,"REGCLASS":2205,"REGTYPE":2206,"UUID":2950,"TXID_SNAPSHOT":2970,"PG_LSN":3220,"PG_NDISTINCT":3361,"PG_DEPENDENCIES":3402,"TSVECTOR":3614,"TSQUERY":3615,"GTSVECTOR":3642,"REGCONFIG":3734,"REGDICTIONARY":3769,"JSONB":3802,"REGNAMESPACE":4089,"REGROLE":4096}},"text":{},"binary":{}},"_ending":true,"_ended":false,"_connecting":false,"_connected":true,"_connectionError":false,"_queryable":false,"enableChannelBinding":false,"connection":{"_events":{"end":[null,null,null]},"_eventsCount":23,"stream":{"connecting":false,"_hadError":false,"_parent":null,"_host":"aws-1-ap-northeast-2.pooler.supabase.com","_closeAfterHandlingError":false,"_events":{"end":[null,null]},"_readableState":{"highWaterMark":16384,"buffer":[],"bufferIndex":0,"length":0,"pipes":[],"awaitDrainWriters":null},"_writableState":{"highWaterMark":16384,"length":0,"corked":0,"writelen":0,"bufferedIndex":0,"pendingcb":0},"allowHalfOpen":false,"_eventsCount":4,"_sockname":null,"_pendingData":null,"_pendingEncoding":"","server":null,"_server":null,"autoSelectFamilyAttemptedAddresses":["15.164.188.235:6543"]},"_keepAlive":false,"_keepAliveInitialDelayMillis":0,"lastBuffer":false,"parsedStatements":{},"ssl":false,"_ending":true,"_emitMessage":false,"_connecting":true},"queryQueue":[],"binary":false,"processID":6483041,"secretKey":-1434253874,"ssl":false,"_connectionTimeoutMillis":10000,"_connectionCallback":null,"connectionTimeoutHandle":{"_idleTimeout":-1,"_idlePrev":null,"_idleNext":null,"_idleStart":7230,"_onTimeout":null,"_repeat":null,"_destroyed":true},"saslSession":null,"activeQuery":null,"readyForQuery":true,"hasExecuted":true,"_poolUseCount":4}},"exception":true,"date":"Fri Dec 12 2025 11:27:30 GMT+0900 (대한민국 표준시)","process":{"pid":25020,"uid":null,"gid":null,"cwd":"C:\\Users\\win\\Downloads\\Global-Advertising-Platform-d9586aca12844d7c7dbe1a70fb43f4a241df4343\\backend","execPath":"C:\\Program Files\\nodejs\\node.exe","version":"v22.13.1","argv":["C:\\Program Files\\nodejs\\node.exe","C:\\Users\\win\\Downloads\\Global-Advertising-Platform-d9586aca12844d7c7dbe1a70fb43f4a241df4343\\backend\\server.js"],"memoryUsage":{"rss":122585088,"heapTotal":77950976,"heapUsed":49052264,"external":3846476,"arrayBuffers":136480}},"os":{"loadavg":[0,0,0],"uptime":509074.625},"trace":[{"column":98,"file":"C:\\Users\\win\\Downloads\\Global-Advertising-Platform-d9586aca12844d7c7dbe1a70fb43f4a241df4343\\backend\\node_modules\\pg-protocol\\dist\\parser.js","function":"Parser.parseErrorMessage","line":285,"method":"parseErrorMessage","native":false},{"column":29,"file":"C:\\Users\\win\\Downloads\\Global-Advertising-Platform-d9586aca12844d7c7dbe1a70fb43f4a241df4343\\backend\\node_modules\\pg-protocol\\dist\\parser.js","function":"Parser.handlePacket","line":122,"method":"handlePacket","native":false},{"column":38,"file":"C:\\Users\\win\\Downloads\\Global-Advertising-Platform-d9586aca12844d7c7dbe1a70fb43f4a241df4343\\backend\\node_modules\\pg-protocol\\dist\\parser.js","function":"Parser.parse","line":35,"method":"parse","native":false},{"column":42,"file":"C:\\Users\\win\\Downloads\\Global-Advertising-Platform-d9586aca12844d7c7dbe1a70fb43f4a241df4343\\backend\\node_modules\\pg-protocol\\dist\\index.js","function":null,"line":11,"method":null,"native":false},{"column":28,"file":"node:events","function":"Socket.emit","line":524,"method":"emit","native":false},{"column":12,"file":"node:domain","function":"Socket.emit","line":489,"method":"emit","native":false},{"column":12,"file":"node:internal/streams/readable","function":"addChunk","line":561,"method":null,"native":false},{"column":3,"file":"node:internal/streams/readable","function":"readableAddChunkPushByteMode","line":512,"method":null,"native":false},{"column":5,"file":"node:internal/streams/readable","function":"Readable.push","line":392,"method":"push","native":false},{"column":23,"file":"node:internal/stream_base_commons","function":"TCP.onStreamRead","line":189,"method":"onStreamRead","native":false}]}
2025-12-12 14:56:20 [error]: uncaughtException: DbHandler exited. Check logs for more information.
error: DbHandler exited. Check logs for more information.
    at Parser.parseErrorMessage (C:\Users\win\Downloads\Global-Advertising-Platform-d9586aca12844d7c7dbe1a70fb43f4a241df4343\backend\node_modules\pg-protocol\dist\parser.js:285:98)
    at Parser.handlePacket (C:\Users\win\Downloads\Global-Advertising-Platform-d9586aca12844d7c7dbe1a70fb43f4a241df4343\backend\node_modules\pg-protocol\dist\parser.js:122:29)
    at Parser.parse (C:\Users\win\Downloads\Global-Advertising-Platform-d9586aca12844d7c7dbe1a70fb43f4a241df4343\backend\node_modules\pg-protocol\dist\parser.js:35:38)
    at Socket.<anonymous> (C:\Users\win\Downloads\Global-Advertising-Platform-d9586aca12844d7c7dbe1a70fb43f4a241df4343\backend\node_modules\pg-protocol\dist\index.js:11:42)
    at Socket.emit (node:events:524:28)
    at Socket.emit (node:domain:489:12)
    at addChunk (node:internal/streams/readable:561:12)
    at readableAddChunkPushByteMode (node:internal/streams/readable:512:3)
    at Readable.push (node:internal/streams/readable:392:5)
    at TCP.onStreamRead (node:internal/stream_base_commons:189:23)
error: DbHandler exited. Check logs for more information.
    at Parser.parseErrorMessage (C:\Users\win\Downloads\Global-Advertising-Platform-d9586aca12844d7c7dbe1a70fb43f4a241df4343\backend\node_modules\pg-protocol\dist\parser.js:285:98)
    at Parser.handlePacket (C:\Users\win\Downloads\Global-Advertising-Platform-d9586aca12844d7c7dbe1a70fb43f4a241df4343\backend\node_modules\pg-protocol\dist\parser.js:122:29)
    at Parser.parse (C:\Users\win\Downloads\Global-Advertising-Platform-d9586aca12844d7c7dbe1a70fb43f4a241df4343\backend\node_modules\pg-protocol\dist\parser.js:35:38)
    at Socket.<anonymous> (C:\Users\win\Downloads\Global-Advertising-Platform-d9586aca12844d7c7dbe1a70fb43f4a241df4343\backend\node_modules\pg-protocol\dist\index.js:11:42)
    at Socket.emit (node:events:524:28)
    at Socket.emit (node:domain:489:12)
    at addChunk (node:internal/streams/readable:561:12)
    at readableAddChunkPushByteMode (node:internal/streams/readable:512:3)
    at Readable.push (node:internal/streams/readable:392:5)
    at TCP.onStreamRead (node:internal/stream_base_commons:189:23) {"error":{"length":78,"name":"error","severity":"FATAL","code":"XX000","client":{"_events":{},"_eventsCount":1,"connectionParameters":{"user":"postgres.pghdbiemlcjpnhxzfatk","database":"postgres","port":6543,"host":"aws-1-ap-northeast-2.pooler.supabase.com","binary":false,"ssl":false,"client_encoding":"","isDomainSocket":false,"statement_timeout":false,"lock_timeout":false,"idle_in_transaction_session_timeout":false,"query_timeout":false,"connect_timeout":10},"user":"postgres.pghdbiemlcjpnhxzfatk","database":"postgres","port":6543,"host":"aws-1-ap-northeast-2.pooler.supabase.com","_types":{"_types":{"arrayParser":{},"builtins":{"BOOL":16,"BYTEA":17,"CHAR":18,"INT8":20,"INT2":21,"INT4":23,"REGPROC":24,"TEXT":25,"OID":26,"TID":27,"XID":28,"CID":29,"JSON":114,"XML":142,"PG_NODE_TREE":194,"SMGR":210,"PATH":602,"POLYGON":604,"CIDR":650,"FLOAT4":700,"FLOAT8":701,"ABSTIME":702,"RELTIME":703,"TINTERVAL":704,"CIRCLE":718,"MACADDR8":774,"MONEY":790,"MACADDR":829,"INET":869,"ACLITEM":1033,"BPCHAR":1042,"VARCHAR":1043,"DATE":1082,"TIME":1083,"TIMESTAMP":1114,"TIMESTAMPTZ":1184,"INTERVAL":1186,"TIMETZ":1266,"BIT":1560,"VARBIT":1562,"NUMERIC":1700,"REFCURSOR":1790,"REGPROCEDURE":2202,"REGOPER":2203,"REGOPERATOR":2204,"REGCLASS":2205,"REGTYPE":2206,"UUID":2950,"TXID_SNAPSHOT":2970,"PG_LSN":3220,"PG_NDISTINCT":3361,"PG_DEPENDENCIES":3402,"TSVECTOR":3614,"TSQUERY":3615,"GTSVECTOR":3642,"REGCONFIG":3734,"REGDICTIONARY":3769,"JSONB":3802,"REGNAMESPACE":4089,"REGROLE":4096}},"text":{},"binary":{}},"_ending":true,"_ended":false,"_connecting":false,"_connected":true,"_connectionError":false,"_queryable":false,"enableChannelBinding":false,"connection":{"_events":{"end":[null,null,null]},"_eventsCount":23,"stream":{"connecting":false,"_hadError":false,"_parent":null,"_host":"aws-1-ap-northeast-2.pooler.supabase.com","_closeAfterHandlingError":false,"_events":{"end":[null,null]},"_readableState":{"highWaterMark":16384,"buffer":[],"bufferIndex":0,"length":0,"pipes":[],"awaitDrainWriters":null},"_writableState":{"highWaterMark":16384,"length":0,"corked":0,"writelen":0,"bufferedIndex":0,"pendingcb":0},"allowHalfOpen":false,"_eventsCount":4,"_sockname":null,"_pendingData":null,"_pendingEncoding":"","server":null,"_server":null,"autoSelectFamilyAttemptedAddresses":["15.164.188.235:6543"]},"_keepAlive":false,"_keepAliveInitialDelayMillis":0,"lastBuffer":false,"parsedStatements":{},"ssl":false,"_ending":true,"_emitMessage":false,"_connecting":true},"queryQueue":[],"binary":false,"processID":6660953,"secretKey":1474297778,"ssl":false,"_connectionTimeoutMillis":10000,"_connectionCallback":null,"connectionTimeoutHandle":{"_idleTimeout":-1,"_idlePrev":null,"_idleNext":null,"_idleStart":1100782,"_onTimeout":null,"_repeat":null,"_destroyed":true},"saslSession":null,"activeQuery":null,"readyForQuery":true,"hasExecuted":true,"_poolUseCount":1}},"exception":true,"date":"Fri Dec 12 2025 14:56:20 GMT+0900 (대한민국 표준시)","process":{"pid":30904,"uid":null,"gid":null,"cwd":"C:\\Users\\win\\Downloads\\Global-Advertising-Platform-d9586aca12844d7c7dbe1a70fb43f4a241df4343\\backend","execPath":"C:\\Program Files\\nodejs\\node.exe","version":"v22.13.1","argv":["C:\\Program Files\\nodejs\\node.exe","C:\\Users\\win\\Downloads\\Global-Advertising-Platform-d9586aca12844d7c7dbe1a70fb43f4a241df4343\\backend\\server.js"],"memoryUsage":{"rss":49225728,"heapTotal":26431488,"heapUsed":24387416,"external":3788874,"arrayBuffers":97302}},"os":{"loadavg":[0,0,0],"uptime":521604.625},"trace":[{"column":98,"file":"C:\\Users\\win\\Downloads\\Global-Advertising-Platform-d9586aca12844d7c7dbe1a70fb43f4a241df4343\\backend\\node_modules\\pg-protocol\\dist\\parser.js","function":"Parser.parseErrorMessage","line":285,"method":"parseErrorMessage","native":false},{"column":29,"file":"C:\\Users\\win\\Downloads\\Global-Advertising-Platform-d9586aca12844d7c7dbe1a70fb43f4a241df4343\\backend\\node_modules\\pg-protocol\\dist\\parser.js","function":"Parser.handlePacket","line":122,"method":"handlePacket","native":false},{"column":38,"file":"C:\\Users\\win\\Downloads\\Global-Advertising-Platform-d9586aca12844d7c7dbe1a70fb43f4a241df4343\\backend\\node_modules\\pg-protocol\\dist\\parser.js","function":"Parser.parse","line":35,"method":"parse","native":false},{"column":42,"file":"C:\\Users\\win\\Downloads\\Global-Advertising-Platform-d9586aca12844d7c7dbe1a70fb43f4a241df4343\\backend\\node_modules\\pg-protocol\\dist\\index.js","function":null,"line":11,"method":null,"native":false},{"column":28,"file":"node:events","function":"Socket.emit","line":524,"method":"emit","native":false},{"column":12,"file":"node:domain","function":"Socket.emit","line":489,"method":"emit","native":false},{"column":12,"file":"node:internal/streams/readable","function":"addChunk","line":561,"method":null,"native":false},{"column":3,"file":"node:internal/streams/readable","function":"readableAddChunkPushByteMode","line":512,"method":null,"native":false},{"column":5,"file":"node:internal/streams/readable","function":"Readable.push","line":392,"method":"push","native":false},{"column":23,"file":"node:internal/stream_base_commons","function":"TCP.onStreamRead","line":189,"method":"onStreamRead","native":false}]}
2025-12-16 19:30:40 [error]: uncaughtException: listen EADDRINUSE: address already in use 0.0.0.0:3000
Error: listen EADDRINUSE: address already in use 0.0.0.0:3000
    at Server.setupListenHandle [as _listen2] (node:net:1937:16)
    at listenInCluster (node:net:1994:12)
    at node:net:2203:7
    at process.processTicksAndRejections (node:internal/process/task_queues:90:21)
Error: listen EADDRINUSE: address already in use 0.0.0.0:3000
    at Server.setupListenHandle [as _listen2] (node:net:1937:16)
    at listenInCluster (node:net:1994:12)
    at node:net:2203:7
    at process.processTicksAndRejections (node:internal/process/task_queues:90:21) {"error":{"code":"EADDRINUSE","errno":-4091,"syscall":"listen","address":"0.0.0.0","port":3000},"exception":true,"date":"Tue Dec 16 2025 19:30:40 GMT+0900 (대한민국 표준시)","process":{"pid":16980,"uid":null,"gid":null,"cwd":"C:\\Users\\win\\Downloads\\Global-Advertising-Platform-d9586aca12844d7c7dbe1a70fb43f4a241df4343\\backend","execPath":"C:\\Program Files\\nodejs\\node.exe","version":"v22.13.1","argv":["C:\\Program Files\\nodejs\\node.exe","C:\\Users\\win\\Downloads\\Global-Advertising-Platform-d9586aca12844d7c7dbe1a70fb43f4a241df4343\\backend\\server.js"],"memoryUsage":{"rss":117592064,"heapTotal":72568832,"heapUsed":43325136,"external":4653910,"arrayBuffers":937364}},"os":{"loadavg":[0,0,0],"uptime":883665.031},"trace":[{"column":16,"file":"node:net","function":"Server.setupListenHandle [as _listen2]","line":1937,"method":"setupListenHandle [as _listen2]","native":false},{"column":12,"file":"node:net","function":"listenInCluster","line":1994,"method":null,"native":false},{"column":7,"file":"node:net","function":null,"line":2203,"method":null,"native":false},{"column":21,"file":"node:internal/process/task_queues","function":"process.processTicksAndRejections","line":90,"method":"processTicksAndRejections","native":false}]}
2025-12-16 19:30:42 [error]: uncaughtException: listen EADDRINUSE: address already in use 0.0.0.0:3000
Error: listen EADDRINUSE: address already in use 0.0.0.0:3000
    at Server.setupListenHandle [as _listen2] (node:net:1937:16)
    at listenInCluster (node:net:1994:12)
    at node:net:2203:7
    at process.processTicksAndRejections (node:internal/process/task_queues:90:21)
Error: listen EADDRINUSE: address already in use 0.0.0.0:3000
    at Server.setupListenHandle [as _listen2] (node:net:1937:16)
    at listenInCluster (node:net:1994:12)
    at node:net:2203:7
    at process.processTicksAndRejections (node:internal/process/task_queues:90:21) {"error":{"code":"EADDRINUSE","errno":-4091,"syscall":"listen","address":"0.0.0.0","port":3000},"exception":true,"date":"Tue Dec 16 2025 19:30:42 GMT+0900 (대한민국 표준시)","process":{"pid":26600,"uid":null,"gid":null,"cwd":"C:\\Users\\win\\Downloads\\Global-Advertising-Platform-d9586aca12844d7c7dbe1a70fb43f4a241df4343\\backend","execPath":"C:\\Program Files\\nodejs\\node.exe","version":"v22.13.1","argv":["C:\\Program Files\\nodejs\\node.exe","C:\\Users\\win\\Downloads\\Global-Advertising-Platform-d9586aca12844d7c7dbe1a70fb43f4a241df4343\\backend\\server.js"],"memoryUsage":{"rss":117522432,"heapTotal":72568832,"heapUsed":43501928,"external":4653910,"arrayBuffers":937364}},"os":{"loadavg":[0,0,0],"uptime":883666.312},"trace":[{"column":16,"file":"node:net","function":"Server.setupListenHandle [as _listen2]","line":1937,"method":"setupListenHandle [as _listen2]","native":false},{"column":12,"file":"node:net","function":"listenInCluster","line":1994,"method":null,"native":false},{"column":7,"file":"node:net","function":null,"line":2203,"method":null,"native":false},{"column":21,"file":"node:internal/process/task_queues","function":"process.processTicksAndRejections","line":90,"method":"processTicksAndRejections","native":false}]}
2025-12-16 19:31:11 [error]: uncaughtException: listen EADDRINUSE: address already in use 0.0.0.0:3000
Error: listen EADDRINUSE: address already in use 0.0.0.0:3000
    at Server.setupListenHandle [as _listen2] (node:net:1937:16)
    at listenInCluster (node:net:1994:12)
    at node:net:2203:7
    at process.processTicksAndRejections (node:internal/process/task_queues:90:21)
Error: listen EADDRINUSE: address already in use 0.0.0.0:3000
    at Server.setupListenHandle [as _listen2] (node:net:1937:16)
    at listenInCluster (node:net:1994:12)
    at node:net:2203:7
    at process.processTicksAndRejections (node:internal/process/task_queues:90:21) {"error":{"code":"EADDRINUSE","errno":-4091,"syscall":"listen","address":"0.0.0.0","port":3000},"exception":true,"date":"Tue Dec 16 2025 19:31:11 GMT+0900 (대한민국 표준시)","process":{"pid":10664,"uid":null,"gid":null,"cwd":"C:\\Users\\win\\Downloads\\Global-Advertising-Platform-d9586aca12844d7c7dbe1a70fb43f4a241df4343\\backend","execPath":"C:\\Program Files\\nodejs\\node.exe","version":"v22.13.1","argv":["C:\\Program Files\\nodejs\\node.exe","C:\\Users\\win\\Downloads\\Global-Advertising-Platform-d9586aca12844d7c7dbe1a70fb43f4a241df4343\\backend\\server.js"],"memoryUsage":{"rss":117624832,"heapTotal":72568832,"heapUsed":43438232,"external":4653910,"arrayBuffers":937364}},"os":{"loadavg":[0,0,0],"uptime":883695.375},"trace":[{"column":16,"file":"node:net","function":"Server.setupListenHandle [as _listen2]","line":1937,"method":"setupListenHandle [as _listen2]","native":false},{"column":12,"file":"node:net","function":"listenInCluster","line":1994,"method":null,"native":false},{"column":7,"file":"node:net","function":null,"line":2203,"method":null,"native":false},{"column":21,"file":"node:internal/process/task_queues","function":"process.processTicksAndRejections","line":90,"method":"processTicksAndRejections","native":false}]}
2025-12-24 22:59:36 [error]: uncaughtException: listen EADDRINUSE: address already in use 0.0.0.0:3000
Error: listen EADDRINUSE: address already in use 0.0.0.0:3000
    at Server.setupListenHandle [as _listen2] (node:net:1937:16)
    at listenInCluster (node:net:1994:12)
    at node:net:2203:7
    at process.processTicksAndRejections (node:internal/process/task_queues:90:21)
Error: listen EADDRINUSE: address already in use 0.0.0.0:3000
    at Server.setupListenHandle [as _listen2] (node:net:1937:16)
    at listenInCluster (node:net:1994:12)
    at node:net:2203:7
    at process.processTicksAndRejections (node:internal/process/task_queues:90:21) {"error":{"code":"EADDRINUSE","errno":-4091,"syscall":"listen","address":"0.0.0.0","port":3000},"exception":true,"date":"Wed Dec 24 2025 22:59:36 GMT+0900 (대한민국 표준시)","process":{"pid":36640,"uid":null,"gid":null,"cwd":"C:\\Users\\win\\Downloads\\Global-Advertising-Platform-d9586aca12844d7c7dbe1a70fb43f4a241df4343\\backend","execPath":"C:\\Program Files\\nodejs\\node.exe","version":"v22.13.1","argv":["C:\\Program Files\\nodejs\\node.exe","C:\\Users\\win\\Downloads\\Global-Advertising-Platform-d9586aca12844d7c7dbe1a70fb43f4a241df4343\\backend\\server.js"],"memoryUsage":{"rss":111685632,"heapTotal":70610944,"heapUsed":44399424,"external":4628696,"arrayBuffers":937188}},"os":{"loadavg":[0,0,0],"uptime":1587400.14},"trace":[{"column":16,"file":"node:net","function":"Server.setupListenHandle [as _listen2]","line":1937,"method":"setupListenHandle [as _listen2]","native":false},{"column":12,"file":"node:net","function":"listenInCluster","line":1994,"method":null,"native":false},{"column":7,"file":"node:net","function":null,"line":2203,"method":null,"native":false},{"column":21,"file":"node:internal/process/task_queues","function":"process.processTicksAndRejections","line":90,"method":"processTicksAndRejections","native":false}]}
2025-12-24 23:03:05 [error]: uncaughtException: listen EADDRINUSE: address already in use 0.0.0.0:3000
Error: listen EADDRINUSE: address already in use 0.0.0.0:3000
    at Server.setupListenHandle [as _listen2] (node:net:1937:16)
    at listenInCluster (node:net:1994:12)
    at node:net:2203:7
    at process.processTicksAndRejections (node:internal/process/task_queues:90:21)
Error: listen EADDRINUSE: address already in use 0.0.0.0:3000
    at Server.setupListenHandle [as _listen2] (node:net:1937:16)
    at listenInCluster (node:net:1994:12)
    at node:net:2203:7
    at process.processTicksAndRejections (node:internal/process/task_queues:90:21) {"error":{"code":"EADDRINUSE","errno":-4091,"syscall":"listen","address":"0.0.0.0","port":3000},"exception":true,"date":"Wed Dec 24 2025 23:03:05 GMT+0900 (대한민국 표준시)","process":{"pid":20444,"uid":null,"gid":null,"cwd":"C:\\Users\\win\\Downloads\\Global-Advertising-Platform-d9586aca12844d7c7dbe1a70fb43f4a241df4343\\backend","execPath":"C:\\Program Files\\nodejs\\node.exe","version":"v22.13.1","argv":["C:\\Program Files\\nodejs\\node.exe","C:\\Users\\win\\Downloads\\Global-Advertising-Platform-d9586aca12844d7c7dbe1a70fb43f4a241df4343\\backend\\server.js"],"memoryUsage":{"rss":113729536,"heapTotal":72708096,"heapUsed":42531128,"external":4628696,"arrayBuffers":937188}},"os":{"loadavg":[0,0,0],"uptime":1587609.218},"trace":[{"column":16,"file":"node:net","function":"Server.setupListenHandle [as _listen2]","line":1937,"method":"setupListenHandle [as _listen2]","native":false},{"column":12,"file":"node:net","function":"listenInCluster","line":1994,"method":null,"native":false},{"column":7,"file":"node:net","function":null,"line":2203,"method":null,"native":false},{"column":21,"file":"node:internal/process/task_queues","function":"process.processTicksAndRejections","line":90,"method":"processTicksAndRejections","native":false}]}
2025-12-24 23:28:14 [error]: uncaughtException: listen EADDRINUSE: address already in use 0.0.0.0:3000
Error: listen EADDRINUSE: address already in use 0.0.0.0:3000
    at Server.setupListenHandle [as _listen2] (node:net:1937:16)
    at listenInCluster (node:net:1994:12)
    at node:net:2203:7
    at process.processTicksAndRejections (node:internal/process/task_queues:90:21)
Error: listen EADDRINUSE: address already in use 0.0.0.0:3000
    at Server.setupListenHandle [as _listen2] (node:net:1937:16)
    at listenInCluster (node:net:1994:12)
    at node:net:2203:7
    at process.processTicksAndRejections (node:internal/process/task_queues:90:21) {"error":{"code":"EADDRINUSE","errno":-4091,"syscall":"listen","address":"0.0.0.0","port":3000},"exception":true,"date":"Wed Dec 24 2025 23:28:14 GMT+0900 (대한민국 표준시)","process":{"pid":32996,"uid":null,"gid":null,"cwd":"C:\\Users\\win\\Downloads\\Global-Advertising-Platform-d9586aca12844d7c7dbe1a70fb43f4a241df4343\\backend","execPath":"C:\\Program Files\\nodejs\\node.exe","version":"v22.13.1","argv":["C:\\Program Files\\nodejs\\node.exe","C:\\Users\\win\\Downloads\\Global-Advertising-Platform-d9586aca12844d7c7dbe1a70fb43f4a241df4343\\backend\\server.js"],"memoryUsage":{"rss":112594944,"heapTotal":72708096,"heapUsed":42914360,"external":4628696,"arrayBuffers":937188}},"os":{"loadavg":[0,0,0],"uptime":1589118.359},"trace":[{"column":16,"file":"node:net","function":"Server.setupListenHandle [as _listen2]","line":1937,"method":"setupListenHandle [as _listen2]","native":false},{"column":12,"file":"node:net","function":"listenInCluster","line":1994,"method":null,"native":false},{"column":7,"file":"node:net","function":null,"line":2203,"method":null,"native":false},{"column":21,"file":"node:internal/process/task_queues","function":"process.processTicksAndRejections","line":90,"method":"processTicksAndRejections","native":false}]}
2025-12-25 01:18:56 [error]: uncaughtException: listen EADDRINUSE: address already in use 0.0.0.0:3000
Error: listen EADDRINUSE: address already in use 0.0.0.0:3000
    at Server.setupListenHandle [as _listen2] (node:net:1937:16)
    at listenInCluster (node:net:1994:12)
    at node:net:2203:7
    at process.processTicksAndRejections (node:internal/process/task_queues:90:21)
Error: listen EADDRINUSE: address already in use 0.0.0.0:3000
    at Server.setupListenHandle [as _listen2] (node:net:1937:16)
    at listenInCluster (node:net:1994:12)
    at node:net:2203:7
    at process.processTicksAndRejections (node:internal/process/task_queues:90:21) {"error":{"code":"EADDRINUSE","errno":-4091,"syscall":"listen","address":"0.0.0.0","port":3000},"exception":true,"date":"Thu Dec 25 2025 01:18:56 GMT+0900 (대한민국 표준시)","process":{"pid":27924,"uid":null,"gid":null,"cwd":"C:\\Users\\win\\Downloads\\Global-Advertising-Platform-d9586aca12844d7c7dbe1a70fb43f4a241df4343\\backend","execPath":"C:\\Program Files\\nodejs\\node.exe","version":"v22.13.1","argv":["C:\\Program Files\\nodejs\\node.exe","C:\\Users\\win\\Downloads\\Global-Advertising-Platform-d9586aca12844d7c7dbe1a70fb43f4a241df4343\\backend\\server.js"],"memoryUsage":{"rss":113451008,"heapTotal":72970240,"heapUsed":42238384,"external":4628548,"arrayBuffers":937040}},"os":{"loadavg":[0,0,0],"uptime":1595761.015},"trace":[{"column":16,"file":"node:net","function":"Server.setupListenHandle [as _listen2]","line":1937,"method":"setupListenHandle [as _listen2]","native":false},{"column":12,"file":"node:net","function":"listenInCluster","line":1994,"method":null,"native":false},{"column":7,"file":"node:net","function":null,"line":2203,"method":null,"native":false},{"column":21,"file":"node:internal/process/task_queues","function":"process.processTicksAndRejections","line":90,"method":"processTicksAndRejections","native":false}]}
2025-12-25 01:29:42 [error]: uncaughtException: listen EADDRINUSE: address already in use 0.0.0.0:3000
Error: listen EADDRINUSE: address already in use 0.0.0.0:3000
    at Server.setupListenHandle [as _listen2] (node:net:1937:16)
    at listenInCluster (node:net:1994:12)
    at node:net:2203:7
    at process.processTicksAndRejections (node:internal/process/task_queues:90:21)
Error: listen EADDRINUSE: address already in use 0.0.0.0:3000
    at Server.setupListenHandle [as _listen2] (node:net:1937:16)
    at listenInCluster (node:net:1994:12)
    at node:net:2203:7
    at process.processTicksAndRejections (node:internal/process/task_queues:90:21) {"error":{"code":"EADDRINUSE","errno":-4091,"syscall":"listen","address":"0.0.0.0","port":3000},"exception":true,"date":"Thu Dec 25 2025 01:29:42 GMT+0900 (대한민국 표준시)","process":{"pid":11516,"uid":null,"gid":null,"cwd":"C:\\Users\\win\\Downloads\\Global-Advertising-Platform-d9586aca12844d7c7dbe1a70fb43f4a241df4343\\backend","execPath":"C:\\Program Files\\nodejs\\node.exe","version":"v22.13.1","argv":["C:\\Program Files\\nodejs\\node.exe","C:\\Users\\win\\Downloads\\Global-Advertising-Platform-d9586aca12844d7c7dbe1a70fb43f4a241df4343\\backend\\server.js"],"memoryUsage":{"rss":112873472,"heapTotal":72708096,"heapUsed":41442624,"external":4628548,"arrayBuffers":937040}},"os":{"loadavg":[0,0,0],"uptime":1596406.484},"trace":[{"column":16,"file":"node:net","function":"Server.setupListenHandle [as _listen2]","line":1937,"method":"setupListenHandle [as _listen2]","native":false},{"column":12,"file":"node:net","function":"listenInCluster","line":1994,"method":null,"native":false},{"column":7,"file":"node:net","function":null,"line":2203,"method":null,"native":false},{"column":21,"file":"node:internal/process/task_queues","function":"process.processTicksAndRejections","line":90,"method":"processTicksAndRejections","native":false}]}
2025-12-25 01:36:05 [error]: uncaughtException: listen EADDRINUSE: address already in use 0.0.0.0:3000
Error: listen EADDRINUSE: address already in use 0.0.0.0:3000
    at Server.setupListenHandle [as _listen2] (node:net:1937:16)
    at listenInCluster (node:net:1994:12)
    at node:net:2203:7
    at process.processTicksAndRejections (node:internal/process/task_queues:90:21)
Error: listen EADDRINUSE: address already in use 0.0.0.0:3000
    at Server.setupListenHandle [as _listen2] (node:net:1937:16)
    at listenInCluster (node:net:1994:12)
    at node:net:2203:7
    at process.processTicksAndRejections (node:internal/process/task_queues:90:21) {"error":{"code":"EADDRINUSE","errno":-4091,"syscall":"listen","address":"0.0.0.0","port":3000},"exception":true,"date":"Thu Dec 25 2025 01:36:05 GMT+0900 (대한민국 표준시)","process":{"pid":32416,"uid":null,"gid":null,"cwd":"C:\\Users\\win\\Downloads\\Global-Advertising-Platform-d9586aca12844d7c7dbe1a70fb43f4a241df4343\\backend","execPath":"C:\\Program Files\\nodejs\\node.exe","version":"v22.13.1","argv":["C:\\Program Files\\nodejs\\node.exe","C:\\Users\\win\\Downloads\\Global-Advertising-Platform-d9586aca12844d7c7dbe1a70fb43f4a241df4343\\backend\\server.js"],"memoryUsage":{"rss":112873472,"heapTotal":72445952,"heapUsed":42349808,"external":4628696,"arrayBuffers":937188}},"os":{"loadavg":[0,0,0],"uptime":1596789.296},"trace":[{"column":16,"file":"node:net","function":"Server.setupListenHandle [as _listen2]","line":1937,"method":"setupListenHandle [as _listen2]","native":false},{"column":12,"file":"node:net","function":"listenInCluster","line":1994,"method":null,"native":false},{"column":7,"file":"node:net","function":null,"line":2203,"method":null,"native":false},{"column":21,"file":"node:internal/process/task_queues","function":"process.processTicksAndRejections","line":90,"method":"processTicksAndRejections","native":false}]}
2025-12-25 01:58:33 [error]: uncaughtException: listen EADDRINUSE: address already in use 0.0.0.0:3000
Error: listen EADDRINUSE: address already in use 0.0.0.0:3000
    at Server.setupListenHandle [as _listen2] (node:net:1937:16)
    at listenInCluster (node:net:1994:12)
    at node:net:2203:7
    at process.processTicksAndRejections (node:internal/process/task_queues:90:21)
Error: listen EADDRINUSE: address already in use 0.0.0.0:3000
    at Server.setupListenHandle [as _listen2] (node:net:1937:16)
    at listenInCluster (node:net:1994:12)
    at node:net:2203:7
    at process.processTicksAndRejections (node:internal/process/task_queues:90:21) {"error":{"code":"EADDRINUSE","errno":-4091,"syscall":"listen","address":"0.0.0.0","port":3000},"exception":true,"date":"Thu Dec 25 2025 01:58:33 GMT+0900 (대한민국 표준시)","process":{"pid":37684,"uid":null,"gid":null,"cwd":"C:\\Users\\win\\Downloads\\Global-Advertising-Platform-d9586aca12844d7c7dbe1a70fb43f4a241df4343\\backend","execPath":"C:\\Program Files\\nodejs\\node.exe","version":"v22.13.1","argv":["C:\\Program Files\\nodejs\\node.exe","C:\\Users\\win\\Downloads\\Global-Advertising-Platform-d9586aca12844d7c7dbe1a70fb43f4a241df4343\\backend\\server.js"],"memoryUsage":{"rss":114655232,"heapTotal":72445952,"heapUsed":42655376,"external":4628696,"arrayBuffers":937188}},"os":{"loadavg":[0,0,0],"uptime":1598137.671},"trace":[{"column":16,"file":"node:net","function":"Server.setupListenHandle [as _listen2]","line":1937,"method":"setupListenHandle [as _listen2]","native":false},{"column":12,"file":"node:net","function":"listenInCluster","line":1994,"method":null,"native":false},{"column":7,"file":"node:net","function":null,"line":2203,"method":null,"native":false},{"column":21,"file":"node:internal/process/task_queues","function":"process.processTicksAndRejections","line":90,"method":"processTicksAndRejections","native":false}]}
2025-12-25 02:01:50 [error]: uncaughtException: listen EADDRINUSE: address already in use 0.0.0.0:3000
Error: listen EADDRINUSE: address already in use 0.0.0.0:3000
    at Server.setupListenHandle [as _listen2] (node:net:1937:16)
    at listenInCluster (node:net:1994:12)
    at node:net:2203:7
    at process.processTicksAndRejections (node:internal/process/task_queues:90:21)
Error: listen EADDRINUSE: address already in use 0.0.0.0:3000
    at Server.setupListenHandle [as _listen2] (node:net:1937:16)
    at listenInCluster (node:net:1994:12)
    at node:net:2203:7
    at process.processTicksAndRejections (node:internal/process/task_queues:90:21) {"error":{"code":"EADDRINUSE","errno":-4091,"syscall":"listen","address":"0.0.0.0","port":3000},"exception":true,"date":"Thu Dec 25 2025 02:01:50 GMT+0900 (대한민국 표준시)","process":{"pid":11404,"uid":null,"gid":null,"cwd":"C:\\Users\\win\\Downloads\\Global-Advertising-Platform-d9586aca12844d7c7dbe1a70fb43f4a241df4343\\backend","execPath":"C:\\Program Files\\nodejs\\node.exe","version":"v22.13.1","argv":["C:\\Program Files\\nodejs\\node.exe","C:\\Users\\win\\Downloads\\Global-Advertising-Platform-d9586aca12844d7c7dbe1a70fb43f4a241df4343\\backend\\server.js"],"memoryUsage":{"rss":114511872,"heapTotal":72445952,"heapUsed":42555632,"external":4628696,"arrayBuffers":937188}},"os":{"loadavg":[0,0,0],"uptime":1598334.39},"trace":[{"column":16,"file":"node:net","function":"Server.setupListenHandle [as _listen2]","line":1937,"method":"setupListenHandle [as _listen2]","native":false},{"column":12,"file":"node:net","function":"listenInCluster","line":1994,"method":null,"native":false},{"column":7,"file":"node:net","function":null,"line":2203,"method":null,"native":false},{"column":21,"file":"node:internal/process/task_queues","function":"process.processTicksAndRejections","line":90,"method":"processTicksAndRejections","native":false}]}
2025-12-25 02:05:01 [error]: uncaughtException: listen EADDRINUSE: address already in use 0.0.0.0:3000
Error: listen EADDRINUSE: address already in use 0.0.0.0:3000
    at Server.setupListenHandle [as _listen2] (node:net:1937:16)
    at listenInCluster (node:net:1994:12)
    at node:net:2203:7
    at process.processTicksAndRejections (node:internal/process/task_queues:90:21)
Error: listen EADDRINUSE: address already in use 0.0.0.0:3000
    at Server.setupListenHandle [as _listen2] (node:net:1937:16)
    at listenInCluster (node:net:1994:12)
    at node:net:2203:7
    at process.processTicksAndRejections (node:internal/process/task_queues:90:21) {"error":{"code":"EADDRINUSE","errno":-4091,"syscall":"listen","address":"0.0.0.0","port":3000},"exception":true,"date":"Thu Dec 25 2025 02:05:01 GMT+0900 (대한민국 표준시)","process":{"pid":11836,"uid":null,"gid":null,"cwd":"C:\\Users\\win\\Downloads\\Global-Advertising-Platform-d9586aca12844d7c7dbe1a70fb43f4a241df4343\\backend","execPath":"C:\\Program Files\\nodejs\\node.exe","version":"v22.13.1","argv":["C:\\Program Files\\nodejs\\node.exe","C:\\Users\\win\\Downloads\\Global-Advertising-Platform-d9586aca12844d7c7dbe1a70fb43f4a241df4343\\backend\\server.js"],"memoryUsage":{"rss":109068288,"heapTotal":70348800,"heapUsed":44504968,"external":4628696,"arrayBuffers":937188}},"os":{"loadavg":[0,0,0],"uptime":1598525.921},"trace":[{"column":16,"file":"node:net","function":"Server.setupListenHandle [as _listen2]","line":1937,"method":"setupListenHandle [as _listen2]","native":false},{"column":12,"file":"node:net","function":"listenInCluster","line":1994,"method":null,"native":false},{"column":7,"file":"node:net","function":null,"line":2203,"method":null,"native":false},{"column":21,"file":"node:internal/process/task_queues","function":"process.processTicksAndRejections","line":90,"method":"processTicksAndRejections","native":false}]}
2025-12-25 02:08:48 [error]: uncaughtException: listen EADDRINUSE: address already in use 0.0.0.0:3000
Error: listen EADDRINUSE: address already in use 0.0.0.0:3000
    at Server.setupListenHandle [as _listen2] (node:net:1937:16)
    at listenInCluster (node:net:1994:12)
    at node:net:2203:7
    at process.processTicksAndRejections (node:internal/process/task_queues:90:21)
Error: listen EADDRINUSE: address already in use 0.0.0.0:3000
    at Server.setupListenHandle [as _listen2] (node:net:1937:16)
    at listenInCluster (node:net:1994:12)
    at node:net:2203:7
    at process.processTicksAndRejections (node:internal/process/task_queues:90:21) {"error":{"code":"EADDRINUSE","errno":-4091,"syscall":"listen","address":"0.0.0.0","port":3000},"exception":true,"date":"Thu Dec 25 2025 02:08:48 GMT+0900 (대한민국 표준시)","process":{"pid":30392,"uid":null,"gid":null,"cwd":"C:\\Users\\win\\Downloads\\Global-Advertising-Platform-d9586aca12844d7c7dbe1a70fb43f4a241df4343\\backend","execPath":"C:\\Program Files\\nodejs\\node.exe","version":"v22.13.1","argv":["C:\\Program Files\\nodejs\\node.exe","C:\\Users\\win\\Downloads\\Global-Advertising-Platform-d9586aca12844d7c7dbe1a70fb43f4a241df4343\\backend\\server.js"],"memoryUsage":{"rss":115392512,"heapTotal":72708096,"heapUsed":43030472,"external":4628696,"arrayBuffers":937188}},"os":{"loadavg":[0,0,0],"uptime":1598752.859},"trace":[{"column":16,"file":"node:net","function":"Server.setupListenHandle [as _listen2]","line":1937,"method":"setupListenHandle [as _listen2]","native":false},{"column":12,"file":"node:net","function":"listenInCluster","line":1994,"method":null,"native":false},{"column":7,"file":"node:net","function":null,"line":2203,"method":null,"native":false},{"column":21,"file":"node:internal/process/task_queues","function":"process.processTicksAndRejections","line":90,"method":"processTicksAndRejections","native":false}]}
2025-12-25 02:11:35 [error]: uncaughtException: listen EADDRINUSE: address already in use 0.0.0.0:3000
Error: listen EADDRINUSE: address already in use 0.0.0.0:3000
    at Server.setupListenHandle [as _listen2] (node:net:1937:16)
    at listenInCluster (node:net:1994:12)
    at node:net:2203:7
    at process.processTicksAndRejections (node:internal/process/task_queues:90:21)
Error: listen EADDRINUSE: address already in use 0.0.0.0:3000
    at Server.setupListenHandle [as _listen2] (node:net:1937:16)
    at listenInCluster (node:net:1994:12)
    at node:net:2203:7
    at process.processTicksAndRejections (node:internal/process/task_queues:90:21) {"error":{"code":"EADDRINUSE","errno":-4091,"syscall":"listen","address":"0.0.0.0","port":3000},"exception":true,"date":"Thu Dec 25 2025 02:11:35 GMT+0900 (대한민국 표준시)","process":{"pid":26820,"uid":null,"gid":null,"cwd":"C:\\Users\\win\\Downloads\\Global-Advertising-Platform-d9586aca12844d7c7dbe1a70fb43f4a241df4343\\backend","execPath":"C:\\Program Files\\nodejs\\node.exe","version":"v22.13.1","argv":["C:\\Program Files\\nodejs\\node.exe","C:\\Users\\win\\Downloads\\Global-Advertising-Platform-d9586aca12844d7c7dbe1a70fb43f4a241df4343\\backend\\server.js"],"memoryUsage":{"rss":114892800,"heapTotal":72183808,"heapUsed":43412840,"external":4628696,"arrayBuffers":937188}},"os":{"loadavg":[0,0,0],"uptime":1598919.218},"trace":[{"column":16,"file":"node:net","function":"Server.setupListenHandle [as _listen2]","line":1937,"method":"setupListenHandle [as _listen2]","native":false},{"column":12,"file":"node:net","function":"listenInCluster","line":1994,"method":null,"native":false},{"column":7,"file":"node:net","function":null,"line":2203,"method":null,"native":false},{"column":21,"file":"node:internal/process/task_queues","function":"process.processTicksAndRejections","line":90,"method":"processTicksAndRejections","native":false}]}
2025-12-25 02:24:41 [error]: uncaughtException: listen EADDRINUSE: address already in use 0.0.0.0:3000
Error: listen EADDRINUSE: address already in use 0.0.0.0:3000
    at Server.setupListenHandle [as _listen2] (node:net:1937:16)
    at listenInCluster (node:net:1994:12)
    at node:net:2203:7
    at process.processTicksAndRejections (node:internal/process/task_queues:90:21)
Error: listen EADDRINUSE: address already in use 0.0.0.0:3000
    at Server.setupListenHandle [as _listen2] (node:net:1937:16)
    at listenInCluster (node:net:1994:12)
    at node:net:2203:7
    at process.processTicksAndRejections (node:internal/process/task_queues:90:21) {"error":{"code":"EADDRINUSE","errno":-4091,"syscall":"listen","address":"0.0.0.0","port":3000},"exception":true,"date":"Thu Dec 25 2025 02:24:41 GMT+0900 (대한민국 표준시)","process":{"pid":9412,"uid":null,"gid":null,"cwd":"C:\\Users\\win\\Downloads\\Global-Advertising-Platform-d9586aca12844d7c7dbe1a70fb43f4a241df4343\\backend","execPath":"C:\\Program Files\\nodejs\\node.exe","version":"v22.13.1","argv":["C:\\Program Files\\nodejs\\node.exe","C:\\Users\\win\\Downloads\\Global-Advertising-Platform-d9586aca12844d7c7dbe1a70fb43f4a241df4343\\backend\\server.js"],"memoryUsage":{"rss":113725440,"heapTotal":72708096,"heapUsed":42362536,"external":4628546,"arrayBuffers":937038}},"os":{"loadavg":[0,0,0],"uptime":1599706},"trace":[{"column":16,"file":"node:net","function":"Server.setupListenHandle [as _listen2]","line":1937,"method":"setupListenHandle [as _listen2]","native":false},{"column":12,"file":"node:net","function":"listenInCluster","line":1994,"method":null,"native":false},{"column":7,"file":"node:net","function":null,"line":2203,"method":null,"native":false},{"column":21,"file":"node:internal/process/task_queues","function":"process.processTicksAndRejections","line":90,"method":"processTicksAndRejections","native":false}]}
2025-12-25 02:26:58 [error]: uncaughtException: listen EADDRINUSE: address already in use 0.0.0.0:3000
Error: listen EADDRINUSE: address already in use 0.0.0.0:3000
    at Server.setupListenHandle [as _listen2] (node:net:1937:16)
    at listenInCluster (node:net:1994:12)
    at node:net:2203:7
    at process.processTicksAndRejections (node:internal/process/task_queues:90:21)
Error: listen EADDRINUSE: address already in use 0.0.0.0:3000
    at Server.setupListenHandle [as _listen2] (node:net:1937:16)
    at listenInCluster (node:net:1994:12)
    at node:net:2203:7
    at process.processTicksAndRejections (node:internal/process/task_queues:90:21) {"error":{"code":"EADDRINUSE","errno":-4091,"syscall":"listen","address":"0.0.0.0","port":3000},"exception":true,"date":"Thu Dec 25 2025 02:26:58 GMT+0900 (대한민국 표준시)","process":{"pid":3920,"uid":null,"gid":null,"cwd":"C:\\Users\\win\\Downloads\\Global-Advertising-Platform-d9586aca12844d7c7dbe1a70fb43f4a241df4343\\backend","execPath":"C:\\Program Files\\nodejs\\node.exe","version":"v22.13.1","argv":["C:\\Program Files\\nodejs\\node.exe","C:\\Users\\win\\Downloads\\Global-Advertising-Platform-d9586aca12844d7c7dbe1a70fb43f4a241df4343\\backend\\server.js"],"memoryUsage":{"rss":112168960,"heapTotal":72970240,"heapUsed":42904872,"external":4628695,"arrayBuffers":937187}},"os":{"loadavg":[0,0,0],"uptime":1599842.796},"trace":[{"column":16,"file":"node:net","function":"Server.setupListenHandle [as _listen2]","line":1937,"method":"setupListenHandle [as _listen2]","native":false},{"column":12,"file":"node:net","function":"listenInCluster","line":1994,"method":null,"native":false},{"column":7,"file":"node:net","function":null,"line":2203,"method":null,"native":false},{"column":21,"file":"node:internal/process/task_queues","function":"process.processTicksAndRejections","line":90,"method":"processTicksAndRejections","native":false}]}
2025-12-25 02:28:30 [error]: uncaughtException: listen EADDRINUSE: address already in use 0.0.0.0:3000
Error: listen EADDRINUSE: address already in use 0.0.0.0:3000
    at Server.setupListenHandle [as _listen2] (node:net:1937:16)
    at listenInCluster (node:net:1994:12)
    at node:net:2203:7
    at process.processTicksAndRejections (node:internal/process/task_queues:90:21)
Error: listen EADDRINUSE: address already in use 0.0.0.0:3000
    at Server.setupListenHandle [as _listen2] (node:net:1937:16)
    at listenInCluster (node:net:1994:12)
    at node:net:2203:7
    at process.processTicksAndRejections (node:internal/process/task_queues:90:21) {"error":{"code":"EADDRINUSE","errno":-4091,"syscall":"listen","address":"0.0.0.0","port":3000},"exception":true,"date":"Thu Dec 25 2025 02:28:30 GMT+0900 (대한민국 표준시)","process":{"pid":16788,"uid":null,"gid":null,"cwd":"C:\\Users\\win\\Downloads\\Global-Advertising-Platform-d9586aca12844d7c7dbe1a70fb43f4a241df4343\\backend","execPath":"C:\\Program Files\\nodejs\\node.exe","version":"v22.13.1","argv":["C:\\Program Files\\nodejs\\node.exe","C:\\Users\\win\\Downloads\\Global-Advertising-Platform-d9586aca12844d7c7dbe1a70fb43f4a241df4343\\backend\\server.js"],"memoryUsage":{"rss":111546368,"heapTotal":72708096,"heapUsed":42680072,"external":4628696,"arrayBuffers":937188}},"os":{"loadavg":[0,0,0],"uptime":1599934.656},"trace":[{"column":16,"file":"node:net","function":"Server.setupListenHandle [as _listen2]","line":1937,"method":"setupListenHandle [as _listen2]","native":false},{"column":12,"file":"node:net","function":"listenInCluster","line":1994,"method":null,"native":false},{"column":7,"file":"node:net","function":null,"line":2203,"method":null,"native":false},{"column":21,"file":"node:internal/process/task_queues","function":"process.processTicksAndRejections","line":90,"method":"processTicksAndRejections","native":false}]}
2025-12-25 02:30:38 [error]: uncaughtException: listen EADDRINUSE: address already in use 0.0.0.0:3000
Error: listen EADDRINUSE: address already in use 0.0.0.0:3000
    at Server.setupListenHandle [as _listen2] (node:net:1937:16)
    at listenInCluster (node:net:1994:12)
    at node:net:2203:7
    at process.processTicksAndRejections (node:internal/process/task_queues:90:21)
Error: listen EADDRINUSE: address already in use 0.0.0.0:3000
    at Server.setupListenHandle [as _listen2] (node:net:1937:16)
    at listenInCluster (node:net:1994:12)
    at node:net:2203:7
    at process.processTicksAndRejections (node:internal/process/task_queues:90:21) {"error":{"code":"EADDRINUSE","errno":-4091,"syscall":"listen","address":"0.0.0.0","port":3000},"exception":true,"date":"Thu Dec 25 2025 02:30:38 GMT+0900 (대한민국 표준시)","process":{"pid":33248,"uid":null,"gid":null,"cwd":"C:\\Users\\win\\Downloads\\Global-Advertising-Platform-d9586aca12844d7c7dbe1a70fb43f4a241df4343\\backend","execPath":"C:\\Program Files\\nodejs\\node.exe","version":"v22.13.1","argv":["C:\\Program Files\\nodejs\\node.exe","C:\\Users\\win\\Downloads\\Global-Advertising-Platform-d9586aca12844d7c7dbe1a70fb43f4a241df4343\\backend\\server.js"],"memoryUsage":{"rss":111964160,"heapTotal":72445952,"heapUsed":42370576,"external":4628696,"arrayBuffers":937188}},"os":{"loadavg":[0,0,0],"uptime":1600062.156},"trace":[{"column":16,"file":"node:net","function":"Server.setupListenHandle [as _listen2]","line":1937,"method":"setupListenHandle [as _listen2]","native":false},{"column":12,"file":"node:net","function":"listenInCluster","line":1994,"method":null,"native":false},{"column":7,"file":"node:net","function":null,"line":2203,"method":null,"native":false},{"column":21,"file":"node:internal/process/task_queues","function":"process.processTicksAndRejections","line":90,"method":"processTicksAndRejections","native":false}]}
2025-12-25 02:32:23 [error]: uncaughtException: listen EADDRINUSE: address already in use 0.0.0.0:3000
Error: listen EADDRINUSE: address already in use 0.0.0.0:3000
    at Server.setupListenHandle [as _listen2] (node:net:1937:16)
    at listenInCluster (node:net:1994:12)
    at node:net:2203:7
    at process.processTicksAndRejections (node:internal/process/task_queues:90:21)
Error: listen EADDRINUSE: address already in use 0.0.0.0:3000
    at Server.setupListenHandle [as _listen2] (node:net:1937:16)
    at listenInCluster (node:net:1994:12)
    at node:net:2203:7
    at process.processTicksAndRejections (node:internal/process/task_queues:90:21) {"error":{"code":"EADDRINUSE","errno":-4091,"syscall":"listen","address":"0.0.0.0","port":3000},"exception":true,"date":"Thu Dec 25 2025 02:32:23 GMT+0900 (대한민국 표준시)","process":{"pid":24436,"uid":null,"gid":null,"cwd":"C:\\Users\\win\\Downloads\\Global-Advertising-Platform-d9586aca12844d7c7dbe1a70fb43f4a241df4343\\backend","execPath":"C:\\Program Files\\nodejs\\node.exe","version":"v22.13.1","argv":["C:\\Program Files\\nodejs\\node.exe","C:\\Users\\win\\Downloads\\Global-Advertising-Platform-d9586aca12844d7c7dbe1a70fb43f4a241df4343\\backend\\server.js"],"memoryUsage":{"rss":113106944,"heapTotal":72445952,"heapUsed":43112592,"external":4628696,"arrayBuffers":937188}},"os":{"loadavg":[0,0,0],"uptime":1600167.89},"trace":[{"column":16,"file":"node:net","function":"Server.setupListenHandle [as _listen2]","line":1937,"method":"setupListenHandle [as _listen2]","native":false},{"column":12,"file":"node:net","function":"listenInCluster","line":1994,"method":null,"native":false},{"column":7,"file":"node:net","function":null,"line":2203,"method":null,"native":false},{"column":21,"file":"node:internal/process/task_queues","function":"process.processTicksAndRejections","line":90,"method":"processTicksAndRejections","native":false}]}
2025-12-25 02:33:34 [error]: uncaughtException: listen EADDRINUSE: address already in use 0.0.0.0:3000
Error: listen EADDRINUSE: address already in use 0.0.0.0:3000
    at Server.setupListenHandle [as _listen2] (node:net:1937:16)
    at listenInCluster (node:net:1994:12)
    at node:net:2203:7
    at process.processTicksAndRejections (node:internal/process/task_queues:90:21)
Error: listen EADDRINUSE: address already in use 0.0.0.0:3000
    at Server.setupListenHandle [as _listen2] (node:net:1937:16)
    at listenInCluster (node:net:1994:12)
    at node:net:2203:7
    at process.processTicksAndRejections (node:internal/process/task_queues:90:21) {"error":{"code":"EADDRINUSE","errno":-4091,"syscall":"listen","address":"0.0.0.0","port":3000},"exception":true,"date":"Thu Dec 25 2025 02:33:34 GMT+0900 (대한민국 표준시)","process":{"pid":34216,"uid":null,"gid":null,"cwd":"C:\\Users\\win\\Downloads\\Global-Advertising-Platform-d9586aca12844d7c7dbe1a70fb43f4a241df4343\\backend","execPath":"C:\\Program Files\\nodejs\\node.exe","version":"v22.13.1","argv":["C:\\Program Files\\nodejs\\node.exe","C:\\Users\\win\\Downloads\\Global-Advertising-Platform-d9586aca12844d7c7dbe1a70fb43f4a241df4343\\backend\\server.js"],"memoryUsage":{"rss":112979968,"heapTotal":73494528,"heapUsed":42559128,"external":4628548,"arrayBuffers":937040}},"os":{"loadavg":[0,0,0],"uptime":1600238.406},"trace":[{"column":16,"file":"node:net","function":"Server.setupListenHandle [as _listen2]","line":1937,"method":"setupListenHandle [as _listen2]","native":false},{"column":12,"file":"node:net","function":"listenInCluster","line":1994,"method":null,"native":false},{"column":7,"file":"node:net","function":null,"line":2203,"method":null,"native":false},{"column":21,"file":"node:internal/process/task_queues","function":"process.processTicksAndRejections","line":90,"method":"processTicksAndRejections","native":false}]}
2025-12-25 02:44:32 [error]: uncaughtException: listen EADDRINUSE: address already in use 0.0.0.0:3000
Error: listen EADDRINUSE: address already in use 0.0.0.0:3000
    at Server.setupListenHandle [as _listen2] (node:net:1937:16)
    at listenInCluster (node:net:1994:12)
    at node:net:2203:7
    at process.processTicksAndRejections (node:internal/process/task_queues:90:21)
Error: listen EADDRINUSE: address already in use 0.0.0.0:3000
    at Server.setupListenHandle [as _listen2] (node:net:1937:16)
    at listenInCluster (node:net:1994:12)
    at node:net:2203:7
    at process.processTicksAndRejections (node:internal/process/task_queues:90:21) {"error":{"code":"EADDRINUSE","errno":-4091,"syscall":"listen","address":"0.0.0.0","port":3000},"exception":true,"date":"Thu Dec 25 2025 02:44:32 GMT+0900 (대한민국 표준시)","process":{"pid":37704,"uid":null,"gid":null,"cwd":"C:\\Users\\win\\Downloads\\Global-Advertising-Platform-d9586aca12844d7c7dbe1a70fb43f4a241df4343\\backend","execPath":"C:\\Program Files\\nodejs\\node.exe","version":"v22.13.1","argv":["C:\\Program Files\\nodejs\\node.exe","C:\\Users\\win\\Downloads\\Global-Advertising-Platform-d9586aca12844d7c7dbe1a70fb43f4a241df4343\\backend\\server.js"],"memoryUsage":{"rss":114094080,"heapTotal":73232384,"heapUsed":42369104,"external":4628548,"arrayBuffers":937040}},"os":{"loadavg":[0,0,0],"uptime":1600896.781},"trace":[{"column":16,"file":"node:net","function":"Server.setupListenHandle [as _listen2]","line":1937,"method":"setupListenHandle [as _listen2]","native":false},{"column":12,"file":"node:net","function":"listenInCluster","line":1994,"method":null,"native":false},{"column":7,"file":"node:net","function":null,"line":2203,"method":null,"native":false},{"column":21,"file":"node:internal/process/task_queues","function":"process.processTicksAndRejections","line":90,"method":"processTicksAndRejections","native":false}]}
2025-12-25 02:49:00 [error]: uncaughtException: listen EADDRINUSE: address already in use 0.0.0.0:3000
Error: listen EADDRINUSE: address already in use 0.0.0.0:3000
    at Server.setupListenHandle [as _listen2] (node:net:1937:16)
    at listenInCluster (node:net:1994:12)
    at node:net:2203:7
    at process.processTicksAndRejections (node:internal/process/task_queues:90:21)
Error: listen EADDRINUSE: address already in use 0.0.0.0:3000
    at Server.setupListenHandle [as _listen2] (node:net:1937:16)
    at listenInCluster (node:net:1994:12)
    at node:net:2203:7
    at process.processTicksAndRejections (node:internal/process/task_queues:90:21) {"error":{"code":"EADDRINUSE","errno":-4091,"syscall":"listen","address":"0.0.0.0","port":3000},"exception":true,"date":"Thu Dec 25 2025 02:49:00 GMT+0900 (대한민국 표준시)","process":{"pid":32304,"uid":null,"gid":null,"cwd":"C:\\Users\\win\\Downloads\\Global-Advertising-Platform-d9586aca12844d7c7dbe1a70fb43f4a241df4343\\backend","execPath":"C:\\Program Files\\nodejs\\node.exe","version":"v22.13.1","argv":["C:\\Program Files\\nodejs\\node.exe","C:\\Users\\win\\Downloads\\Global-Advertising-Platform-d9586aca12844d7c7dbe1a70fb43f4a241df4343\\backend\\server.js"],"memoryUsage":{"rss":111865856,"heapTotal":72970240,"heapUsed":42391280,"external":4628548,"arrayBuffers":937040}},"os":{"loadavg":[0,0,0],"uptime":1601164.953},"trace":[{"column":16,"file":"node:net","function":"Server.setupListenHandle [as _listen2]","line":1937,"method":"setupListenHandle [as _listen2]","native":false},{"column":12,"file":"node:net","function":"listenInCluster","line":1994,"method":null,"native":false},{"column":7,"file":"node:net","function":null,"line":2203,"method":null,"native":false},{"column":21,"file":"node:internal/process/task_queues","function":"process.processTicksAndRejections","line":90,"method":"processTicksAndRejections","native":false}]}
2025-12-25 02:51:55 [error]: uncaughtException: listen EADDRINUSE: address already in use 0.0.0.0:3000
Error: listen EADDRINUSE: address already in use 0.0.0.0:3000
    at Server.setupListenHandle [as _listen2] (node:net:1937:16)
    at listenInCluster (node:net:1994:12)
    at node:net:2203:7
    at process.processTicksAndRejections (node:internal/process/task_queues:90:21)
Error: listen EADDRINUSE: address already in use 0.0.0.0:3000
    at Server.setupListenHandle [as _listen2] (node:net:1937:16)
    at listenInCluster (node:net:1994:12)
    at node:net:2203:7
    at process.processTicksAndRejections (node:internal/process/task_queues:90:21) {"error":{"code":"EADDRINUSE","errno":-4091,"syscall":"listen","address":"0.0.0.0","port":3000},"exception":true,"date":"Thu Dec 25 2025 02:51:55 GMT+0900 (대한민국 표준시)","process":{"pid":14820,"uid":null,"gid":null,"cwd":"C:\\Users\\win\\Downloads\\Global-Advertising-Platform-d9586aca12844d7c7dbe1a70fb43f4a241df4343\\backend","execPath":"C:\\Program Files\\nodejs\\node.exe","version":"v22.13.1","argv":["C:\\Program Files\\nodejs\\node.exe","C:\\Users\\win\\Downloads\\Global-Advertising-Platform-d9586aca12844d7c7dbe1a70fb43f4a241df4343\\backend\\server.js"],"memoryUsage":{"rss":113455104,"heapTotal":72970240,"heapUsed":42964192,"external":4628696,"arrayBuffers":937188}},"os":{"loadavg":[0,0,0],"uptime":1601339.64},"trace":[{"column":16,"file":"node:net","function":"Server.setupListenHandle [as _listen2]","line":1937,"method":"setupListenHandle [as _listen2]","native":false},{"column":12,"file":"node:net","function":"listenInCluster","line":1994,"method":null,"native":false},{"column":7,"file":"node:net","function":null,"line":2203,"method":null,"native":false},{"column":21,"file":"node:internal/process/task_queues","function":"process.processTicksAndRejections","line":90,"method":"processTicksAndRejections","native":false}]}
2025-12-25 02:52:09 [error]: uncaughtException: listen EADDRINUSE: address already in use 0.0.0.0:3000
Error: listen EADDRINUSE: address already in use 0.0.0.0:3000
    at Server.setupListenHandle [as _listen2] (node:net:1937:16)
    at listenInCluster (node:net:1994:12)
    at node:net:2203:7
    at process.processTicksAndRejections (node:internal/process/task_queues:90:21)
Error: listen EADDRINUSE: address already in use 0.0.0.0:3000
    at Server.setupListenHandle [as _listen2] (node:net:1937:16)
    at listenInCluster (node:net:1994:12)
    at node:net:2203:7
    at process.processTicksAndRejections (node:internal/process/task_queues:90:21) {"error":{"code":"EADDRINUSE","errno":-4091,"syscall":"listen","address":"0.0.0.0","port":3000},"exception":true,"date":"Thu Dec 25 2025 02:52:09 GMT+0900 (대한민국 표준시)","process":{"pid":13040,"uid":null,"gid":null,"cwd":"C:\\Users\\win\\Downloads\\Global-Advertising-Platform-d9586aca12844d7c7dbe1a70fb43f4a241df4343\\backend","execPath":"C:\\Program Files\\nodejs\\node.exe","version":"v22.13.1","argv":["C:\\Program Files\\nodejs\\node.exe","C:\\Users\\win\\Downloads\\Global-Advertising-Platform-d9586aca12844d7c7dbe1a70fb43f4a241df4343\\backend\\server.js"],"memoryUsage":{"rss":113401856,"heapTotal":72970240,"heapUsed":42382488,"external":4628696,"arrayBuffers":937188}},"os":{"loadavg":[0,0,0],"uptime":1601354.078},"trace":[{"column":16,"file":"node:net","function":"Server.setupListenHandle [as _listen2]","line":1937,"method":"setupListenHandle [as _listen2]","native":false},{"column":12,"file":"node:net","function":"listenInCluster","line":1994,"method":null,"native":false},{"column":7,"file":"node:net","function":null,"line":2203,"method":null,"native":false},{"column":21,"file":"node:internal/process/task_queues","function":"process.processTicksAndRejections","line":90,"method":"processTicksAndRejections","native":false}]}
2025-12-27 04:57:45 [error]: uncaughtException: listen EADDRINUSE: address already in use 0.0.0.0:3000
Error: listen EADDRINUSE: address already in use 0.0.0.0:3000
    at Server.setupListenHandle [as _listen2] (node:net:1937:16)
    at listenInCluster (node:net:1994:12)
    at node:net:2203:7
    at process.processTicksAndRejections (node:internal/process/task_queues:90:21)
Error: listen EADDRINUSE: address already in use 0.0.0.0:3000
    at Server.setupListenHandle [as _listen2] (node:net:1937:16)
    at listenInCluster (node:net:1994:12)
    at node:net:2203:7
    at process.processTicksAndRejections (node:internal/process/task_queues:90:21) {"error":{"code":"EADDRINUSE","errno":-4091,"syscall":"listen","address":"0.0.0.0","port":3000},"exception":true,"date":"Sat Dec 27 2025 04:57:45 GMT+0900 (대한민국 표준시)","process":{"pid":2536,"uid":null,"gid":null,"cwd":"C:\\Users\\win\\Downloads\\Global-Advertising-Platform-d9586aca12844d7c7dbe1a70fb43f4a241df4343\\backend","execPath":"C:\\Program Files\\nodejs\\node.exe","version":"v22.13.1","argv":["C:\\Program Files\\nodejs\\node.exe","C:\\Users\\win\\Downloads\\Global-Advertising-Platform-d9586aca12844d7c7dbe1a70fb43f4a241df4343\\backend\\server.js"],"memoryUsage":{"rss":113188864,"heapTotal":72708096,"heapUsed":43875312,"external":4628696,"arrayBuffers":937188}},"os":{"loadavg":[0,0,0],"uptime":136665.984},"trace":[{"column":16,"file":"node:net","function":"Server.setupListenHandle [as _listen2]","line":1937,"method":"setupListenHandle [as _listen2]","native":false},{"column":12,"file":"node:net","function":"listenInCluster","line":1994,"method":null,"native":false},{"column":7,"file":"node:net","function":null,"line":2203,"method":null,"native":false},{"column":21,"file":"node:internal/process/task_queues","function":"process.processTicksAndRejections","line":90,"method":"processTicksAndRejections","native":false}]}
2025-12-27 05:03:39 [error]: uncaughtException: listen EADDRINUSE: address already in use 0.0.0.0:3000
Error: listen EADDRINUSE: address already in use 0.0.0.0:3000
    at Server.setupListenHandle [as _listen2] (node:net:1937:16)
    at listenInCluster (node:net:1994:12)
    at node:net:2203:7
    at process.processTicksAndRejections (node:internal/process/task_queues:90:21)
Error: listen EADDRINUSE: address already in use 0.0.0.0:3000
    at Server.setupListenHandle [as _listen2] (node:net:1937:16)
    at listenInCluster (node:net:1994:12)
    at node:net:2203:7
    at process.processTicksAndRejections (node:internal/process/task_queues:90:21) {"error":{"code":"EADDRINUSE","errno":-4091,"syscall":"listen","address":"0.0.0.0","port":3000},"exception":true,"date":"Sat Dec 27 2025 05:03:39 GMT+0900 (대한민국 표준시)","process":{"pid":3708,"uid":null,"gid":null,"cwd":"C:\\Users\\win\\Downloads\\Global-Advertising-Platform-d9586aca12844d7c7dbe1a70fb43f4a241df4343\\backend","execPath":"C:\\Program Files\\nodejs\\node.exe","version":"v22.13.1","argv":["C:\\Program Files\\nodejs\\node.exe","C:\\Users\\win\\Downloads\\Global-Advertising-Platform-d9586aca12844d7c7dbe1a70fb43f4a241df4343\\backend\\server.js"],"memoryUsage":{"rss":116699136,"heapTotal":72970240,"heapUsed":42795344,"external":4628696,"arrayBuffers":937188}},"os":{"loadavg":[0,0,0],"uptime":137020.015},"trace":[{"column":16,"file":"node:net","function":"Server.setupListenHandle [as _listen2]","line":1937,"method":"setupListenHandle [as _listen2]","native":false},{"column":12,"file":"node:net","function":"listenInCluster","line":1994,"method":null,"native":false},{"column":7,"file":"node:net","function":null,"line":2203,"method":null,"native":false},{"column":21,"file":"node:internal/process/task_queues","function":"process.processTicksAndRejections","line":90,"method":"processTicksAndRejections","native":false}]}
2025-12-27 05:05:22 [error]: uncaughtException: listen EADDRINUSE: address already in use 0.0.0.0:3000
Error: listen EADDRINUSE: address already in use 0.0.0.0:3000
    at Server.setupListenHandle [as _listen2] (node:net:1937:16)
    at listenInCluster (node:net:1994:12)
    at node:net:2203:7
    at process.processTicksAndRejections (node:internal/process/task_queues:90:21)
Error: listen EADDRINUSE: address already in use 0.0.0.0:3000
    at Server.setupListenHandle [as _listen2] (node:net:1937:16)
    at listenInCluster (node:net:1994:12)
    at node:net:2203:7
    at process.processTicksAndRejections (node:internal/process/task_queues:90:21) {"error":{"code":"EADDRINUSE","errno":-4091,"syscall":"listen","address":"0.0.0.0","port":3000},"exception":true,"date":"Sat Dec 27 2025 05:05:22 GMT+0900 (대한민국 표준시)","process":{"pid":2756,"uid":null,"gid":null,"cwd":"C:\\Users\\win\\Downloads\\Global-Advertising-Platform-d9586aca12844d7c7dbe1a70fb43f4a241df4343\\backend","execPath":"C:\\Program Files\\nodejs\\node.exe","version":"v22.13.1","argv":["C:\\Program Files\\nodejs\\node.exe","C:\\Users\\win\\Downloads\\Global-Advertising-Platform-d9586aca12844d7c7dbe1a70fb43f4a241df4343\\backend\\server.js"],"memoryUsage":{"rss":116891648,"heapTotal":73232384,"heapUsed":42572912,"external":4628548,"arrayBuffers":937040}},"os":{"loadavg":[0,0,0],"uptime":137123.015},"trace":[{"column":16,"file":"node:net","function":"Server.setupListenHandle [as _listen2]","line":1937,"method":"setupListenHandle [as _listen2]","native":false},{"column":12,"file":"node:net","function":"listenInCluster","line":1994,"method":null,"native":false},{"column":7,"file":"node:net","function":null,"line":2203,"method":null,"native":false},{"column":21,"file":"node:internal/process/task_queues","function":"process.processTicksAndRejections","line":90,"method":"processTicksAndRejections","native":false}]}
2025-12-27 05:05:27 [error]: uncaughtException: listen EADDRINUSE: address already in use 0.0.0.0:3000
Error: listen EADDRINUSE: address already in use 0.0.0.0:3000
    at Server.setupListenHandle [as _listen2] (node:net:1937:16)
    at listenInCluster (node:net:1994:12)
    at node:net:2203:7
    at process.processTicksAndRejections (node:internal/process/task_queues:90:21)
Error: listen EADDRINUSE: address already in use 0.0.0.0:3000
    at Server.setupListenHandle [as _listen2] (node:net:1937:16)
    at listenInCluster (node:net:1994:12)
    at node:net:2203:7
    at process.processTicksAndRejections (node:internal/process/task_queues:90:21) {"error":{"code":"EADDRINUSE","errno":-4091,"syscall":"listen","address":"0.0.0.0","port":3000},"exception":true,"date":"Sat Dec 27 2025 05:05:27 GMT+0900 (대한민국 표준시)","process":{"pid":10580,"uid":null,"gid":null,"cwd":"C:\\Users\\win\\Downloads\\Global-Advertising-Platform-d9586aca12844d7c7dbe1a70fb43f4a241df4343\\backend","execPath":"C:\\Program Files\\nodejs\\node.exe","version":"v22.13.1","argv":["C:\\Program Files\\nodejs\\node.exe","C:\\Users\\win\\Downloads\\Global-Advertising-Platform-d9586aca12844d7c7dbe1a70fb43f4a241df4343\\backend\\server.js"],"memoryUsage":{"rss":116428800,"heapTotal":72708096,"heapUsed":42339768,"external":4628548,"arrayBuffers":937040}},"os":{"loadavg":[0,0,0],"uptime":137127.546},"trace":[{"column":16,"file":"node:net","function":"Server.setupListenHandle [as _listen2]","line":1937,"method":"setupListenHandle [as _listen2]","native":false},{"column":12,"file":"node:net","function":"listenInCluster","line":1994,"method":null,"native":false},{"column":7,"file":"node:net","function":null,"line":2203,"method":null,"native":false},{"column":21,"file":"node:internal/process/task_queues","function":"process.processTicksAndRejections","line":90,"method":"processTicksAndRejections","native":false}]}
2025-12-27 05:13:34 [error]: uncaughtException: listen EADDRINUSE: address already in use 0.0.0.0:3000
Error: listen EADDRINUSE: address already in use 0.0.0.0:3000
    at Server.setupListenHandle [as _listen2] (node:net:1937:16)
    at listenInCluster (node:net:1994:12)
    at node:net:2203:7
    at process.processTicksAndRejections (node:internal/process/task_queues:90:21)
Error: listen EADDRINUSE: address already in use 0.0.0.0:3000
    at Server.setupListenHandle [as _listen2] (node:net:1937:16)
    at listenInCluster (node:net:1994:12)
    at node:net:2203:7
    at process.processTicksAndRejections (node:internal/process/task_queues:90:21) {"error":{"code":"EADDRINUSE","errno":-4091,"syscall":"listen","address":"0.0.0.0","port":3000},"exception":true,"date":"Sat Dec 27 2025 05:13:34 GMT+0900 (대한민국 표준시)","process":{"pid":26692,"uid":null,"gid":null,"cwd":"C:\\Users\\win\\Downloads\\Global-Advertising-Platform-d9586aca12844d7c7dbe1a70fb43f4a241df4343\\backend","execPath":"C:\\Program Files\\nodejs\\node.exe","version":"v22.13.1","argv":["C:\\Program Files\\nodejs\\node.exe","C:\\Users\\win\\Downloads\\Global-Advertising-Platform-d9586aca12844d7c7dbe1a70fb43f4a241df4343\\backend\\server.js"],"memoryUsage":{"rss":114282496,"heapTotal":72970240,"heapUsed":42761240,"external":4628695,"arrayBuffers":937187}},"os":{"loadavg":[0,0,0],"uptime":137614.5},"trace":[{"column":16,"file":"node:net","function":"Server.setupListenHandle [as _listen2]","line":1937,"method":"setupListenHandle [as _listen2]","native":false},{"column":12,"file":"node:net","function":"listenInCluster","line":1994,"method":null,"native":false},{"column":7,"file":"node:net","function":null,"line":2203,"method":null,"native":false},{"column":21,"file":"node:internal/process/task_queues","function":"process.processTicksAndRejections","line":90,"method":"processTicksAndRejections","native":false}]}
2025-12-27 05:13:55 [error]: uncaughtException: listen EADDRINUSE: address already in use 0.0.0.0:3000
Error: listen EADDRINUSE: address already in use 0.0.0.0:3000
    at Server.setupListenHandle [as _listen2] (node:net:1937:16)
    at listenInCluster (node:net:1994:12)
    at node:net:2203:7
    at process.processTicksAndRejections (node:internal/process/task_queues:90:21)
Error: listen EADDRINUSE: address already in use 0.0.0.0:3000
    at Server.setupListenHandle [as _listen2] (node:net:1937:16)
    at listenInCluster (node:net:1994:12)
    at node:net:2203:7
    at process.processTicksAndRejections (node:internal/process/task_queues:90:21) {"error":{"code":"EADDRINUSE","errno":-4091,"syscall":"listen","address":"0.0.0.0","port":3000},"exception":true,"date":"Sat Dec 27 2025 05:13:55 GMT+0900 (대한민국 표준시)","process":{"pid":18672,"uid":null,"gid":null,"cwd":"C:\\Users\\win\\Downloads\\Global-Advertising-Platform-d9586aca12844d7c7dbe1a70fb43f4a241df4343\\backend","execPath":"C:\\Program Files\\nodejs\\node.exe","version":"v22.13.1","argv":["C:\\Program Files\\nodejs\\node.exe","C:\\Users\\win\\Downloads\\Global-Advertising-Platform-d9586aca12844d7c7dbe1a70fb43f4a241df4343\\backend\\server.js"],"memoryUsage":{"rss":113291264,"heapTotal":72708096,"heapUsed":42848136,"external":4628696,"arrayBuffers":937188}},"os":{"loadavg":[0,0,0],"uptime":137635.875},"trace":[{"column":16,"file":"node:net","function":"Server.setupListenHandle [as _listen2]","line":1937,"method":"setupListenHandle [as _listen2]","native":false},{"column":12,"file":"node:net","function":"listenInCluster","line":1994,"method":null,"native":false},{"column":7,"file":"node:net","function":null,"line":2203,"method":null,"native":false},{"column":21,"file":"node:internal/process/task_queues","function":"process.processTicksAndRejections","line":90,"method":"processTicksAndRejections","native":false}]}
2025-12-27 05:16:29 [error]: uncaughtException: listen EADDRINUSE: address already in use 0.0.0.0:3000
Error: listen EADDRINUSE: address already in use 0.0.0.0:3000
    at Server.setupListenHandle [as _listen2] (node:net:1937:16)
    at listenInCluster (node:net:1994:12)
    at node:net:2203:7
    at process.processTicksAndRejections (node:internal/process/task_queues:90:21)
Error: listen EADDRINUSE: address already in use 0.0.0.0:3000
    at Server.setupListenHandle [as _listen2] (node:net:1937:16)
    at listenInCluster (node:net:1994:12)
    at node:net:2203:7
    at process.processTicksAndRejections (node:internal/process/task_queues:90:21) {"error":{"code":"EADDRINUSE","errno":-4091,"syscall":"listen","address":"0.0.0.0","port":3000},"exception":true,"date":"Sat Dec 27 2025 05:16:29 GMT+0900 (대한민국 표준시)","process":{"pid":26372,"uid":null,"gid":null,"cwd":"C:\\Users\\win\\Downloads\\Global-Advertising-Platform-d9586aca12844d7c7dbe1a70fb43f4a241df4343\\backend","execPath":"C:\\Program Files\\nodejs\\node.exe","version":"v22.13.1","argv":["C:\\Program Files\\nodejs\\node.exe","C:\\Users\\win\\Downloads\\Global-Advertising-Platform-d9586aca12844d7c7dbe1a70fb43f4a241df4343\\backend\\server.js"],"memoryUsage":{"rss":113852416,"heapTotal":72708096,"heapUsed":42744232,"external":4628696,"arrayBuffers":937188}},"os":{"loadavg":[0,0,0],"uptime":137789.718},"trace":[{"column":16,"file":"node:net","function":"Server.setupListenHandle [as _listen2]","line":1937,"method":"setupListenHandle [as _listen2]","native":false},{"column":12,"file":"node:net","function":"listenInCluster","line":1994,"method":null,"native":false},{"column":7,"file":"node:net","function":null,"line":2203,"method":null,"native":false},{"column":21,"file":"node:internal/process/task_queues","function":"process.processTicksAndRejections","line":90,"method":"processTicksAndRejections","native":false}]}
2026-01-20 23:31:22 [error]: uncaughtException: listen EADDRINUSE: address already in use 0.0.0.0:3000
Error: listen EADDRINUSE: address already in use 0.0.0.0:3000
    at Server.setupListenHandle [as _listen2] (node:net:1937:16)
    at listenInCluster (node:net:1994:12)
    at node:net:2203:7
    at process.processTicksAndRejections (node:internal/process/task_queues:90:21)
Error: listen EADDRINUSE: address already in use 0.0.0.0:3000
    at Server.setupListenHandle [as _listen2] (node:net:1937:16)
    at listenInCluster (node:net:1994:12)
    at node:net:2203:7
    at process.processTicksAndRejections (node:internal/process/task_queues:90:21) {"error":{"code":"EADDRINUSE","errno":-4091,"syscall":"listen","address":"0.0.0.0","port":3000},"exception":true,"date":"Tue Jan 20 2026 23:31:22 GMT+0900 (대한민국 표준시)","process":{"pid":11272,"uid":null,"gid":null,"cwd":"C:\\Users\\win\\Downloads\\Global-Advertising-Platform-d9586aca12844d7c7dbe1a70fb43f4a241df4343\\backend","execPath":"C:\\Program Files\\nodejs\\node.exe","version":"v22.13.1","argv":["C:\\Program Files\\nodejs\\node.exe","C:\\Users\\win\\Downloads\\Global-Advertising-Platform-d9586aca12844d7c7dbe1a70fb43f4a241df4343\\backend\\server.js"],"memoryUsage":{"rss":112549888,"heapTotal":76115968,"heapUsed":25413952,"external":4638118,"arrayBuffers":946610}},"os":{"loadavg":[0,0,0],"uptime":2277084.328},"trace":[{"column":16,"file":"node:net","function":"Server.setupListenHandle [as _listen2]","line":1937,"method":"setupListenHandle [as _listen2]","native":false},{"column":12,"file":"node:net","function":"listenInCluster","line":1994,"method":null,"native":false},{"column":7,"file":"node:net","function":null,"line":2203,"method":null,"native":false},{"column":21,"file":"node:internal/process/task_queues","function":"process.processTicksAndRejections","line":90,"method":"processTicksAndRejections","native":false}]}
2026-01-22 01:25:41 [error]: uncaughtException: listen EADDRINUSE: address already in use 0.0.0.0:3000
Error: listen EADDRINUSE: address already in use 0.0.0.0:3000
    at Server.setupListenHandle [as _listen2] (node:net:1937:16)
    at listenInCluster (node:net:1994:12)
    at node:net:2203:7
    at process.processTicksAndRejections (node:internal/process/task_queues:90:21)
Error: listen EADDRINUSE: address already in use 0.0.0.0:3000
    at Server.setupListenHandle [as _listen2] (node:net:1937:16)
    at listenInCluster (node:net:1994:12)
    at node:net:2203:7
    at process.processTicksAndRejections (node:internal/process/task_queues:90:21) {"error":{"code":"EADDRINUSE","errno":-4091,"syscall":"listen","address":"0.0.0.0","port":3000},"exception":true,"date":"Thu Jan 22 2026 01:25:41 GMT+0900 (대한민국 표준시)","process":{"pid":23936,"uid":null,"gid":null,"cwd":"C:\\Users\\win\\Downloads\\Global-Advertising-Platform-d9586aca12844d7c7dbe1a70fb43f4a241df4343\\backend","execPath":"C:\\Program Files\\nodejs\\node.exe","version":"v22.13.1","argv":["C:\\Program Files\\nodejs\\node.exe","C:\\Users\\win\\Downloads\\Global-Advertising-Platform-d9586aca12844d7c7dbe1a70fb43f4a241df4343\\backend\\server.js"],"memoryUsage":{"rss":118956032,"heapTotal":76640256,"heapUsed":25454576,"external":4638118,"arrayBuffers":946610}},"os":{"loadavg":[0,0,0],"uptime":35562.734},"trace":[{"column":16,"file":"node:net","function":"Server.setupListenHandle [as _listen2]","line":1937,"method":"setupListenHandle [as _listen2]","native":false},{"column":12,"file":"node:net","function":"listenInCluster","line":1994,"method":null,"native":false},{"column":7,"file":"node:net","function":null,"line":2203,"method":null,"native":false},{"column":21,"file":"node:internal/process/task_queues","function":"process.processTicksAndRejections","line":90,"method":"processTicksAndRejections","native":false}]}
2026-01-28 00:49:35 [error]: uncaughtException: listen EADDRINUSE: address already in use 0.0.0.0:3000
Error: listen EADDRINUSE: address already in use 0.0.0.0:3000
    at Server.setupListenHandle [as _listen2] (node:net:1937:16)
    at listenInCluster (node:net:1994:12)
    at node:net:2203:7
    at process.processTicksAndRejections (node:internal/process/task_queues:90:21)
Error: listen EADDRINUSE: address already in use 0.0.0.0:3000
    at Server.setupListenHandle [as _listen2] (node:net:1937:16)
    at listenInCluster (node:net:1994:12)
    at node:net:2203:7
    at process.processTicksAndRejections (node:internal/process/task_queues:90:21) {"error":{"code":"EADDRINUSE","errno":-4091,"syscall":"listen","address":"0.0.0.0","port":3000},"exception":true,"date":"Wed Jan 28 2026 00:49:35 GMT+0900 (대한민국 표준시)","process":{"pid":7504,"uid":null,"gid":null,"cwd":"C:\\Users\\win\\Downloads\\Global-Advertising-Platform-d9586aca12844d7c7dbe1a70fb43f4a241df4343\\backend","execPath":"C:\\Program Files\\nodejs\\node.exe","version":"v22.13.1","argv":["C:\\Program Files\\nodejs\\node.exe","C:\\Users\\win\\Downloads\\Global-Advertising-Platform-d9586aca12844d7c7dbe1a70fb43f4a241df4343\\backend\\server.js"],"memoryUsage":{"rss":122363904,"heapTotal":73494528,"heapUsed":47152464,"external":4663479,"arrayBuffers":946933}},"os":{"loadavg":[0,0,0],"uptime":99283.609},"trace":[{"column":16,"file":"node:net","function":"Server.setupListenHandle [as _listen2]","line":1937,"method":"setupListenHandle [as _listen2]","native":false},{"column":12,"file":"node:net","function":"listenInCluster","line":1994,"method":null,"native":false},{"column":7,"file":"node:net","function":null,"line":2203,"method":null,"native":false},{"column":21,"file":"node:internal/process/task_queues","function":"process.processTicksAndRejections","line":90,"method":"processTicksAndRejections","native":false}]}
2026-01-28 00:50:23 [error]: uncaughtException: listen EADDRINUSE: address already in use 0.0.0.0:3000
Error: listen EADDRINUSE: address already in use 0.0.0.0:3000
    at Server.setupListenHandle [as _listen2] (node:net:1937:16)
    at listenInCluster (node:net:1994:12)
    at node:net:2203:7
    at process.processTicksAndRejections (node:internal/process/task_queues:90:21)
Error: listen EADDRINUSE: address already in use 0.0.0.0:3000
    at Server.setupListenHandle [as _listen2] (node:net:1937:16)
    at listenInCluster (node:net:1994:12)
    at node:net:2203:7
    at process.processTicksAndRejections (node:internal/process/task_queues:90:21) {"error":{"code":"EADDRINUSE","errno":-4091,"syscall":"listen","address":"0.0.0.0","port":3000},"exception":true,"date":"Wed Jan 28 2026 00:50:23 GMT+0900 (대한민국 표준시)","process":{"pid":10492,"uid":null,"gid":null,"cwd":"C:\\Users\\win\\Downloads\\Global-Advertising-Platform-d9586aca12844d7c7dbe1a70fb43f4a241df4343\\backend","execPath":"C:\\Program Files\\nodejs\\node.exe","version":"v22.13.1","argv":["C:\\Program Files\\nodejs\\node.exe","C:\\Users\\win\\Downloads\\Global-Advertising-Platform-d9586aca12844d7c7dbe1a70fb43f4a241df4343\\backend\\server.js"],"memoryUsage":{"rss":121712640,"heapTotal":73494528,"heapUsed":46074704,"external":4663480,"arrayBuffers":946934}},"os":{"loadavg":[0,0,0],"uptime":99330.875},"trace":[{"column":16,"file":"node:net","function":"Server.setupListenHandle [as _listen2]","line":1937,"method":"setupListenHandle [as _listen2]","native":false},{"column":12,"file":"node:net","function":"listenInCluster","line":1994,"method":null,"native":false},{"column":7,"file":"node:net","function":null,"line":2203,"method":null,"native":false},{"column":21,"file":"node:internal/process/task_queues","function":"process.processTicksAndRejections","line":90,"method":"processTicksAndRejections","native":false}]}
2026-01-28 00:50:33 [error]: uncaughtException: listen EADDRINUSE: address already in use 0.0.0.0:3000
Error: listen EADDRINUSE: address already in use 0.0.0.0:3000
    at Server.setupListenHandle [as _listen2] (node:net:1937:16)
    at listenInCluster (node:net:1994:12)
    at node:net:2203:7
    at process.processTicksAndRejections (node:internal/process/task_queues:90:21)
Error: listen EADDRINUSE: address already in use 0.0.0.0:3000
    at Server.setupListenHandle [as _listen2] (node:net:1937:16)
    at listenInCluster (node:net:1994:12)
    at node:net:2203:7
    at process.processTicksAndRejections (node:internal/process/task_queues:90:21) {"error":{"code":"EADDRINUSE","errno":-4091,"syscall":"listen","address":"0.0.0.0","port":3000},"exception":true,"date":"Wed Jan 28 2026 00:50:33 GMT+0900 (대한민국 표준시)","process":{"pid":29168,"uid":null,"gid":null,"cwd":"C:\\Users\\win\\Downloads\\Global-Advertising-Platform-d9586aca12844d7c7dbe1a70fb43f4a241df4343\\backend","execPath":"C:\\Program Files\\nodejs\\node.exe","version":"v22.13.1","argv":["C:\\Program Files\\nodejs\\node.exe","C:\\Users\\win\\Downloads\\Global-Advertising-Platform-d9586aca12844d7c7dbe1a70fb43f4a241df4343\\backend\\server.js"],"memoryUsage":{"rss":121708544,"heapTotal":73756672,"heapUsed":46908536,"external":4663480,"arrayBuffers":946934}},"os":{"loadavg":[0,0,0],"uptime":99341.078},"trace":[{"column":16,"file":"node:net","function":"Server.setupListenHandle [as _listen2]","line":1937,"method":"setupListenHandle [as _listen2]","native":false},{"column":12,"file":"node:net","function":"listenInCluster","line":1994,"method":null,"native":false},{"column":7,"file":"node:net","function":null,"line":2203,"method":null,"native":false},{"column":21,"file":"node:internal/process/task_queues","function":"process.processTicksAndRejections","line":90,"method":"processTicksAndRejections","native":false}]}
2026-01-28 01:02:58 [error]: uncaughtException: listen EADDRINUSE: address already in use 0.0.0.0:3000
Error: listen EADDRINUSE: address already in use 0.0.0.0:3000
    at Server.setupListenHandle [as _listen2] (node:net:1937:16)
    at listenInCluster (node:net:1994:12)
    at node:net:2203:7
    at process.processTicksAndRejections (node:internal/process/task_queues:90:21)
Error: listen EADDRINUSE: address already in use 0.0.0.0:3000
    at Server.setupListenHandle [as _listen2] (node:net:1937:16)
    at listenInCluster (node:net:1994:12)
    at node:net:2203:7
    at process.processTicksAndRejections (node:internal/process/task_queues:90:21) {"error":{"code":"EADDRINUSE","errno":-4091,"syscall":"listen","address":"0.0.0.0","port":3000},"exception":true,"date":"Wed Jan 28 2026 01:02:58 GMT+0900 (대한민국 표준시)","process":{"pid":19788,"uid":null,"gid":null,"cwd":"C:\\Users\\win\\Downloads\\Global-Advertising-Platform-d9586aca12844d7c7dbe1a70fb43f4a241df4343\\backend","execPath":"C:\\Program Files\\nodejs\\node.exe","version":"v22.13.1","argv":["C:\\Program Files\\nodejs\\node.exe","C:\\Users\\win\\Downloads\\Global-Advertising-Platform-d9586aca12844d7c7dbe1a70fb43f4a241df4343\\backend\\server.js"],"memoryUsage":{"rss":122892288,"heapTotal":74018816,"heapUsed":45527696,"external":4663480,"arrayBuffers":946934}},"os":{"loadavg":[0,0,0],"uptime":100086.156},"trace":[{"column":16,"file":"node:net","function":"Server.setupListenHandle [as _listen2]","line":1937,"method":"setupListenHandle [as _listen2]","native":false},{"column":12,"file":"node:net","function":"listenInCluster","line":1994,"method":null,"native":false},{"column":7,"file":"node:net","function":null,"line":2203,"method":null,"native":false},{"column":21,"file":"node:internal/process/task_queues","function":"process.processTicksAndRejections","line":90,"method":"processTicksAndRejections","native":false}]}
2026-01-28 01:02:58 [error]: uncaughtException: listen EADDRINUSE: address already in use 0.0.0.0:3000
Error: listen EADDRINUSE: address already in use 0.0.0.0:3000
    at Server.setupListenHandle [as _listen2] (node:net:1937:16)
    at listenInCluster (node:net:1994:12)
    at node:net:2203:7
    at process.processTicksAndRejections (node:internal/process/task_queues:90:21)
Error: listen EADDRINUSE: address already in use 0.0.0.0:3000
    at Server.setupListenHandle [as _listen2] (node:net:1937:16)
    at listenInCluster (node:net:1994:12)
    at node:net:2203:7
    at process.processTicksAndRejections (node:internal/process/task_queues:90:21) {"error":{"code":"EADDRINUSE","errno":-4091,"syscall":"listen","address":"0.0.0.0","port":3000},"exception":true,"date":"Wed Jan 28 2026 01:02:58 GMT+0900 (대한민국 표준시)","process":{"pid":25348,"uid":null,"gid":null,"cwd":"C:\\Users\\win\\Downloads\\Global-Advertising-Platform-d9586aca12844d7c7dbe1a70fb43f4a241df4343\\backend","execPath":"C:\\Program Files\\nodejs\\node.exe","version":"v22.13.1","argv":["C:\\Program Files\\nodejs\\node.exe","C:\\Users\\win\\Downloads\\Global-Advertising-Platform-d9586aca12844d7c7dbe1a70fb43f4a241df4343\\backend\\server.js"],"memoryUsage":{"rss":122843136,"heapTotal":74018816,"heapUsed":45612656,"external":4663480,"arrayBuffers":946934}},"os":{"loadavg":[0,0,0],"uptime":100086.156},"trace":[{"column":16,"file":"node:net","function":"Server.setupListenHandle [as _listen2]","line":1937,"method":"setupListenHandle [as _listen2]","native":false},{"column":12,"file":"node:net","function":"listenInCluster","line":1994,"method":null,"native":false},{"column":7,"file":"node:net","function":null,"line":2203,"method":null,"native":false},{"column":21,"file":"node:internal/process/task_queues","function":"process.processTicksAndRejections","line":90,"method":"processTicksAndRejections","native":false}]}
2026-01-28 01:03:06 [error]: uncaughtException: listen EADDRINUSE: address already in use 0.0.0.0:3000
Error: listen EADDRINUSE: address already in use 0.0.0.0:3000
    at Server.setupListenHandle [as _listen2] (node:net:1937:16)
    at listenInCluster (node:net:1994:12)
    at node:net:2203:7
    at process.processTicksAndRejections (node:internal/process/task_queues:90:21)
Error: listen EADDRINUSE: address already in use 0.0.0.0:3000
    at Server.setupListenHandle [as _listen2] (node:net:1937:16)
    at listenInCluster (node:net:1994:12)
    at node:net:2203:7
    at process.processTicksAndRejections (node:internal/process/task_queues:90:21) {"error":{"code":"EADDRINUSE","errno":-4091,"syscall":"listen","address":"0.0.0.0","port":3000},"exception":true,"date":"Wed Jan 28 2026 01:03:06 GMT+0900 (대한민국 표준시)","process":{"pid":20260,"uid":null,"gid":null,"cwd":"C:\\Users\\win\\Downloads\\Global-Advertising-Platform-d9586aca12844d7c7dbe1a70fb43f4a241df4343\\backend","execPath":"C:\\Program Files\\nodejs\\node.exe","version":"v22.13.1","argv":["C:\\Program Files\\nodejs\\node.exe","C:\\Users\\win\\Downloads\\Global-Advertising-Platform-d9586aca12844d7c7dbe1a70fb43f4a241df4343\\backend\\server.js"],"memoryUsage":{"rss":122425344,"heapTotal":73756672,"heapUsed":46796160,"external":4663479,"arrayBuffers":946933}},"os":{"loadavg":[0,0,0],"uptime":100094.125},"trace":[{"column":16,"file":"node:net","function":"Server.setupListenHandle [as _listen2]","line":1937,"method":"setupListenHandle [as _listen2]","native":false},{"column":12,"file":"node:net","function":"listenInCluster","line":1994,"method":null,"native":false},{"column":7,"file":"node:net","function":null,"line":2203,"method":null,"native":false},{"column":21,"file":"node:internal/process/task_queues","function":"process.processTicksAndRejections","line":90,"method":"processTicksAndRejections","native":false}]}
2026-01-28 01:06:00 [error]: uncaughtException: listen EADDRINUSE: address already in use 0.0.0.0:3000
Error: listen EADDRINUSE: address already in use 0.0.0.0:3000
    at Server.setupListenHandle [as _listen2] (node:net:1937:16)
    at listenInCluster (node:net:1994:12)
    at node:net:2203:7
    at process.processTicksAndRejections (node:internal/process/task_queues:90:21)
Error: listen EADDRINUSE: address already in use 0.0.0.0:3000
    at Server.setupListenHandle [as _listen2] (node:net:1937:16)
    at listenInCluster (node:net:1994:12)
    at node:net:2203:7
    at process.processTicksAndRejections (node:internal/process/task_queues:90:21) {"error":{"code":"EADDRINUSE","errno":-4091,"syscall":"listen","address":"0.0.0.0","port":3000},"exception":true,"date":"Wed Jan 28 2026 01:06:00 GMT+0900 (대한민국 표준시)","process":{"pid":24732,"uid":null,"gid":null,"cwd":"C:\\Users\\win\\Downloads\\Global-Advertising-Platform-d9586aca12844d7c7dbe1a70fb43f4a241df4343\\backend","execPath":"C:\\Program Files\\nodejs\\node.exe","version":"v22.13.1","argv":["C:\\Program Files\\nodejs\\node.exe","C:\\Users\\win\\Downloads\\Global-Advertising-Platform-d9586aca12844d7c7dbe1a70fb43f4a241df4343\\backend\\server.js"],"memoryUsage":{"rss":122462208,"heapTotal":73232384,"heapUsed":47234384,"external":4663480,"arrayBuffers":946934}},"os":{"loadavg":[0,0,0],"uptime":100267.968},"trace":[{"column":16,"file":"node:net","function":"Server.setupListenHandle [as _listen2]","line":1937,"method":"setupListenHandle [as _listen2]","native":false},{"column":12,"file":"node:net","function":"listenInCluster","line":1994,"method":null,"native":false},{"column":7,"file":"node:net","function":null,"line":2203,"method":null,"native":false},{"column":21,"file":"node:internal/process/task_queues","function":"process.processTicksAndRejections","line":90,"method":"processTicksAndRejections","native":false}]}
2026-01-28 01:06:00 [error]: uncaughtException: listen EADDRINUSE: address already in use 0.0.0.0:3000
Error: listen EADDRINUSE: address already in use 0.0.0.0:3000
    at Server.setupListenHandle [as _listen2] (node:net:1937:16)
    at listenInCluster (node:net:1994:12)
    at node:net:2203:7
    at process.processTicksAndRejections (node:internal/process/task_queues:90:21)
Error: listen EADDRINUSE: address already in use 0.0.0.0:3000
    at Server.setupListenHandle [as _listen2] (node:net:1937:16)
    at listenInCluster (node:net:1994:12)
    at node:net:2203:7
    at process.processTicksAndRejections (node:internal/process/task_queues:90:21) {"error":{"code":"EADDRINUSE","errno":-4091,"syscall":"listen","address":"0.0.0.0","port":3000},"exception":true,"date":"Wed Jan 28 2026 01:06:00 GMT+0900 (대한민국 표준시)","process":{"pid":29764,"uid":null,"gid":null,"cwd":"C:\\Users\\win\\Downloads\\Global-Advertising-Platform-d9586aca12844d7c7dbe1a70fb43f4a241df4343\\backend","execPath":"C:\\Program Files\\nodejs\\node.exe","version":"v22.13.1","argv":["C:\\Program Files\\nodejs\\node.exe","C:\\Users\\win\\Downloads\\Global-Advertising-Platform-d9586aca12844d7c7dbe1a70fb43f4a241df4343\\backend\\server.js"],"memoryUsage":{"rss":122540032,"heapTotal":74280960,"heapUsed":46519432,"external":4663480,"arrayBuffers":946934}},"os":{"loadavg":[0,0,0],"uptime":100267.984},"trace":[{"column":16,"file":"node:net","function":"Server.setupListenHandle [as _listen2]","line":1937,"method":"setupListenHandle [as _listen2]","native":false},{"column":12,"file":"node:net","function":"listenInCluster","line":1994,"method":null,"native":false},{"column":7,"file":"node:net","function":null,"line":2203,"method":null,"native":false},{"column":21,"file":"node:internal/process/task_queues","function":"process.processTicksAndRejections","line":90,"method":"processTicksAndRejections","native":false}]}
2026-01-28 01:06:00 [error]: uncaughtException: listen EADDRINUSE: address already in use 0.0.0.0:3000
Error: listen EADDRINUSE: address already in use 0.0.0.0:3000
    at Server.setupListenHandle [as _listen2] (node:net:1937:16)
    at listenInCluster (node:net:1994:12)
    at node:net:2203:7
    at process.processTicksAndRejections (node:internal/process/task_queues:90:21)
Error: listen EADDRINUSE: address already in use 0.0.0.0:3000
    at Server.setupListenHandle [as _listen2] (node:net:1937:16)
    at listenInCluster (node:net:1994:12)
    at node:net:2203:7
    at process.processTicksAndRejections (node:internal/process/task_queues:90:21) {"error":{"code":"EADDRINUSE","errno":-4091,"syscall":"listen","address":"0.0.0.0","port":3000},"exception":true,"date":"Wed Jan 28 2026 01:06:00 GMT+0900 (대한민국 표준시)","process":{"pid":25592,"uid":null,"gid":null,"cwd":"C:\\Users\\win\\Downloads\\Global-Advertising-Platform-d9586aca12844d7c7dbe1a70fb43f4a241df4343\\backend","execPath":"C:\\Program Files\\nodejs\\node.exe","version":"v22.13.1","argv":["C:\\Program Files\\nodejs\\node.exe","C:\\Users\\win\\Downloads\\Global-Advertising-Platform-d9586aca12844d7c7dbe1a70fb43f4a241df4343\\backend\\server.js"],"memoryUsage":{"rss":120184832,"heapTotal":71659520,"heapUsed":47914056,"external":4663480,"arrayBuffers":946934}},"os":{"loadavg":[0,0,0],"uptime":100268.015},"trace":[{"column":16,"file":"node:net","function":"Server.setupListenHandle [as _listen2]","line":1937,"method":"setupListenHandle [as _listen2]","native":false},{"column":12,"file":"node:net","function":"listenInCluster","line":1994,"method":null,"native":false},{"column":7,"file":"node:net","function":null,"line":2203,"method":null,"native":false},{"column":21,"file":"node:internal/process/task_queues","function":"process.processTicksAndRejections","line":90,"method":"processTicksAndRejections","native":false}]}
2026-01-28 01:06:03 [error]: uncaughtException: listen EADDRINUSE: address already in use 0.0.0.0:3000
Error: listen EADDRINUSE: address already in use 0.0.0.0:3000
    at Server.setupListenHandle [as _listen2] (node:net:1937:16)
    at listenInCluster (node:net:1994:12)
    at node:net:2203:7
    at process.processTicksAndRejections (node:internal/process/task_queues:90:21)
Error: listen EADDRINUSE: address already in use 0.0.0.0:3000
    at Server.setupListenHandle [as _listen2] (node:net:1937:16)
    at listenInCluster (node:net:1994:12)
    at node:net:2203:7
    at process.processTicksAndRejections (node:internal/process/task_queues:90:21) {"error":{"code":"EADDRINUSE","errno":-4091,"syscall":"listen","address":"0.0.0.0","port":3000},"exception":true,"date":"Wed Jan 28 2026 01:06:03 GMT+0900 (대한민국 표준시)","process":{"pid":21064,"uid":null,"gid":null,"cwd":"C:\\Users\\win\\Downloads\\Global-Advertising-Platform-d9586aca12844d7c7dbe1a70fb43f4a241df4343\\backend","execPath":"C:\\Program Files\\nodejs\\node.exe","version":"v22.13.1","argv":["C:\\Program Files\\nodejs\\node.exe","C:\\Users\\win\\Downloads\\Global-Advertising-Platform-d9586aca12844d7c7dbe1a70fb43f4a241df4343\\backend\\server.js"],"memoryUsage":{"rss":121282560,"heapTotal":73232384,"heapUsed":47065984,"external":4663480,"arrayBuffers":946934}},"os":{"loadavg":[0,0,0],"uptime":100270.859},"trace":[{"column":16,"file":"node:net","function":"Server.setupListenHandle [as _listen2]","line":1937,"method":"setupListenHandle [as _listen2]","native":false},{"column":12,"file":"node:net","function":"listenInCluster","line":1994,"method":null,"native":false},{"column":7,"file":"node:net","function":null,"line":2203,"method":null,"native":false},{"column":21,"file":"node:internal/process/task_queues","function":"process.processTicksAndRejections","line":90,"method":"processTicksAndRejections","native":false}]}
2026-01-28 01:19:39 [error]: uncaughtException: listen EADDRINUSE: address already in use 0.0.0.0:3000
Error: listen EADDRINUSE: address already in use 0.0.0.0:3000
    at Server.setupListenHandle [as _listen2] (node:net:1937:16)
    at listenInCluster (node:net:1994:12)
    at node:net:2203:7
    at process.processTicksAndRejections (node:internal/process/task_queues:90:21)
Error: listen EADDRINUSE: address already in use 0.0.0.0:3000
    at Server.setupListenHandle [as _listen2] (node:net:1937:16)
    at listenInCluster (node:net:1994:12)
    at node:net:2203:7
    at process.processTicksAndRejections (node:internal/process/task_queues:90:21) {"error":{"code":"EADDRINUSE","errno":-4091,"syscall":"listen","address":"0.0.0.0","port":3000},"exception":true,"date":"Wed Jan 28 2026 01:19:39 GMT+0900 (대한민국 표준시)","process":{"pid":9292,"uid":null,"gid":null,"cwd":"C:\\Users\\win\\Downloads\\Global-Advertising-Platform-d9586aca12844d7c7dbe1a70fb43f4a241df4343\\backend","execPath":"C:\\Program Files\\nodejs\\node.exe","version":"v22.13.1","argv":["C:\\Program Files\\nodejs\\node.exe","C:\\Users\\win\\Downloads\\Global-Advertising-Platform-d9586aca12844d7c7dbe1a70fb43f4a241df4343\\backend\\server.js"],"memoryUsage":{"rss":122535936,"heapTotal":73756672,"heapUsed":45286840,"external":4663480,"arrayBuffers":946934}},"os":{"loadavg":[0,0,0],"uptime":101087.343},"trace":[{"column":16,"file":"node:net","function":"Server.setupListenHandle [as _listen2]","line":1937,"method":"setupListenHandle [as _listen2]","native":false},{"column":12,"file":"node:net","function":"listenInCluster","line":1994,"method":null,"native":false},{"column":7,"file":"node:net","function":null,"line":2203,"method":null,"native":false},{"column":21,"file":"node:internal/process/task_queues","function":"process.processTicksAndRejections","line":90,"method":"processTicksAndRejections","native":false}]}
2026-01-28 01:19:39 [error]: uncaughtException: listen EADDRINUSE: address already in use 0.0.0.0:3000
Error: listen EADDRINUSE: address already in use 0.0.0.0:3000
    at Server.setupListenHandle [as _listen2] (node:net:1937:16)
    at listenInCluster (node:net:1994:12)
    at node:net:2203:7
    at process.processTicksAndRejections (node:internal/process/task_queues:90:21)
Error: listen EADDRINUSE: address already in use 0.0.0.0:3000
    at Server.setupListenHandle [as _listen2] (node:net:1937:16)
    at listenInCluster (node:net:1994:12)
    at node:net:2203:7
    at process.processTicksAndRejections (node:internal/process/task_queues:90:21) {"error":{"code":"EADDRINUSE","errno":-4091,"syscall":"listen","address":"0.0.0.0","port":3000},"exception":true,"date":"Wed Jan 28 2026 01:19:39 GMT+0900 (대한민국 표준시)","process":{"pid":12332,"uid":null,"gid":null,"cwd":"C:\\Users\\win\\Downloads\\Global-Advertising-Platform-d9586aca12844d7c7dbe1a70fb43f4a241df4343\\backend","execPath":"C:\\Program Files\\nodejs\\node.exe","version":"v22.13.1","argv":["C:\\Program Files\\nodejs\\node.exe","C:\\Users\\win\\Downloads\\Global-Advertising-Platform-d9586aca12844d7c7dbe1a70fb43f4a241df4343\\backend\\server.js"],"memoryUsage":{"rss":122961920,"heapTotal":74018816,"heapUsed":45431440,"external":4663480,"arrayBuffers":946934}},"os":{"loadavg":[0,0,0],"uptime":101087.359},"trace":[{"column":16,"file":"node:net","function":"Server.setupListenHandle [as _listen2]","line":1937,"method":"setupListenHandle [as _listen2]","native":false},{"column":12,"file":"node:net","function":"listenInCluster","line":1994,"method":null,"native":false},{"column":7,"file":"node:net","function":null,"line":2203,"method":null,"native":false},{"column":21,"file":"node:internal/process/task_queues","function":"process.processTicksAndRejections","line":90,"method":"processTicksAndRejections","native":false}]}
2026-01-28 01:19:39 [error]: uncaughtException: listen EADDRINUSE: address already in use 0.0.0.0:3000
Error: listen EADDRINUSE: address already in use 0.0.0.0:3000
    at Server.setupListenHandle [as _listen2] (node:net:1937:16)
    at listenInCluster (node:net:1994:12)
    at node:net:2203:7
    at process.processTicksAndRejections (node:internal/process/task_queues:90:21)
Error: listen EADDRINUSE: address already in use 0.0.0.0:3000
    at Server.setupListenHandle [as _listen2] (node:net:1937:16)
    at listenInCluster (node:net:1994:12)
    at node:net:2203:7
    at process.processTicksAndRejections (node:internal/process/task_queues:90:21) {"error":{"code":"EADDRINUSE","errno":-4091,"syscall":"listen","address":"0.0.0.0","port":3000},"exception":true,"date":"Wed Jan 28 2026 01:19:39 GMT+0900 (대한민국 표준시)","process":{"pid":30240,"uid":null,"gid":null,"cwd":"C:\\Users\\win\\Downloads\\Global-Advertising-Platform-d9586aca12844d7c7dbe1a70fb43f4a241df4343\\backend","execPath":"C:\\Program Files\\nodejs\\node.exe","version":"v22.13.1","argv":["C:\\Program Files\\nodejs\\node.exe","C:\\Users\\win\\Downloads\\Global-Advertising-Platform-d9586aca12844d7c7dbe1a70fb43f4a241df4343\\backend\\server.js"],"memoryUsage":{"rss":123117568,"heapTotal":74280960,"heapUsed":45298448,"external":4663480,"arrayBuffers":946934}},"os":{"loadavg":[0,0,0],"uptime":101087.359},"trace":[{"column":16,"file":"node:net","function":"Server.setupListenHandle [as _listen2]","line":1937,"method":"setupListenHandle [as _listen2]","native":false},{"column":12,"file":"node:net","function":"listenInCluster","line":1994,"method":null,"native":false},{"column":7,"file":"node:net","function":null,"line":2203,"method":null,"native":false},{"column":21,"file":"node:internal/process/task_queues","function":"process.processTicksAndRejections","line":90,"method":"processTicksAndRejections","native":false}]}
2026-01-28 01:19:39 [error]: uncaughtException: listen EADDRINUSE: address already in use 0.0.0.0:3000
Error: listen EADDRINUSE: address already in use 0.0.0.0:3000
    at Server.setupListenHandle [as _listen2] (node:net:1937:16)
    at listenInCluster (node:net:1994:12)
    at node:net:2203:7
    at process.processTicksAndRejections (node:internal/process/task_queues:90:21)
Error: listen EADDRINUSE: address already in use 0.0.0.0:3000
    at Server.setupListenHandle [as _listen2] (node:net:1937:16)
    at listenInCluster (node:net:1994:12)
    at node:net:2203:7
    at process.processTicksAndRejections (node:internal/process/task_queues:90:21) {"error":{"code":"EADDRINUSE","errno":-4091,"syscall":"listen","address":"0.0.0.0","port":3000},"exception":true,"date":"Wed Jan 28 2026 01:19:39 GMT+0900 (대한민국 표준시)","process":{"pid":23484,"uid":null,"gid":null,"cwd":"C:\\Users\\win\\Downloads\\Global-Advertising-Platform-d9586aca12844d7c7dbe1a70fb43f4a241df4343\\backend","execPath":"C:\\Program Files\\nodejs\\node.exe","version":"v22.13.1","argv":["C:\\Program Files\\nodejs\\node.exe","C:\\Users\\win\\Downloads\\Global-Advertising-Platform-d9586aca12844d7c7dbe1a70fb43f4a241df4343\\backend\\server.js"],"memoryUsage":{"rss":122920960,"heapTotal":74280960,"heapUsed":44322768,"external":4663480,"arrayBuffers":946934}},"os":{"loadavg":[0,0,0],"uptime":101087.359},"trace":[{"column":16,"file":"node:net","function":"Server.setupListenHandle [as _listen2]","line":1937,"method":"setupListenHandle [as _listen2]","native":false},{"column":12,"file":"node:net","function":"listenInCluster","line":1994,"method":null,"native":false},{"column":7,"file":"node:net","function":null,"line":2203,"method":null,"native":false},{"column":21,"file":"node:internal/process/task_queues","function":"process.processTicksAndRejections","line":90,"method":"processTicksAndRejections","native":false}]}
2026-01-28 01:19:43 [error]: uncaughtException: listen EADDRINUSE: address already in use 0.0.0.0:3000
Error: listen EADDRINUSE: address already in use 0.0.0.0:3000
    at Server.setupListenHandle [as _listen2] (node:net:1937:16)
    at listenInCluster (node:net:1994:12)
    at node:net:2203:7
    at process.processTicksAndRejections (node:internal/process/task_queues:90:21)
Error: listen EADDRINUSE: address already in use 0.0.0.0:3000
    at Server.setupListenHandle [as _listen2] (node:net:1937:16)
    at listenInCluster (node:net:1994:12)
    at node:net:2203:7
    at process.processTicksAndRejections (node:internal/process/task_queues:90:21) {"error":{"code":"EADDRINUSE","errno":-4091,"syscall":"listen","address":"0.0.0.0","port":3000},"exception":true,"date":"Wed Jan 28 2026 01:19:43 GMT+0900 (대한민국 표준시)","process":{"pid":27340,"uid":null,"gid":null,"cwd":"C:\\Users\\win\\Downloads\\Global-Advertising-Platform-d9586aca12844d7c7dbe1a70fb43f4a241df4343\\backend","execPath":"C:\\Program Files\\nodejs\\node.exe","version":"v22.13.1","argv":["C:\\Program Files\\nodejs\\node.exe","C:\\Users\\win\\Downloads\\Global-Advertising-Platform-d9586aca12844d7c7dbe1a70fb43f4a241df4343\\backend\\server.js"],"memoryUsage":{"rss":122331136,"heapTotal":74018816,"heapUsed":45547296,"external":4663480,"arrayBuffers":946934}},"os":{"loadavg":[0,0,0],"uptime":101091.171},"trace":[{"column":16,"file":"node:net","function":"Server.setupListenHandle [as _listen2]","line":1937,"method":"setupListenHandle [as _listen2]","native":false},{"column":12,"file":"node:net","function":"listenInCluster","line":1994,"method":null,"native":false},{"column":7,"file":"node:net","function":null,"line":2203,"method":null,"native":false},{"column":21,"file":"node:internal/process/task_queues","function":"process.processTicksAndRejections","line":90,"method":"processTicksAndRejections","native":false}]}
2026-01-28 01:19:43 [error]: uncaughtException: listen EADDRINUSE: address already in use 0.0.0.0:3000
Error: listen EADDRINUSE: address already in use 0.0.0.0:3000
    at Server.setupListenHandle [as _listen2] (node:net:1937:16)
    at listenInCluster (node:net:1994:12)
    at node:net:2203:7
    at process.processTicksAndRejections (node:internal/process/task_queues:90:21)
Error: listen EADDRINUSE: address already in use 0.0.0.0:3000
    at Server.setupListenHandle [as _listen2] (node:net:1937:16)
    at listenInCluster (node:net:1994:12)
    at node:net:2203:7
    at process.processTicksAndRejections (node:internal/process/task_queues:90:21) {"error":{"code":"EADDRINUSE","errno":-4091,"syscall":"listen","address":"0.0.0.0","port":3000},"exception":true,"date":"Wed Jan 28 2026 01:19:43 GMT+0900 (대한민국 표준시)","process":{"pid":1232,"uid":null,"gid":null,"cwd":"C:\\Users\\win\\Downloads\\Global-Advertising-Platform-d9586aca12844d7c7dbe1a70fb43f4a241df4343\\backend","execPath":"C:\\Program Files\\nodejs\\node.exe","version":"v22.13.1","argv":["C:\\Program Files\\nodejs\\node.exe","C:\\Users\\win\\Downloads\\Global-Advertising-Platform-d9586aca12844d7c7dbe1a70fb43f4a241df4343\\backend\\server.js"],"memoryUsage":{"rss":121724928,"heapTotal":72970240,"heapUsed":47373488,"external":4663480,"arrayBuffers":946934}},"os":{"loadavg":[0,0,0],"uptime":101091.171},"trace":[{"column":16,"file":"node:net","function":"Server.setupListenHandle [as _listen2]","line":1937,"method":"setupListenHandle [as _listen2]","native":false},{"column":12,"file":"node:net","function":"listenInCluster","line":1994,"method":null,"native":false},{"column":7,"file":"node:net","function":null,"line":2203,"method":null,"native":false},{"column":21,"file":"node:internal/process/task_queues","function":"process.processTicksAndRejections","line":90,"method":"processTicksAndRejections","native":false}]}
2026-01-28 01:19:43 [error]: uncaughtException: listen EADDRINUSE: address already in use 0.0.0.0:3000
Error: listen EADDRINUSE: address already in use 0.0.0.0:3000
    at Server.setupListenHandle [as _listen2] (node:net:1937:16)
    at listenInCluster (node:net:1994:12)
    at node:net:2203:7
    at process.processTicksAndRejections (node:internal/process/task_queues:90:21)
Error: listen EADDRINUSE: address already in use 0.0.0.0:3000
    at Server.setupListenHandle [as _listen2] (node:net:1937:16)
    at listenInCluster (node:net:1994:12)
    at node:net:2203:7
    at process.processTicksAndRejections (node:internal/process/task_queues:90:21) {"error":{"code":"EADDRINUSE","errno":-4091,"syscall":"listen","address":"0.0.0.0","port":3000},"exception":true,"date":"Wed Jan 28 2026 01:19:43 GMT+0900 (대한민국 표준시)","process":{"pid":3636,"uid":null,"gid":null,"cwd":"C:\\Users\\win\\Downloads\\Global-Advertising-Platform-d9586aca12844d7c7dbe1a70fb43f4a241df4343\\backend","execPath":"C:\\Program Files\\nodejs\\node.exe","version":"v22.13.1","argv":["C:\\Program Files\\nodejs\\node.exe","C:\\Users\\win\\Downloads\\Global-Advertising-Platform-d9586aca12844d7c7dbe1a70fb43f4a241df4343\\backend\\server.js"],"memoryUsage":{"rss":122609664,"heapTotal":74018816,"heapUsed":46637224,"external":4663480,"arrayBuffers":946934}},"os":{"loadavg":[0,0,0],"uptime":101091.187},"trace":[{"column":16,"file":"node:net","function":"Server.setupListenHandle [as _listen2]","line":1937,"method":"setupListenHandle [as _listen2]","native":false},{"column":12,"file":"node:net","function":"listenInCluster","line":1994,"method":null,"native":false},{"column":7,"file":"node:net","function":null,"line":2203,"method":null,"native":false},{"column":21,"file":"node:internal/process/task_queues","function":"process.processTicksAndRejections","line":90,"method":"processTicksAndRejections","native":false}]}
2026-01-28 01:19:43 [error]: uncaughtException: listen EADDRINUSE: address already in use 0.0.0.0:3000
Error: listen EADDRINUSE: address already in use 0.0.0.0:3000
    at Server.setupListenHandle [as _listen2] (node:net:1937:16)
    at listenInCluster (node:net:1994:12)
    at node:net:2203:7
    at process.processTicksAndRejections (node:internal/process/task_queues:90:21)
Error: listen EADDRINUSE: address already in use 0.0.0.0:3000
    at Server.setupListenHandle [as _listen2] (node:net:1937:16)
    at listenInCluster (node:net:1994:12)
    at node:net:2203:7
    at process.processTicksAndRejections (node:internal/process/task_queues:90:21) {"error":{"code":"EADDRINUSE","errno":-4091,"syscall":"listen","address":"0.0.0.0","port":3000},"exception":true,"date":"Wed Jan 28 2026 01:19:43 GMT+0900 (대한민국 표준시)","process":{"pid":18472,"uid":null,"gid":null,"cwd":"C:\\Users\\win\\Downloads\\Global-Advertising-Platform-d9586aca12844d7c7dbe1a70fb43f4a241df4343\\backend","execPath":"C:\\Program Files\\nodejs\\node.exe","version":"v22.13.1","argv":["C:\\Program Files\\nodejs\\node.exe","C:\\Users\\win\\Downloads\\Global-Advertising-Platform-d9586aca12844d7c7dbe1a70fb43f4a241df4343\\backend\\server.js"],"memoryUsage":{"rss":122617856,"heapTotal":74018816,"heapUsed":45536840,"external":4663480,"arrayBuffers":946934}},"os":{"loadavg":[0,0,0],"uptime":101091.203},"trace":[{"column":16,"file":"node:net","function":"Server.setupListenHandle [as _listen2]","line":1937,"method":"setupListenHandle [as _listen2]","native":false},{"column":12,"file":"node:net","function":"listenInCluster","line":1994,"method":null,"native":false},{"column":7,"file":"node:net","function":null,"line":2203,"method":null,"native":false},{"column":21,"file":"node:internal/process/task_queues","function":"process.processTicksAndRejections","line":90,"method":"processTicksAndRejections","native":false}]}
2026-01-28 01:19:50 [error]: uncaughtException: listen EADDRINUSE: address already in use 0.0.0.0:3000
Error: listen EADDRINUSE: address already in use 0.0.0.0:3000
    at Server.setupListenHandle [as _listen2] (node:net:1937:16)
    at listenInCluster (node:net:1994:12)
    at node:net:2203:7
    at process.processTicksAndRejections (node:internal/process/task_queues:90:21)
Error: listen EADDRINUSE: address already in use 0.0.0.0:3000
    at Server.setupListenHandle [as _listen2] (node:net:1937:16)
    at listenInCluster (node:net:1994:12)
    at node:net:2203:7
    at process.processTicksAndRejections (node:internal/process/task_queues:90:21) {"error":{"code":"EADDRINUSE","errno":-4091,"syscall":"listen","address":"0.0.0.0","port":3000},"exception":true,"date":"Wed Jan 28 2026 01:19:50 GMT+0900 (대한민국 표준시)","process":{"pid":3648,"uid":null,"gid":null,"cwd":"C:\\Users\\win\\Downloads\\Global-Advertising-Platform-d9586aca12844d7c7dbe1a70fb43f4a241df4343\\backend","execPath":"C:\\Program Files\\nodejs\\node.exe","version":"v22.13.1","argv":["C:\\Program Files\\nodejs\\node.exe","C:\\Users\\win\\Downloads\\Global-Advertising-Platform-d9586aca12844d7c7dbe1a70fb43f4a241df4343\\backend\\server.js"],"memoryUsage":{"rss":123207680,"heapTotal":74280960,"heapUsed":46216864,"external":4663480,"arrayBuffers":946934}},"os":{"loadavg":[0,0,0],"uptime":101098.625},"trace":[{"column":16,"file":"node:net","function":"Server.setupListenHandle [as _listen2]","line":1937,"method":"setupListenHandle [as _listen2]","native":false},{"column":12,"file":"node:net","function":"listenInCluster","line":1994,"method":null,"native":false},{"column":7,"file":"node:net","function":null,"line":2203,"method":null,"native":false},{"column":21,"file":"node:internal/process/task_queues","function":"process.processTicksAndRejections","line":90,"method":"processTicksAndRejections","native":false}]}
2026-01-28 01:19:50 [error]: uncaughtException: listen EADDRINUSE: address already in use 0.0.0.0:3000
Error: listen EADDRINUSE: address already in use 0.0.0.0:3000
    at Server.setupListenHandle [as _listen2] (node:net:1937:16)
    at listenInCluster (node:net:1994:12)
    at node:net:2203:7
    at process.processTicksAndRejections (node:internal/process/task_queues:90:21)
Error: listen EADDRINUSE: address already in use 0.0.0.0:3000
    at Server.setupListenHandle [as _listen2] (node:net:1937:16)
    at listenInCluster (node:net:1994:12)
    at node:net:2203:7
    at process.processTicksAndRejections (node:internal/process/task_queues:90:21) {"error":{"code":"EADDRINUSE","errno":-4091,"syscall":"listen","address":"0.0.0.0","port":3000},"exception":true,"date":"Wed Jan 28 2026 01:19:50 GMT+0900 (대한민국 표준시)","process":{"pid":28828,"uid":null,"gid":null,"cwd":"C:\\Users\\win\\Downloads\\Global-Advertising-Platform-d9586aca12844d7c7dbe1a70fb43f4a241df4343\\backend","execPath":"C:\\Program Files\\nodejs\\node.exe","version":"v22.13.1","argv":["C:\\Program Files\\nodejs\\node.exe","C:\\Users\\win\\Downloads\\Global-Advertising-Platform-d9586aca12844d7c7dbe1a70fb43f4a241df4343\\backend\\server.js"],"memoryUsage":{"rss":122564608,"heapTotal":73494528,"heapUsed":46145760,"external":4663480,"arrayBuffers":946934}},"os":{"loadavg":[0,0,0],"uptime":101098.64},"trace":[{"column":16,"file":"node:net","function":"Server.setupListenHandle [as _listen2]","line":1937,"method":"setupListenHandle [as _listen2]","native":false},{"column":12,"file":"node:net","function":"listenInCluster","line":1994,"method":null,"native":false},{"column":7,"file":"node:net","function":null,"line":2203,"method":null,"native":false},{"column":21,"file":"node:internal/process/task_queues","function":"process.processTicksAndRejections","line":90,"method":"processTicksAndRejections","native":false}]}
2026-01-28 01:19:50 [error]: uncaughtException: listen EADDRINUSE: address already in use 0.0.0.0:3000
Error: listen EADDRINUSE: address already in use 0.0.0.0:3000
    at Server.setupListenHandle [as _listen2] (node:net:1937:16)
    at listenInCluster (node:net:1994:12)
    at node:net:2203:7
    at process.processTicksAndRejections (node:internal/process/task_queues:90:21)
Error: listen EADDRINUSE: address already in use 0.0.0.0:3000
    at Server.setupListenHandle [as _listen2] (node:net:1937:16)
    at listenInCluster (node:net:1994:12)
    at node:net:2203:7
    at process.processTicksAndRejections (node:internal/process/task_queues:90:21) {"error":{"code":"EADDRINUSE","errno":-4091,"syscall":"listen","address":"0.0.0.0","port":3000},"exception":true,"date":"Wed Jan 28 2026 01:19:50 GMT+0900 (대한민국 표준시)","process":{"pid":26528,"uid":null,"gid":null,"cwd":"C:\\Users\\win\\Downloads\\Global-Advertising-Platform-d9586aca12844d7c7dbe1a70fb43f4a241df4343\\backend","execPath":"C:\\Program Files\\nodejs\\node.exe","version":"v22.13.1","argv":["C:\\Program Files\\nodejs\\node.exe","C:\\Users\\win\\Downloads\\Global-Advertising-Platform-d9586aca12844d7c7dbe1a70fb43f4a241df4343\\backend\\server.js"],"memoryUsage":{"rss":123142144,"heapTotal":74280960,"heapUsed":44943888,"external":4663480,"arrayBuffers":946934}},"os":{"loadavg":[0,0,0],"uptime":101098.64},"trace":[{"column":16,"file":"node:net","function":"Server.setupListenHandle [as _listen2]","line":1937,"method":"setupListenHandle [as _listen2]","native":false},{"column":12,"file":"node:net","function":"listenInCluster","line":1994,"method":null,"native":false},{"column":7,"file":"node:net","function":null,"line":2203,"method":null,"native":false},{"column":21,"file":"node:internal/process/task_queues","function":"process.processTicksAndRejections","line":90,"method":"processTicksAndRejections","native":false}]}
2026-01-28 01:19:50 [error]: uncaughtException: listen EADDRINUSE: address already in use 0.0.0.0:3000
Error: listen EADDRINUSE: address already in use 0.0.0.0:3000
    at Server.setupListenHandle [as _listen2] (node:net:1937:16)
    at listenInCluster (node:net:1994:12)
    at node:net:2203:7
    at process.processTicksAndRejections (node:internal/process/task_queues:90:21)
Error: listen EADDRINUSE: address already in use 0.0.0.0:3000
    at Server.setupListenHandle [as _listen2] (node:net:1937:16)
    at listenInCluster (node:net:1994:12)
    at node:net:2203:7
    at process.processTicksAndRejections (node:internal/process/task_queues:90:21) {"error":{"code":"EADDRINUSE","errno":-4091,"syscall":"listen","address":"0.0.0.0","port":3000},"exception":true,"date":"Wed Jan 28 2026 01:19:50 GMT+0900 (대한민국 표준시)","process":{"pid":9836,"uid":null,"gid":null,"cwd":"C:\\Users\\win\\Downloads\\Global-Advertising-Platform-d9586aca12844d7c7dbe1a70fb43f4a241df4343\\backend","execPath":"C:\\Program Files\\nodejs\\node.exe","version":"v22.13.1","argv":["C:\\Program Files\\nodejs\\node.exe","C:\\Users\\win\\Downloads\\Global-Advertising-Platform-d9586aca12844d7c7dbe1a70fb43f4a241df4343\\backend\\server.js"],"memoryUsage":{"rss":122843136,"heapTotal":73756672,"heapUsed":46829384,"external":4663480,"arrayBuffers":946934}},"os":{"loadavg":[0,0,0],"uptime":101098.687},"trace":[{"column":16,"file":"node:net","function":"Server.setupListenHandle [as _listen2]","line":1937,"method":"setupListenHandle [as _listen2]","native":false},{"column":12,"file":"node:net","function":"listenInCluster","line":1994,"method":null,"native":false},{"column":7,"file":"node:net","function":null,"line":2203,"method":null,"native":false},{"column":21,"file":"node:internal/process/task_queues","function":"process.processTicksAndRejections","line":90,"method":"processTicksAndRejections","native":false}]}
2026-01-28 01:19:56 [error]: uncaughtException: listen EADDRINUSE: address already in use 0.0.0.0:3000
Error: listen EADDRINUSE: address already in use 0.0.0.0:3000
    at Server.setupListenHandle [as _listen2] (node:net:1937:16)
    at listenInCluster (node:net:1994:12)
    at node:net:2203:7
    at process.processTicksAndRejections (node:internal/process/task_queues:90:21)
Error: listen EADDRINUSE: address already in use 0.0.0.0:3000
    at Server.setupListenHandle [as _listen2] (node:net:1937:16)
    at listenInCluster (node:net:1994:12)
    at node:net:2203:7
    at process.processTicksAndRejections (node:internal/process/task_queues:90:21) {"error":{"code":"EADDRINUSE","errno":-4091,"syscall":"listen","address":"0.0.0.0","port":3000},"exception":true,"date":"Wed Jan 28 2026 01:19:56 GMT+0900 (대한민국 표준시)","process":{"pid":10744,"uid":null,"gid":null,"cwd":"C:\\Users\\win\\Downloads\\Global-Advertising-Platform-d9586aca12844d7c7dbe1a70fb43f4a241df4343\\backend","execPath":"C:\\Program Files\\nodejs\\node.exe","version":"v22.13.1","argv":["C:\\Program Files\\nodejs\\node.exe","C:\\Users\\win\\Downloads\\Global-Advertising-Platform-d9586aca12844d7c7dbe1a70fb43f4a241df4343\\backend\\server.js"],"memoryUsage":{"rss":122830848,"heapTotal":74018816,"heapUsed":44827888,"external":4663480,"arrayBuffers":946934}},"os":{"loadavg":[0,0,0],"uptime":101104.703},"trace":[{"column":16,"file":"node:net","function":"Server.setupListenHandle [as _listen2]","line":1937,"method":"setupListenHandle [as _listen2]","native":false},{"column":12,"file":"node:net","function":"listenInCluster","line":1994,"method":null,"native":false},{"column":7,"file":"node:net","function":null,"line":2203,"method":null,"native":false},{"column":21,"file":"node:internal/process/task_queues","function":"process.processTicksAndRejections","line":90,"method":"processTicksAndRejections","native":false}]}
2026-01-28 01:19:56 [error]: uncaughtException: listen EADDRINUSE: address already in use 0.0.0.0:3000
Error: listen EADDRINUSE: address already in use 0.0.0.0:3000
    at Server.setupListenHandle [as _listen2] (node:net:1937:16)
    at listenInCluster (node:net:1994:12)
    at node:net:2203:7
    at process.processTicksAndRejections (node:internal/process/task_queues:90:21)
Error: listen EADDRINUSE: address already in use 0.0.0.0:3000
    at Server.setupListenHandle [as _listen2] (node:net:1937:16)
    at listenInCluster (node:net:1994:12)
    at node:net:2203:7
    at process.processTicksAndRejections (node:internal/process/task_queues:90:21) {"error":{"code":"EADDRINUSE","errno":-4091,"syscall":"listen","address":"0.0.0.0","port":3000},"exception":true,"date":"Wed Jan 28 2026 01:19:56 GMT+0900 (대한민국 표준시)","process":{"pid":10484,"uid":null,"gid":null,"cwd":"C:\\Users\\win\\Downloads\\Global-Advertising-Platform-d9586aca12844d7c7dbe1a70fb43f4a241df4343\\backend","execPath":"C:\\Program Files\\nodejs\\node.exe","version":"v22.13.1","argv":["C:\\Program Files\\nodejs\\node.exe","C:\\Users\\win\\Downloads\\Global-Advertising-Platform-d9586aca12844d7c7dbe1a70fb43f4a241df4343\\backend\\server.js"],"memoryUsage":{"rss":123400192,"heapTotal":74280960,"heapUsed":45504976,"external":4663480,"arrayBuffers":946934}},"os":{"loadavg":[0,0,0],"uptime":101104.718},"trace":[{"column":16,"file":"node:net","function":"Server.setupListenHandle [as _listen2]","line":1937,"method":"setupListenHandle [as _listen2]","native":false},{"column":12,"file":"node:net","function":"listenInCluster","line":1994,"method":null,"native":false},{"column":7,"file":"node:net","function":null,"line":2203,"method":null,"native":false},{"column":21,"file":"node:internal/process/task_queues","function":"process.processTicksAndRejections","line":90,"method":"processTicksAndRejections","native":false}]}
2026-01-28 01:19:56 [error]: uncaughtException: listen EADDRINUSE: address already in use 0.0.0.0:3000
Error: listen EADDRINUSE: address already in use 0.0.0.0:3000
    at Server.setupListenHandle [as _listen2] (node:net:1937:16)
    at listenInCluster (node:net:1994:12)
    at node:net:2203:7
    at process.processTicksAndRejections (node:internal/process/task_queues:90:21)
Error: listen EADDRINUSE: address already in use 0.0.0.0:3000
    at Server.setupListenHandle [as _listen2] (node:net:1937:16)
    at listenInCluster (node:net:1994:12)
    at node:net:2203:7
    at process.processTicksAndRejections (node:internal/process/task_queues:90:21) {"error":{"code":"EADDRINUSE","errno":-4091,"syscall":"listen","address":"0.0.0.0","port":3000},"exception":true,"date":"Wed Jan 28 2026 01:19:56 GMT+0900 (대한민국 표준시)","process":{"pid":30176,"uid":null,"gid":null,"cwd":"C:\\Users\\win\\Downloads\\Global-Advertising-Platform-d9586aca12844d7c7dbe1a70fb43f4a241df4343\\backend","execPath":"C:\\Program Files\\nodejs\\node.exe","version":"v22.13.1","argv":["C:\\Program Files\\nodejs\\node.exe","C:\\Users\\win\\Downloads\\Global-Advertising-Platform-d9586aca12844d7c7dbe1a70fb43f4a241df4343\\backend\\server.js"],"memoryUsage":{"rss":122466304,"heapTotal":73756672,"heapUsed":45890560,"external":4663480,"arrayBuffers":946934}},"os":{"loadavg":[0,0,0],"uptime":101104.734},"trace":[{"column":16,"file":"node:net","function":"Server.setupListenHandle [as _listen2]","line":1937,"method":"setupListenHandle [as _listen2]","native":false},{"column":12,"file":"node:net","function":"listenInCluster","line":1994,"method":null,"native":false},{"column":7,"file":"node:net","function":null,"line":2203,"method":null,"native":false},{"column":21,"file":"node:internal/process/task_queues","function":"process.processTicksAndRejections","line":90,"method":"processTicksAndRejections","native":false}]}
2026-01-28 01:19:56 [error]: uncaughtException: listen EADDRINUSE: address already in use 0.0.0.0:3000
Error: listen EADDRINUSE: address already in use 0.0.0.0:3000
    at Server.setupListenHandle [as _listen2] (node:net:1937:16)
    at listenInCluster (node:net:1994:12)
    at node:net:2203:7
    at process.processTicksAndRejections (node:internal/process/task_queues:90:21)
Error: listen EADDRINUSE: address already in use 0.0.0.0:3000
    at Server.setupListenHandle [as _listen2] (node:net:1937:16)
    at listenInCluster (node:net:1994:12)
    at node:net:2203:7
    at process.processTicksAndRejections (node:internal/process/task_queues:90:21) {"error":{"code":"EADDRINUSE","errno":-4091,"syscall":"listen","address":"0.0.0.0","port":3000},"exception":true,"date":"Wed Jan 28 2026 01:19:56 GMT+0900 (대한민국 표준시)","process":{"pid":26720,"uid":null,"gid":null,"cwd":"C:\\Users\\win\\Downloads\\Global-Advertising-Platform-d9586aca12844d7c7dbe1a70fb43f4a241df4343\\backend","execPath":"C:\\Program Files\\nodejs\\node.exe","version":"v22.13.1","argv":["C:\\Program Files\\nodejs\\node.exe","C:\\Users\\win\\Downloads\\Global-Advertising-Platform-d9586aca12844d7c7dbe1a70fb43f4a241df4343\\backend\\server.js"],"memoryUsage":{"rss":122544128,"heapTotal":74018816,"heapUsed":46453168,"external":4663480,"arrayBuffers":946934}},"os":{"loadavg":[0,0,0],"uptime":101104.734},"trace":[{"column":16,"file":"node:net","function":"Server.setupListenHandle [as _listen2]","line":1937,"method":"setupListenHandle [as _listen2]","native":false},{"column":12,"file":"node:net","function":"listenInCluster","line":1994,"method":null,"native":false},{"column":7,"file":"node:net","function":null,"line":2203,"method":null,"native":false},{"column":21,"file":"node:internal/process/task_queues","function":"process.processTicksAndRejections","line":90,"method":"processTicksAndRejections","native":false}]}
2026-01-28 01:20:03 [error]: uncaughtException: listen EADDRINUSE: address already in use 0.0.0.0:3000
Error: listen EADDRINUSE: address already in use 0.0.0.0:3000
    at Server.setupListenHandle [as _listen2] (node:net:1937:16)
    at listenInCluster (node:net:1994:12)
    at node:net:2203:7
    at process.processTicksAndRejections (node:internal/process/task_queues:90:21)
Error: listen EADDRINUSE: address already in use 0.0.0.0:3000
    at Server.setupListenHandle [as _listen2] (node:net:1937:16)
    at listenInCluster (node:net:1994:12)
    at node:net:2203:7
    at process.processTicksAndRejections (node:internal/process/task_queues:90:21) {"error":{"code":"EADDRINUSE","errno":-4091,"syscall":"listen","address":"0.0.0.0","port":3000},"exception":true,"date":"Wed Jan 28 2026 01:20:03 GMT+0900 (대한민국 표준시)","process":{"pid":11276,"uid":null,"gid":null,"cwd":"C:\\Users\\win\\Downloads\\Global-Advertising-Platform-d9586aca12844d7c7dbe1a70fb43f4a241df4343\\backend","execPath":"C:\\Program Files\\nodejs\\node.exe","version":"v22.13.1","argv":["C:\\Program Files\\nodejs\\node.exe","C:\\Users\\win\\Downloads\\Global-Advertising-Platform-d9586aca12844d7c7dbe1a70fb43f4a241df4343\\backend\\server.js"],"memoryUsage":{"rss":121892864,"heapTotal":74018816,"heapUsed":46561176,"external":4663480,"arrayBuffers":946934}},"os":{"loadavg":[0,0,0],"uptime":101110.906},"trace":[{"column":16,"file":"node:net","function":"Server.setupListenHandle [as _listen2]","line":1937,"method":"setupListenHandle [as _listen2]","native":false},{"column":12,"file":"node:net","function":"listenInCluster","line":1994,"method":null,"native":false},{"column":7,"file":"node:net","function":null,"line":2203,"method":null,"native":false},{"column":21,"file":"node:internal/process/task_queues","function":"process.processTicksAndRejections","line":90,"method":"processTicksAndRejections","native":false}]}
2026-01-28 01:20:03 [error]: uncaughtException: listen EADDRINUSE: address already in use 0.0.0.0:3000
Error: listen EADDRINUSE: address already in use 0.0.0.0:3000
    at Server.setupListenHandle [as _listen2] (node:net:1937:16)
    at listenInCluster (node:net:1994:12)
    at node:net:2203:7
    at process.processTicksAndRejections (node:internal/process/task_queues:90:21)
Error: listen EADDRINUSE: address already in use 0.0.0.0:3000
    at Server.setupListenHandle [as _listen2] (node:net:1937:16)
    at listenInCluster (node:net:1994:12)
    at node:net:2203:7
    at process.processTicksAndRejections (node:internal/process/task_queues:90:21) {"error":{"code":"EADDRINUSE","errno":-4091,"syscall":"listen","address":"0.0.0.0","port":3000},"exception":true,"date":"Wed Jan 28 2026 01:20:03 GMT+0900 (대한민국 표준시)","process":{"pid":16068,"uid":null,"gid":null,"cwd":"C:\\Users\\win\\Downloads\\Global-Advertising-Platform-d9586aca12844d7c7dbe1a70fb43f4a241df4343\\backend","execPath":"C:\\Program Files\\nodejs\\node.exe","version":"v22.13.1","argv":["C:\\Program Files\\nodejs\\node.exe","C:\\Users\\win\\Downloads\\Global-Advertising-Platform-d9586aca12844d7c7dbe1a70fb43f4a241df4343\\backend\\server.js"],"memoryUsage":{"rss":121794560,"heapTotal":73232384,"heapUsed":47232848,"external":4663480,"arrayBuffers":946934}},"os":{"loadavg":[0,0,0],"uptime":101110.937},"trace":[{"column":16,"file":"node:net","function":"Server.setupListenHandle [as _listen2]","line":1937,"method":"setupListenHandle [as _listen2]","native":false},{"column":12,"file":"node:net","function":"listenInCluster","line":1994,"method":null,"native":false},{"column":7,"file":"node:net","function":null,"line":2203,"method":null,"native":false},{"column":21,"file":"node:internal/process/task_queues","function":"process.processTicksAndRejections","line":90,"method":"processTicksAndRejections","native":false}]}
2026-01-28 01:20:03 [error]: uncaughtException: listen EADDRINUSE: address already in use 0.0.0.0:3000
Error: listen EADDRINUSE: address already in use 0.0.0.0:3000
    at Server.setupListenHandle [as _listen2] (node:net:1937:16)
    at listenInCluster (node:net:1994:12)
    at node:net:2203:7
    at process.processTicksAndRejections (node:internal/process/task_queues:90:21)
Error: listen EADDRINUSE: address already in use 0.0.0.0:3000
    at Server.setupListenHandle [as _listen2] (node:net:1937:16)
    at listenInCluster (node:net:1994:12)
    at node:net:2203:7
    at process.processTicksAndRejections (node:internal/process/task_queues:90:21) {"error":{"code":"EADDRINUSE","errno":-4091,"syscall":"listen","address":"0.0.0.0","port":3000},"exception":true,"date":"Wed Jan 28 2026 01:20:03 GMT+0900 (대한민국 표준시)","process":{"pid":24468,"uid":null,"gid":null,"cwd":"C:\\Users\\win\\Downloads\\Global-Advertising-Platform-d9586aca12844d7c7dbe1a70fb43f4a241df4343\\backend","execPath":"C:\\Program Files\\nodejs\\node.exe","version":"v22.13.1","argv":["C:\\Program Files\\nodejs\\node.exe","C:\\Users\\win\\Downloads\\Global-Advertising-Platform-d9586aca12844d7c7dbe1a70fb43f4a241df4343\\backend\\server.js"],"memoryUsage":{"rss":122716160,"heapTotal":74018816,"heapUsed":45528032,"external":4663480,"arrayBuffers":946934}},"os":{"loadavg":[0,0,0],"uptime":101110.953},"trace":[{"column":16,"file":"node:net","function":"Server.setupListenHandle [as _listen2]","line":1937,"method":"setupListenHandle [as _listen2]","native":false},{"column":12,"file":"node:net","function":"listenInCluster","line":1994,"method":null,"native":false},{"column":7,"file":"node:net","function":null,"line":2203,"method":null,"native":false},{"column":21,"file":"node:internal/process/task_queues","function":"process.processTicksAndRejections","line":90,"method":"processTicksAndRejections","native":false}]}
2026-01-28 01:20:03 [error]: uncaughtException: listen EADDRINUSE: address already in use 0.0.0.0:3000
Error: listen EADDRINUSE: address already in use 0.0.0.0:3000
    at Server.setupListenHandle [as _listen2] (node:net:1937:16)
    at listenInCluster (node:net:1994:12)
    at node:net:2203:7
    at process.processTicksAndRejections (node:internal/process/task_queues:90:21)
Error: listen EADDRINUSE: address already in use 0.0.0.0:3000
    at Server.setupListenHandle [as _listen2] (node:net:1937:16)
    at listenInCluster (node:net:1994:12)
    at node:net:2203:7
    at process.processTicksAndRejections (node:internal/process/task_queues:90:21) {"error":{"code":"EADDRINUSE","errno":-4091,"syscall":"listen","address":"0.0.0.0","port":3000},"exception":true,"date":"Wed Jan 28 2026 01:20:03 GMT+0900 (대한민국 표준시)","process":{"pid":21352,"uid":null,"gid":null,"cwd":"C:\\Users\\win\\Downloads\\Global-Advertising-Platform-d9586aca12844d7c7dbe1a70fb43f4a241df4343\\backend","execPath":"C:\\Program Files\\nodejs\\node.exe","version":"v22.13.1","argv":["C:\\Program Files\\nodejs\\node.exe","C:\\Users\\win\\Downloads\\Global-Advertising-Platform-d9586aca12844d7c7dbe1a70fb43f4a241df4343\\backend\\server.js"],"memoryUsage":{"rss":121188352,"heapTotal":72708096,"heapUsed":47460648,"external":4663480,"arrayBuffers":946934}},"os":{"loadavg":[0,0,0],"uptime":101110.953},"trace":[{"column":16,"file":"node:net","function":"Server.setupListenHandle [as _listen2]","line":1937,"method":"setupListenHandle [as _listen2]","native":false},{"column":12,"file":"node:net","function":"listenInCluster","line":1994,"method":null,"native":false},{"column":7,"file":"node:net","function":null,"line":2203,"method":null,"native":false},{"column":21,"file":"node:internal/process/task_queues","function":"process.processTicksAndRejections","line":90,"method":"processTicksAndRejections","native":false}]}
2026-01-28 01:20:08 [error]: uncaughtException: listen EADDRINUSE: address already in use 0.0.0.0:3000
Error: listen EADDRINUSE: address already in use 0.0.0.0:3000
    at Server.setupListenHandle [as _listen2] (node:net:1937:16)
    at listenInCluster (node:net:1994:12)
    at node:net:2203:7
    at process.processTicksAndRejections (node:internal/process/task_queues:90:21)
Error: listen EADDRINUSE: address already in use 0.0.0.0:3000
    at Server.setupListenHandle [as _listen2] (node:net:1937:16)
    at listenInCluster (node:net:1994:12)
    at node:net:2203:7
    at process.processTicksAndRejections (node:internal/process/task_queues:90:21) {"error":{"code":"EADDRINUSE","errno":-4091,"syscall":"listen","address":"0.0.0.0","port":3000},"exception":true,"date":"Wed Jan 28 2026 01:20:08 GMT+0900 (대한민국 표준시)","process":{"pid":29156,"uid":null,"gid":null,"cwd":"C:\\Users\\win\\Downloads\\Global-Advertising-Platform-d9586aca12844d7c7dbe1a70fb43f4a241df4343\\backend","execPath":"C:\\Program Files\\nodejs\\node.exe","version":"v22.13.1","argv":["C:\\Program Files\\nodejs\\node.exe","C:\\Users\\win\\Downloads\\Global-Advertising-Platform-d9586aca12844d7c7dbe1a70fb43f4a241df4343\\backend\\server.js"],"memoryUsage":{"rss":122232832,"heapTotal":73494528,"heapUsed":46154864,"external":4663480,"arrayBuffers":946934}},"os":{"loadavg":[0,0,0],"uptime":101116.437},"trace":[{"column":16,"file":"node:net","function":"Server.setupListenHandle [as _listen2]","line":1937,"method":"setupListenHandle [as _listen2]","native":false},{"column":12,"file":"node:net","function":"listenInCluster","line":1994,"method":null,"native":false},{"column":7,"file":"node:net","function":null,"line":2203,"method":null,"native":false},{"column":21,"file":"node:internal/process/task_queues","function":"process.processTicksAndRejections","line":90,"method":"processTicksAndRejections","native":false}]}
2026-01-28 01:20:08 [error]: uncaughtException: listen EADDRINUSE: address already in use 0.0.0.0:3000
Error: listen EADDRINUSE: address already in use 0.0.0.0:3000
    at Server.setupListenHandle [as _listen2] (node:net:1937:16)
    at listenInCluster (node:net:1994:12)
    at node:net:2203:7
    at process.processTicksAndRejections (node:internal/process/task_queues:90:21)
Error: listen EADDRINUSE: address already in use 0.0.0.0:3000
    at Server.setupListenHandle [as _listen2] (node:net:1937:16)
    at listenInCluster (node:net:1994:12)
    at node:net:2203:7
    at process.processTicksAndRejections (node:internal/process/task_queues:90:21) {"error":{"code":"EADDRINUSE","errno":-4091,"syscall":"listen","address":"0.0.0.0","port":3000},"exception":true,"date":"Wed Jan 28 2026 01:20:08 GMT+0900 (대한민국 표준시)","process":{"pid":21852,"uid":null,"gid":null,"cwd":"C:\\Users\\win\\Downloads\\Global-Advertising-Platform-d9586aca12844d7c7dbe1a70fb43f4a241df4343\\backend","execPath":"C:\\Program Files\\nodejs\\node.exe","version":"v22.13.1","argv":["C:\\Program Files\\nodejs\\node.exe","C:\\Users\\win\\Downloads\\Global-Advertising-Platform-d9586aca12844d7c7dbe1a70fb43f4a241df4343\\backend\\server.js"],"memoryUsage":{"rss":122359808,"heapTotal":74280960,"heapUsed":46619680,"external":4663480,"arrayBuffers":946934}},"os":{"loadavg":[0,0,0],"uptime":101116.468},"trace":[{"column":16,"file":"node:net","function":"Server.setupListenHandle [as _listen2]","line":1937,"method":"setupListenHandle [as _listen2]","native":false},{"column":12,"file":"node:net","function":"listenInCluster","line":1994,"method":null,"native":false},{"column":7,"file":"node:net","function":null,"line":2203,"method":null,"native":false},{"column":21,"file":"node:internal/process/task_queues","function":"process.processTicksAndRejections","line":90,"method":"processTicksAndRejections","native":false}]}
2026-01-28 01:20:08 [error]: uncaughtException: listen EADDRINUSE: address already in use 0.0.0.0:3000
Error: listen EADDRINUSE: address already in use 0.0.0.0:3000
    at Server.setupListenHandle [as _listen2] (node:net:1937:16)
    at listenInCluster (node:net:1994:12)
    at node:net:2203:7
    at process.processTicksAndRejections (node:internal/process/task_queues:90:21)
Error: listen EADDRINUSE: address already in use 0.0.0.0:3000
    at Server.setupListenHandle [as _listen2] (node:net:1937:16)
    at listenInCluster (node:net:1994:12)
    at node:net:2203:7
    at process.processTicksAndRejections (node:internal/process/task_queues:90:21) {"error":{"code":"EADDRINUSE","errno":-4091,"syscall":"listen","address":"0.0.0.0","port":3000},"exception":true,"date":"Wed Jan 28 2026 01:20:08 GMT+0900 (대한민국 표준시)","process":{"pid":3212,"uid":null,"gid":null,"cwd":"C:\\Users\\win\\Downloads\\Global-Advertising-Platform-d9586aca12844d7c7dbe1a70fb43f4a241df4343\\backend","execPath":"C:\\Program Files\\nodejs\\node.exe","version":"v22.13.1","argv":["C:\\Program Files\\nodejs\\node.exe","C:\\Users\\win\\Downloads\\Global-Advertising-Platform-d9586aca12844d7c7dbe1a70fb43f4a241df4343\\backend\\server.js"],"memoryUsage":{"rss":123125760,"heapTotal":74280960,"heapUsed":45045672,"external":4663480,"arrayBuffers":946934}},"os":{"loadavg":[0,0,0],"uptime":101116.468},"trace":[{"column":16,"file":"node:net","function":"Server.setupListenHandle [as _listen2]","line":1937,"method":"setupListenHandle [as _listen2]","native":false},{"column":12,"file":"node:net","function":"listenInCluster","line":1994,"method":null,"native":false},{"column":7,"file":"node:net","function":null,"line":2203,"method":null,"native":false},{"column":21,"file":"node:internal/process/task_queues","function":"process.processTicksAndRejections","line":90,"method":"processTicksAndRejections","native":false}]}
2026-01-28 01:20:08 [error]: uncaughtException: listen EADDRINUSE: address already in use 0.0.0.0:3000
Error: listen EADDRINUSE: address already in use 0.0.0.0:3000
    at Server.setupListenHandle [as _listen2] (node:net:1937:16)
    at listenInCluster (node:net:1994:12)
    at node:net:2203:7
    at process.processTicksAndRejections (node:internal/process/task_queues:90:21)
Error: listen EADDRINUSE: address already in use 0.0.0.0:3000
    at Server.setupListenHandle [as _listen2] (node:net:1937:16)
    at listenInCluster (node:net:1994:12)
    at node:net:2203:7
    at process.processTicksAndRejections (node:internal/process/task_queues:90:21) {"error":{"code":"EADDRINUSE","errno":-4091,"syscall":"listen","address":"0.0.0.0","port":3000},"exception":true,"date":"Wed Jan 28 2026 01:20:08 GMT+0900 (대한민국 표준시)","process":{"pid":19300,"uid":null,"gid":null,"cwd":"C:\\Users\\win\\Downloads\\Global-Advertising-Platform-d9586aca12844d7c7dbe1a70fb43f4a241df4343\\backend","execPath":"C:\\Program Files\\nodejs\\node.exe","version":"v22.13.1","argv":["C:\\Program Files\\nodejs\\node.exe","C:\\Users\\win\\Downloads\\Global-Advertising-Platform-d9586aca12844d7c7dbe1a70fb43f4a241df4343\\backend\\server.js"],"memoryUsage":{"rss":122208256,"heapTotal":73232384,"heapUsed":42582224,"external":4663332,"arrayBuffers":946786}},"os":{"loadavg":[0,0,0],"uptime":101116.468},"trace":[{"column":16,"file":"node:net","function":"Server.setupListenHandle [as _listen2]","line":1937,"method":"setupListenHandle [as _listen2]","native":false},{"column":12,"file":"node:net","function":"listenInCluster","line":1994,"method":null,"native":false},{"column":7,"file":"node:net","function":null,"line":2203,"method":null,"native":false},{"column":21,"file":"node:internal/process/task_queues","function":"process.processTicksAndRejections","line":90,"method":"processTicksAndRejections","native":false}]}
2026-01-28 01:20:26 [error]: uncaughtException: listen EADDRINUSE: address already in use 0.0.0.0:3000
Error: listen EADDRINUSE: address already in use 0.0.0.0:3000
    at Server.setupListenHandle [as _listen2] (node:net:1937:16)
    at listenInCluster (node:net:1994:12)
    at node:net:2203:7
    at process.processTicksAndRejections (node:internal/process/task_queues:90:21)
Error: listen EADDRINUSE: address already in use 0.0.0.0:3000
    at Server.setupListenHandle [as _listen2] (node:net:1937:16)
    at listenInCluster (node:net:1994:12)
    at node:net:2203:7
    at process.processTicksAndRejections (node:internal/process/task_queues:90:21) {"error":{"code":"EADDRINUSE","errno":-4091,"syscall":"listen","address":"0.0.0.0","port":3000},"exception":true,"date":"Wed Jan 28 2026 01:20:26 GMT+0900 (대한민국 표준시)","process":{"pid":14516,"uid":null,"gid":null,"cwd":"C:\\Users\\win\\Downloads\\Global-Advertising-Platform-d9586aca12844d7c7dbe1a70fb43f4a241df4343\\backend","execPath":"C:\\Program Files\\nodejs\\node.exe","version":"v22.13.1","argv":["C:\\Program Files\\nodejs\\node.exe","C:\\Users\\win\\Downloads\\Global-Advertising-Platform-d9586aca12844d7c7dbe1a70fb43f4a241df4343\\backend\\server.js"],"memoryUsage":{"rss":121573376,"heapTotal":73232384,"heapUsed":47057264,"external":4663480,"arrayBuffers":946934}},"os":{"loadavg":[0,0,0],"uptime":101134.625},"trace":[{"column":16,"file":"node:net","function":"Server.setupListenHandle [as _listen2]","line":1937,"method":"setupListenHandle [as _listen2]","native":false},{"column":12,"file":"node:net","function":"listenInCluster","line":1994,"method":null,"native":false},{"column":7,"file":"node:net","function":null,"line":2203,"method":null,"native":false},{"column":21,"file":"node:internal/process/task_queues","function":"process.processTicksAndRejections","line":90,"method":"processTicksAndRejections","native":false}]}
2026-01-28 01:20:26 [error]: uncaughtException: listen EADDRINUSE: address already in use 0.0.0.0:3000
Error: listen EADDRINUSE: address already in use 0.0.0.0:3000
    at Server.setupListenHandle [as _listen2] (node:net:1937:16)
    at listenInCluster (node:net:1994:12)
    at node:net:2203:7
    at process.processTicksAndRejections (node:internal/process/task_queues:90:21)
Error: listen EADDRINUSE: address already in use 0.0.0.0:3000
    at Server.setupListenHandle [as _listen2] (node:net:1937:16)
    at listenInCluster (node:net:1994:12)
    at node:net:2203:7
    at process.processTicksAndRejections (node:internal/process/task_queues:90:21) {"error":{"code":"EADDRINUSE","errno":-4091,"syscall":"listen","address":"0.0.0.0","port":3000},"exception":true,"date":"Wed Jan 28 2026 01:20:26 GMT+0900 (대한민국 표준시)","process":{"pid":27620,"uid":null,"gid":null,"cwd":"C:\\Users\\win\\Downloads\\Global-Advertising-Platform-d9586aca12844d7c7dbe1a70fb43f4a241df4343\\backend","execPath":"C:\\Program Files\\nodejs\\node.exe","version":"v22.13.1","argv":["C:\\Program Files\\nodejs\\node.exe","C:\\Users\\win\\Downloads\\Global-Advertising-Platform-d9586aca12844d7c7dbe1a70fb43f4a241df4343\\backend\\server.js"],"memoryUsage":{"rss":122306560,"heapTotal":74018816,"heapUsed":45840328,"external":4663480,"arrayBuffers":946934}},"os":{"loadavg":[0,0,0],"uptime":101134.625},"trace":[{"column":16,"file":"node:net","function":"Server.setupListenHandle [as _listen2]","line":1937,"method":"setupListenHandle [as _listen2]","native":false},{"column":12,"file":"node:net","function":"listenInCluster","line":1994,"method":null,"native":false},{"column":7,"file":"node:net","function":null,"line":2203,"method":null,"native":false},{"column":21,"file":"node:internal/process/task_queues","function":"process.processTicksAndRejections","line":90,"method":"processTicksAndRejections","native":false}]}
2026-01-28 01:20:26 [error]: uncaughtException: listen EADDRINUSE: address already in use 0.0.0.0:3000
Error: listen EADDRINUSE: address already in use 0.0.0.0:3000
    at Server.setupListenHandle [as _listen2] (node:net:1937:16)
    at listenInCluster (node:net:1994:12)
    at node:net:2203:7
    at process.processTicksAndRejections (node:internal/process/task_queues:90:21)
Error: listen EADDRINUSE: address already in use 0.0.0.0:3000
    at Server.setupListenHandle [as _listen2] (node:net:1937:16)
    at listenInCluster (node:net:1994:12)
    at node:net:2203:7
    at process.processTicksAndRejections (node:internal/process/task_queues:90:21) {"error":{"code":"EADDRINUSE","errno":-4091,"syscall":"listen","address":"0.0.0.0","port":3000},"exception":true,"date":"Wed Jan 28 2026 01:20:26 GMT+0900 (대한민국 표준시)","process":{"pid":19332,"uid":null,"gid":null,"cwd":"C:\\Users\\win\\Downloads\\Global-Advertising-Platform-d9586aca12844d7c7dbe1a70fb43f4a241df4343\\backend","execPath":"C:\\Program Files\\nodejs\\node.exe","version":"v22.13.1","argv":["C:\\Program Files\\nodejs\\node.exe","C:\\Users\\win\\Downloads\\Global-Advertising-Platform-d9586aca12844d7c7dbe1a70fb43f4a241df4343\\backend\\server.js"],"memoryUsage":{"rss":122331136,"heapTotal":73232384,"heapUsed":42423920,"external":4663332,"arrayBuffers":946786}},"os":{"loadavg":[0,0,0],"uptime":101134.64},"trace":[{"column":16,"file":"node:net","function":"Server.setupListenHandle [as _listen2]","line":1937,"method":"setupListenHandle [as _listen2]","native":false},{"column":12,"file":"node:net","function":"listenInCluster","line":1994,"method":null,"native":false},{"column":7,"file":"node:net","function":null,"line":2203,"method":null,"native":false},{"column":21,"file":"node:internal/process/task_queues","function":"process.processTicksAndRejections","line":90,"method":"processTicksAndRejections","native":false}]}
2026-01-28 01:20:26 [error]: uncaughtException: listen EADDRINUSE: address already in use 0.0.0.0:3000
Error: listen EADDRINUSE: address already in use 0.0.0.0:3000
    at Server.setupListenHandle [as _listen2] (node:net:1937:16)
    at listenInCluster (node:net:1994:12)
    at node:net:2203:7
    at process.processTicksAndRejections (node:internal/process/task_queues:90:21)
Error: listen EADDRINUSE: address already in use 0.0.0.0:3000
    at Server.setupListenHandle [as _listen2] (node:net:1937:16)
    at listenInCluster (node:net:1994:12)
    at node:net:2203:7
    at process.processTicksAndRejections (node:internal/process/task_queues:90:21) {"error":{"code":"EADDRINUSE","errno":-4091,"syscall":"listen","address":"0.0.0.0","port":3000},"exception":true,"date":"Wed Jan 28 2026 01:20:26 GMT+0900 (대한민국 표준시)","process":{"pid":24584,"uid":null,"gid":null,"cwd":"C:\\Users\\win\\Downloads\\Global-Advertising-Platform-d9586aca12844d7c7dbe1a70fb43f4a241df4343\\backend","execPath":"C:\\Program Files\\nodejs\\node.exe","version":"v22.13.1","argv":["C:\\Program Files\\nodejs\\node.exe","C:\\Users\\win\\Downloads\\Global-Advertising-Platform-d9586aca12844d7c7dbe1a70fb43f4a241df4343\\backend\\server.js"],"memoryUsage":{"rss":123215872,"heapTotal":74018816,"heapUsed":45437496,"external":4663480,"arrayBuffers":946934}},"os":{"loadavg":[0,0,0],"uptime":101134.656},"trace":[{"column":16,"file":"node:net","function":"Server.setupListenHandle [as _listen2]","line":1937,"method":"setupListenHandle [as _listen2]","native":false},{"column":12,"file":"node:net","function":"listenInCluster","line":1994,"method":null,"native":false},{"column":7,"file":"node:net","function":null,"line":2203,"method":null,"native":false},{"column":21,"file":"node:internal/process/task_queues","function":"process.processTicksAndRejections","line":90,"method":"processTicksAndRejections","native":false}]}
2026-01-28 01:20:30 [error]: uncaughtException: listen EADDRINUSE: address already in use 0.0.0.0:3000
Error: listen EADDRINUSE: address already in use 0.0.0.0:3000
    at Server.setupListenHandle [as _listen2] (node:net:1937:16)
    at listenInCluster (node:net:1994:12)
    at node:net:2203:7
    at process.processTicksAndRejections (node:internal/process/task_queues:90:21)
Error: listen EADDRINUSE: address already in use 0.0.0.0:3000
    at Server.setupListenHandle [as _listen2] (node:net:1937:16)
    at listenInCluster (node:net:1994:12)
    at node:net:2203:7
    at process.processTicksAndRejections (node:internal/process/task_queues:90:21) {"error":{"code":"EADDRINUSE","errno":-4091,"syscall":"listen","address":"0.0.0.0","port":3000},"exception":true,"date":"Wed Jan 28 2026 01:20:30 GMT+0900 (대한민국 표준시)","process":{"pid":17884,"uid":null,"gid":null,"cwd":"C:\\Users\\win\\Downloads\\Global-Advertising-Platform-d9586aca12844d7c7dbe1a70fb43f4a241df4343\\backend","execPath":"C:\\Program Files\\nodejs\\node.exe","version":"v22.13.1","argv":["C:\\Program Files\\nodejs\\node.exe","C:\\Users\\win\\Downloads\\Global-Advertising-Platform-d9586aca12844d7c7dbe1a70fb43f4a241df4343\\backend\\server.js"],"memoryUsage":{"rss":122413056,"heapTotal":74280960,"heapUsed":46436776,"external":4663480,"arrayBuffers":946934}},"os":{"loadavg":[0,0,0],"uptime":101138.671},"trace":[{"column":16,"file":"node:net","function":"Server.setupListenHandle [as _listen2]","line":1937,"method":"setupListenHandle [as _listen2]","native":false},{"column":12,"file":"node:net","function":"listenInCluster","line":1994,"method":null,"native":false},{"column":7,"file":"node:net","function":null,"line":2203,"method":null,"native":false},{"column":21,"file":"node:internal/process/task_queues","function":"process.processTicksAndRejections","line":90,"method":"processTicksAndRejections","native":false}]}
2026-01-28 01:20:30 [error]: uncaughtException: listen EADDRINUSE: address already in use 0.0.0.0:3000
Error: listen EADDRINUSE: address already in use 0.0.0.0:3000
    at Server.setupListenHandle [as _listen2] (node:net:1937:16)
    at listenInCluster (node:net:1994:12)
    at node:net:2203:7
    at process.processTicksAndRejections (node:internal/process/task_queues:90:21)
Error: listen EADDRINUSE: address already in use 0.0.0.0:3000
    at Server.setupListenHandle [as _listen2] (node:net:1937:16)
    at listenInCluster (node:net:1994:12)
    at node:net:2203:7
    at process.processTicksAndRejections (node:internal/process/task_queues:90:21) {"error":{"code":"EADDRINUSE","errno":-4091,"syscall":"listen","address":"0.0.0.0","port":3000},"exception":true,"date":"Wed Jan 28 2026 01:20:30 GMT+0900 (대한민국 표준시)","process":{"pid":28972,"uid":null,"gid":null,"cwd":"C:\\Users\\win\\Downloads\\Global-Advertising-Platform-d9586aca12844d7c7dbe1a70fb43f4a241df4343\\backend","execPath":"C:\\Program Files\\nodejs\\node.exe","version":"v22.13.1","argv":["C:\\Program Files\\nodejs\\node.exe","C:\\Users\\win\\Downloads\\Global-Advertising-Platform-d9586aca12844d7c7dbe1a70fb43f4a241df4343\\backend\\server.js"],"memoryUsage":{"rss":122384384,"heapTotal":74280960,"heapUsed":45122608,"external":4663480,"arrayBuffers":946934}},"os":{"loadavg":[0,0,0],"uptime":101138.687},"trace":[{"column":16,"file":"node:net","function":"Server.setupListenHandle [as _listen2]","line":1937,"method":"setupListenHandle [as _listen2]","native":false},{"column":12,"file":"node:net","function":"listenInCluster","line":1994,"method":null,"native":false},{"column":7,"file":"node:net","function":null,"line":2203,"method":null,"native":false},{"column":21,"file":"node:internal/process/task_queues","function":"process.processTicksAndRejections","line":90,"method":"processTicksAndRejections","native":false}]}
2026-01-28 01:20:30 [error]: uncaughtException: listen EADDRINUSE: address already in use 0.0.0.0:3000
Error: listen EADDRINUSE: address already in use 0.0.0.0:3000
    at Server.setupListenHandle [as _listen2] (node:net:1937:16)
    at listenInCluster (node:net:1994:12)
    at node:net:2203:7
    at process.processTicksAndRejections (node:internal/process/task_queues:90:21)
Error: listen EADDRINUSE: address already in use 0.0.0.0:3000
    at Server.setupListenHandle [as _listen2] (node:net:1937:16)
    at listenInCluster (node:net:1994:12)
    at node:net:2203:7
    at process.processTicksAndRejections (node:internal/process/task_queues:90:21) {"error":{"code":"EADDRINUSE","errno":-4091,"syscall":"listen","address":"0.0.0.0","port":3000},"exception":true,"date":"Wed Jan 28 2026 01:20:30 GMT+0900 (대한민국 표준시)","process":{"pid":9644,"uid":null,"gid":null,"cwd":"C:\\Users\\win\\Downloads\\Global-Advertising-Platform-d9586aca12844d7c7dbe1a70fb43f4a241df4343\\backend","execPath":"C:\\Program Files\\nodejs\\node.exe","version":"v22.13.1","argv":["C:\\Program Files\\nodejs\\node.exe","C:\\Users\\win\\Downloads\\Global-Advertising-Platform-d9586aca12844d7c7dbe1a70fb43f4a241df4343\\backend\\server.js"],"memoryUsage":{"rss":122408960,"heapTotal":74280960,"heapUsed":44763232,"external":4663480,"arrayBuffers":946934}},"os":{"loadavg":[0,0,0],"uptime":101138.687},"trace":[{"column":16,"file":"node:net","function":"Server.setupListenHandle [as _listen2]","line":1937,"method":"setupListenHandle [as _listen2]","native":false},{"column":12,"file":"node:net","function":"listenInCluster","line":1994,"method":null,"native":false},{"column":7,"file":"node:net","function":null,"line":2203,"method":null,"native":false},{"column":21,"file":"node:internal/process/task_queues","function":"process.processTicksAndRejections","line":90,"method":"processTicksAndRejections","native":false}]}
2026-01-28 01:20:30 [error]: uncaughtException: listen EADDRINUSE: address already in use 0.0.0.0:3000
Error: listen EADDRINUSE: address already in use 0.0.0.0:3000
    at Server.setupListenHandle [as _listen2] (node:net:1937:16)
    at listenInCluster (node:net:1994:12)
    at node:net:2203:7
    at process.processTicksAndRejections (node:internal/process/task_queues:90:21)
Error: listen EADDRINUSE: address already in use 0.0.0.0:3000
    at Server.setupListenHandle [as _listen2] (node:net:1937:16)
    at listenInCluster (node:net:1994:12)
    at node:net:2203:7
    at process.processTicksAndRejections (node:internal/process/task_queues:90:21) {"error":{"code":"EADDRINUSE","errno":-4091,"syscall":"listen","address":"0.0.0.0","port":3000},"exception":true,"date":"Wed Jan 28 2026 01:20:30 GMT+0900 (대한민국 표준시)","process":{"pid":3636,"uid":null,"gid":null,"cwd":"C:\\Users\\win\\Downloads\\Global-Advertising-Platform-d9586aca12844d7c7dbe1a70fb43f4a241df4343\\backend","execPath":"C:\\Program Files\\nodejs\\node.exe","version":"v22.13.1","argv":["C:\\Program Files\\nodejs\\node.exe","C:\\Users\\win\\Downloads\\Global-Advertising-Platform-d9586aca12844d7c7dbe1a70fb43f4a241df4343\\backend\\server.js"],"memoryUsage":{"rss":122499072,"heapTotal":74018816,"heapUsed":45465864,"external":4663480,"arrayBuffers":946934}},"os":{"loadavg":[0,0,0],"uptime":101138.703},"trace":[{"column":16,"file":"node:net","function":"Server.setupListenHandle [as _listen2]","line":1937,"method":"setupListenHandle [as _listen2]","native":false},{"column":12,"file":"node:net","function":"listenInCluster","line":1994,"method":null,"native":false},{"column":7,"file":"node:net","function":null,"line":2203,"method":null,"native":false},{"column":21,"file":"node:internal/process/task_queues","function":"process.processTicksAndRejections","line":90,"method":"processTicksAndRejections","native":false}]}
2026-01-28 01:20:36 [error]: uncaughtException: listen EADDRINUSE: address already in use 0.0.0.0:3000
Error: listen EADDRINUSE: address already in use 0.0.0.0:3000
    at Server.setupListenHandle [as _listen2] (node:net:1937:16)
    at listenInCluster (node:net:1994:12)
    at node:net:2203:7
    at process.processTicksAndRejections (node:internal/process/task_queues:90:21)
Error: listen EADDRINUSE: address already in use 0.0.0.0:3000
    at Server.setupListenHandle [as _listen2] (node:net:1937:16)
    at listenInCluster (node:net:1994:12)
    at node:net:2203:7
    at process.processTicksAndRejections (node:internal/process/task_queues:90:21) {"error":{"code":"EADDRINUSE","errno":-4091,"syscall":"listen","address":"0.0.0.0","port":3000},"exception":true,"date":"Wed Jan 28 2026 01:20:36 GMT+0900 (대한민국 표준시)","process":{"pid":10780,"uid":null,"gid":null,"cwd":"C:\\Users\\win\\Downloads\\Global-Advertising-Platform-d9586aca12844d7c7dbe1a70fb43f4a241df4343\\backend","execPath":"C:\\Program Files\\nodejs\\node.exe","version":"v22.13.1","argv":["C:\\Program Files\\nodejs\\node.exe","C:\\Users\\win\\Downloads\\Global-Advertising-Platform-d9586aca12844d7c7dbe1a70fb43f4a241df4343\\backend\\server.js"],"memoryUsage":{"rss":122675200,"heapTotal":74018816,"heapUsed":47034448,"external":4663480,"arrayBuffers":946934}},"os":{"loadavg":[0,0,0],"uptime":101143.812},"trace":[{"column":16,"file":"node:net","function":"Server.setupListenHandle [as _listen2]","line":1937,"method":"setupListenHandle [as _listen2]","native":false},{"column":12,"file":"node:net","function":"listenInCluster","line":1994,"method":null,"native":false},{"column":7,"file":"node:net","function":null,"line":2203,"method":null,"native":false},{"column":21,"file":"node:internal/process/task_queues","function":"process.processTicksAndRejections","line":90,"method":"processTicksAndRejections","native":false}]}
2026-01-28 01:20:36 [error]: uncaughtException: listen EADDRINUSE: address already in use 0.0.0.0:3000
Error: listen EADDRINUSE: address already in use 0.0.0.0:3000
    at Server.setupListenHandle [as _listen2] (node:net:1937:16)
    at listenInCluster (node:net:1994:12)
    at node:net:2203:7
    at process.processTicksAndRejections (node:internal/process/task_queues:90:21)
Error: listen EADDRINUSE: address already in use 0.0.0.0:3000
    at Server.setupListenHandle [as _listen2] (node:net:1937:16)
    at listenInCluster (node:net:1994:12)
    at node:net:2203:7
    at process.processTicksAndRejections (node:internal/process/task_queues:90:21) {"error":{"code":"EADDRINUSE","errno":-4091,"syscall":"listen","address":"0.0.0.0","port":3000},"exception":true,"date":"Wed Jan 28 2026 01:20:36 GMT+0900 (대한민국 표준시)","process":{"pid":8820,"uid":null,"gid":null,"cwd":"C:\\Users\\win\\Downloads\\Global-Advertising-Platform-d9586aca12844d7c7dbe1a70fb43f4a241df4343\\backend","execPath":"C:\\Program Files\\nodejs\\node.exe","version":"v22.13.1","argv":["C:\\Program Files\\nodejs\\node.exe","C:\\Users\\win\\Downloads\\Global-Advertising-Platform-d9586aca12844d7c7dbe1a70fb43f4a241df4343\\backend\\server.js"],"memoryUsage":{"rss":123342848,"heapTotal":74280960,"heapUsed":44981384,"external":4663480,"arrayBuffers":946934}},"os":{"loadavg":[0,0,0],"uptime":101143.812},"trace":[{"column":16,"file":"node:net","function":"Server.setupListenHandle [as _listen2]","line":1937,"method":"setupListenHandle [as _listen2]","native":false},{"column":12,"file":"node:net","function":"listenInCluster","line":1994,"method":null,"native":false},{"column":7,"file":"node:net","function":null,"line":2203,"method":null,"native":false},{"column":21,"file":"node:internal/process/task_queues","function":"process.processTicksAndRejections","line":90,"method":"processTicksAndRejections","native":false}]}
2026-01-28 01:20:36 [error]: uncaughtException: listen EADDRINUSE: address already in use 0.0.0.0:3000
Error: listen EADDRINUSE: address already in use 0.0.0.0:3000
    at Server.setupListenHandle [as _listen2] (node:net:1937:16)
    at listenInCluster (node:net:1994:12)
    at node:net:2203:7
    at process.processTicksAndRejections (node:internal/process/task_queues:90:21)
Error: listen EADDRINUSE: address already in use 0.0.0.0:3000
    at Server.setupListenHandle [as _listen2] (node:net:1937:16)
    at listenInCluster (node:net:1994:12)
    at node:net:2203:7
    at process.processTicksAndRejections (node:internal/process/task_queues:90:21) {"error":{"code":"EADDRINUSE","errno":-4091,"syscall":"listen","address":"0.0.0.0","port":3000},"exception":true,"date":"Wed Jan 28 2026 01:20:36 GMT+0900 (대한민국 표준시)","process":{"pid":10816,"uid":null,"gid":null,"cwd":"C:\\Users\\win\\Downloads\\Global-Advertising-Platform-d9586aca12844d7c7dbe1a70fb43f4a241df4343\\backend","execPath":"C:\\Program Files\\nodejs\\node.exe","version":"v22.13.1","argv":["C:\\Program Files\\nodejs\\node.exe","C:\\Users\\win\\Downloads\\Global-Advertising-Platform-d9586aca12844d7c7dbe1a70fb43f4a241df4343\\backend\\server.js"],"memoryUsage":{"rss":123260928,"heapTotal":74280960,"heapUsed":45061720,"external":4663480,"arrayBuffers":946934}},"os":{"loadavg":[0,0,0],"uptime":101143.828},"trace":[{"column":16,"file":"node:net","function":"Server.setupListenHandle [as _listen2]","line":1937,"method":"setupListenHandle [as _listen2]","native":false},{"column":12,"file":"node:net","function":"listenInCluster","line":1994,"method":null,"native":false},{"column":7,"file":"node:net","function":null,"line":2203,"method":null,"native":false},{"column":21,"file":"node:internal/process/task_queues","function":"process.processTicksAndRejections","line":90,"method":"processTicksAndRejections","native":false}]}
2026-01-28 01:20:36 [error]: uncaughtException: listen EADDRINUSE: address already in use 0.0.0.0:3000
Error: listen EADDRINUSE: address already in use 0.0.0.0:3000
    at Server.setupListenHandle [as _listen2] (node:net:1937:16)
    at listenInCluster (node:net:1994:12)
    at node:net:2203:7
    at process.processTicksAndRejections (node:internal/process/task_queues:90:21)
Error: listen EADDRINUSE: address already in use 0.0.0.0:3000
    at Server.setupListenHandle [as _listen2] (node:net:1937:16)
    at listenInCluster (node:net:1994:12)
    at node:net:2203:7
    at process.processTicksAndRejections (node:internal/process/task_queues:90:21) {"error":{"code":"EADDRINUSE","errno":-4091,"syscall":"listen","address":"0.0.0.0","port":3000},"exception":true,"date":"Wed Jan 28 2026 01:20:36 GMT+0900 (대한민국 표준시)","process":{"pid":10200,"uid":null,"gid":null,"cwd":"C:\\Users\\win\\Downloads\\Global-Advertising-Platform-d9586aca12844d7c7dbe1a70fb43f4a241df4343\\backend","execPath":"C:\\Program Files\\nodejs\\node.exe","version":"v22.13.1","argv":["C:\\Program Files\\nodejs\\node.exe","C:\\Users\\win\\Downloads\\Global-Advertising-Platform-d9586aca12844d7c7dbe1a70fb43f4a241df4343\\backend\\server.js"],"memoryUsage":{"rss":122720256,"heapTotal":74280960,"heapUsed":46060352,"external":4663480,"arrayBuffers":946934}},"os":{"loadavg":[0,0,0],"uptime":101143.843},"trace":[{"column":16,"file":"node:net","function":"Server.setupListenHandle [as _listen2]","line":1937,"method":"setupListenHandle [as _listen2]","native":false},{"column":12,"file":"node:net","function":"listenInCluster","line":1994,"method":null,"native":false},{"column":7,"file":"node:net","function":null,"line":2203,"method":null,"native":false},{"column":21,"file":"node:internal/process/task_queues","function":"process.processTicksAndRejections","line":90,"method":"processTicksAndRejections","native":false}]}
2026-01-28 01:20:49 [error]: uncaughtException: listen EADDRINUSE: address already in use 0.0.0.0:3000
Error: listen EADDRINUSE: address already in use 0.0.0.0:3000
    at Server.setupListenHandle [as _listen2] (node:net:1937:16)
    at listenInCluster (node:net:1994:12)
    at node:net:2203:7
    at process.processTicksAndRejections (node:internal/process/task_queues:90:21)
Error: listen EADDRINUSE: address already in use 0.0.0.0:3000
    at Server.setupListenHandle [as _listen2] (node:net:1937:16)
    at listenInCluster (node:net:1994:12)
    at node:net:2203:7
    at process.processTicksAndRejections (node:internal/process/task_queues:90:21) {"error":{"code":"EADDRINUSE","errno":-4091,"syscall":"listen","address":"0.0.0.0","port":3000},"exception":true,"date":"Wed Jan 28 2026 01:20:49 GMT+0900 (대한민국 표준시)","process":{"pid":26144,"uid":null,"gid":null,"cwd":"C:\\Users\\win\\Downloads\\Global-Advertising-Platform-d9586aca12844d7c7dbe1a70fb43f4a241df4343\\backend","execPath":"C:\\Program Files\\nodejs\\node.exe","version":"v22.13.1","argv":["C:\\Program Files\\nodejs\\node.exe","C:\\Users\\win\\Downloads\\Global-Advertising-Platform-d9586aca12844d7c7dbe1a70fb43f4a241df4343\\backend\\server.js"],"memoryUsage":{"rss":123490304,"heapTotal":74420224,"heapUsed":44218000,"external":4663480,"arrayBuffers":946934}},"os":{"loadavg":[0,0,0],"uptime":101157},"trace":[{"column":16,"file":"node:net","function":"Server.setupListenHandle [as _listen2]","line":1937,"method":"setupListenHandle [as _listen2]","native":false},{"column":12,"file":"node:net","function":"listenInCluster","line":1994,"method":null,"native":false},{"column":7,"file":"node:net","function":null,"line":2203,"method":null,"native":false},{"column":21,"file":"node:internal/process/task_queues","function":"process.processTicksAndRejections","line":90,"method":"processTicksAndRejections","native":false}]}
2026-01-28 01:20:49 [error]: uncaughtException: listen EADDRINUSE: address already in use 0.0.0.0:3000
Error: listen EADDRINUSE: address already in use 0.0.0.0:3000
    at Server.setupListenHandle [as _listen2] (node:net:1937:16)
    at listenInCluster (node:net:1994:12)
    at node:net:2203:7
    at process.processTicksAndRejections (node:internal/process/task_queues:90:21)
Error: listen EADDRINUSE: address already in use 0.0.0.0:3000
    at Server.setupListenHandle [as _listen2] (node:net:1937:16)
    at listenInCluster (node:net:1994:12)
    at node:net:2203:7
    at process.processTicksAndRejections (node:internal/process/task_queues:90:21) {"error":{"code":"EADDRINUSE","errno":-4091,"syscall":"listen","address":"0.0.0.0","port":3000},"exception":true,"date":"Wed Jan 28 2026 01:20:49 GMT+0900 (대한민국 표준시)","process":{"pid":26596,"uid":null,"gid":null,"cwd":"C:\\Users\\win\\Downloads\\Global-Advertising-Platform-d9586aca12844d7c7dbe1a70fb43f4a241df4343\\backend","execPath":"C:\\Program Files\\nodejs\\node.exe","version":"v22.13.1","argv":["C:\\Program Files\\nodejs\\node.exe","C:\\Users\\win\\Downloads\\Global-Advertising-Platform-d9586aca12844d7c7dbe1a70fb43f4a241df4343\\backend\\server.js"],"memoryUsage":{"rss":123006976,"heapTotal":74420224,"heapUsed":45548824,"external":4663480,"arrayBuffers":946934}},"os":{"loadavg":[0,0,0],"uptime":101157},"trace":[{"column":16,"file":"node:net","function":"Server.setupListenHandle [as _listen2]","line":1937,"method":"setupListenHandle [as _listen2]","native":false},{"column":12,"file":"node:net","function":"listenInCluster","line":1994,"method":null,"native":false},{"column":7,"file":"node:net","function":null,"line":2203,"method":null,"native":false},{"column":21,"file":"node:internal/process/task_queues","function":"process.processTicksAndRejections","line":90,"method":"processTicksAndRejections","native":false}]}
2026-01-28 01:20:49 [error]: uncaughtException: listen EADDRINUSE: address already in use 0.0.0.0:3000
Error: listen EADDRINUSE: address already in use 0.0.0.0:3000
    at Server.setupListenHandle [as _listen2] (node:net:1937:16)
    at listenInCluster (node:net:1994:12)
    at node:net:2203:7
    at process.processTicksAndRejections (node:internal/process/task_queues:90:21)
Error: listen EADDRINUSE: address already in use 0.0.0.0:3000
    at Server.setupListenHandle [as _listen2] (node:net:1937:16)
    at listenInCluster (node:net:1994:12)
    at node:net:2203:7
    at process.processTicksAndRejections (node:internal/process/task_queues:90:21) {"error":{"code":"EADDRINUSE","errno":-4091,"syscall":"listen","address":"0.0.0.0","port":3000},"exception":true,"date":"Wed Jan 28 2026 01:20:49 GMT+0900 (대한민국 표준시)","process":{"pid":8200,"uid":null,"gid":null,"cwd":"C:\\Users\\win\\Downloads\\Global-Advertising-Platform-d9586aca12844d7c7dbe1a70fb43f4a241df4343\\backend","execPath":"C:\\Program Files\\nodejs\\node.exe","version":"v22.13.1","argv":["C:\\Program Files\\nodejs\\node.exe","C:\\Users\\win\\Downloads\\Global-Advertising-Platform-d9586aca12844d7c7dbe1a70fb43f4a241df4343\\backend\\server.js"],"memoryUsage":{"rss":122159104,"heapTotal":73633792,"heapUsed":45412464,"external":4663480,"arrayBuffers":946934}},"os":{"loadavg":[0,0,0],"uptime":101157},"trace":[{"column":16,"file":"node:net","function":"Server.setupListenHandle [as _listen2]","line":1937,"method":"setupListenHandle [as _listen2]","native":false},{"column":12,"file":"node:net","function":"listenInCluster","line":1994,"method":null,"native":false},{"column":7,"file":"node:net","function":null,"line":2203,"method":null,"native":false},{"column":21,"file":"node:internal/process/task_queues","function":"process.processTicksAndRejections","line":90,"method":"processTicksAndRejections","native":false}]}
2026-01-28 01:20:49 [error]: uncaughtException: listen EADDRINUSE: address already in use 0.0.0.0:3000
Error: listen EADDRINUSE: address already in use 0.0.0.0:3000
    at Server.setupListenHandle [as _listen2] (node:net:1937:16)
    at listenInCluster (node:net:1994:12)
    at node:net:2203:7
    at process.processTicksAndRejections (node:internal/process/task_queues:90:21)
Error: listen EADDRINUSE: address already in use 0.0.0.0:3000
    at Server.setupListenHandle [as _listen2] (node:net:1937:16)
    at listenInCluster (node:net:1994:12)
    at node:net:2203:7
    at process.processTicksAndRejections (node:internal/process/task_queues:90:21) {"error":{"code":"EADDRINUSE","errno":-4091,"syscall":"listen","address":"0.0.0.0","port":3000},"exception":true,"date":"Wed Jan 28 2026 01:20:49 GMT+0900 (대한민국 표준시)","process":{"pid":21464,"uid":null,"gid":null,"cwd":"C:\\Users\\win\\Downloads\\Global-Advertising-Platform-d9586aca12844d7c7dbe1a70fb43f4a241df4343\\backend","execPath":"C:\\Program Files\\nodejs\\node.exe","version":"v22.13.1","argv":["C:\\Program Files\\nodejs\\node.exe","C:\\Users\\win\\Downloads\\Global-Advertising-Platform-d9586aca12844d7c7dbe1a70fb43f4a241df4343\\backend\\server.js"],"memoryUsage":{"rss":123441152,"heapTotal":74420224,"heapUsed":46302344,"external":4663480,"arrayBuffers":946934}},"os":{"loadavg":[0,0,0],"uptime":101157.015},"trace":[{"column":16,"file":"node:net","function":"Server.setupListenHandle [as _listen2]","line":1937,"method":"setupListenHandle [as _listen2]","native":false},{"column":12,"file":"node:net","function":"listenInCluster","line":1994,"method":null,"native":false},{"column":7,"file":"node:net","function":null,"line":2203,"method":null,"native":false},{"column":21,"file":"node:internal/process/task_queues","function":"process.processTicksAndRejections","line":90,"method":"processTicksAndRejections","native":false}]}
2026-01-28 01:20:57 [error]: uncaughtException: listen EADDRINUSE: address already in use 0.0.0.0:3000
Error: listen EADDRINUSE: address already in use 0.0.0.0:3000
    at Server.setupListenHandle [as _listen2] (node:net:1937:16)
    at listenInCluster (node:net:1994:12)
    at node:net:2203:7
    at process.processTicksAndRejections (node:internal/process/task_queues:90:21)
Error: listen EADDRINUSE: address already in use 0.0.0.0:3000
    at Server.setupListenHandle [as _listen2] (node:net:1937:16)
    at listenInCluster (node:net:1994:12)
    at node:net:2203:7
    at process.processTicksAndRejections (node:internal/process/task_queues:90:21) {"error":{"code":"EADDRINUSE","errno":-4091,"syscall":"listen","address":"0.0.0.0","port":3000},"exception":true,"date":"Wed Jan 28 2026 01:20:57 GMT+0900 (대한민국 표준시)","process":{"pid":20164,"uid":null,"gid":null,"cwd":"C:\\Users\\win\\Downloads\\Global-Advertising-Platform-d9586aca12844d7c7dbe1a70fb43f4a241df4343\\backend","execPath":"C:\\Program Files\\nodejs\\node.exe","version":"v22.13.1","argv":["C:\\Program Files\\nodejs\\node.exe","C:\\Users\\win\\Downloads\\Global-Advertising-Platform-d9586aca12844d7c7dbe1a70fb43f4a241df4343\\backend\\server.js"],"memoryUsage":{"rss":121479168,"heapTotal":73113600,"heapUsed":42217528,"external":4663331,"arrayBuffers":946785}},"os":{"loadavg":[0,0,0],"uptime":101164.937},"trace":[{"column":16,"file":"node:net","function":"Server.setupListenHandle [as _listen2]","line":1937,"method":"setupListenHandle [as _listen2]","native":false},{"column":12,"file":"node:net","function":"listenInCluster","line":1994,"method":null,"native":false},{"column":7,"file":"node:net","function":null,"line":2203,"method":null,"native":false},{"column":21,"file":"node:internal/process/task_queues","function":"process.processTicksAndRejections","line":90,"method":"processTicksAndRejections","native":false}]}
2026-01-28 01:20:57 [error]: uncaughtException: listen EADDRINUSE: address already in use 0.0.0.0:3000
Error: listen EADDRINUSE: address already in use 0.0.0.0:3000
    at Server.setupListenHandle [as _listen2] (node:net:1937:16)
    at listenInCluster (node:net:1994:12)
    at node:net:2203:7
    at process.processTicksAndRejections (node:internal/process/task_queues:90:21)
Error: listen EADDRINUSE: address already in use 0.0.0.0:3000
    at Server.setupListenHandle [as _listen2] (node:net:1937:16)
    at listenInCluster (node:net:1994:12)
    at node:net:2203:7
    at process.processTicksAndRejections (node:internal/process/task_queues:90:21) {"error":{"code":"EADDRINUSE","errno":-4091,"syscall":"listen","address":"0.0.0.0","port":3000},"exception":true,"date":"Wed Jan 28 2026 01:20:57 GMT+0900 (대한민국 표준시)","process":{"pid":25804,"uid":null,"gid":null,"cwd":"C:\\Users\\win\\Downloads\\Global-Advertising-Platform-d9586aca12844d7c7dbe1a70fb43f4a241df4343\\backend","execPath":"C:\\Program Files\\nodejs\\node.exe","version":"v22.13.1","argv":["C:\\Program Files\\nodejs\\node.exe","C:\\Users\\win\\Downloads\\Global-Advertising-Platform-d9586aca12844d7c7dbe1a70fb43f4a241df4343\\backend\\server.js"],"memoryUsage":{"rss":123330560,"heapTotal":74162176,"heapUsed":44283704,"external":4663480,"arrayBuffers":946934}},"os":{"loadavg":[0,0,0],"uptime":101164.937},"trace":[{"column":16,"file":"node:net","function":"Server.setupListenHandle [as _listen2]","line":1937,"method":"setupListenHandle [as _listen2]","native":false},{"column":12,"file":"node:net","function":"listenInCluster","line":1994,"method":null,"native":false},{"column":7,"file":"node:net","function":null,"line":2203,"method":null,"native":false},{"column":21,"file":"node:internal/process/task_queues","function":"process.processTicksAndRejections","line":90,"method":"processTicksAndRejections","native":false}]}
2026-01-28 01:20:57 [error]: uncaughtException: listen EADDRINUSE: address already in use 0.0.0.0:3000
Error: listen EADDRINUSE: address already in use 0.0.0.0:3000
    at Server.setupListenHandle [as _listen2] (node:net:1937:16)
    at listenInCluster (node:net:1994:12)
    at node:net:2203:7
    at process.processTicksAndRejections (node:internal/process/task_queues:90:21)
Error: listen EADDRINUSE: address already in use 0.0.0.0:3000
    at Server.setupListenHandle [as _listen2] (node:net:1937:16)
    at listenInCluster (node:net:1994:12)
    at node:net:2203:7
    at process.processTicksAndRejections (node:internal/process/task_queues:90:21) {"error":{"code":"EADDRINUSE","errno":-4091,"syscall":"listen","address":"0.0.0.0","port":3000},"exception":true,"date":"Wed Jan 28 2026 01:20:57 GMT+0900 (대한민국 표준시)","process":{"pid":11312,"uid":null,"gid":null,"cwd":"C:\\Users\\win\\Downloads\\Global-Advertising-Platform-d9586aca12844d7c7dbe1a70fb43f4a241df4343\\backend","execPath":"C:\\Program Files\\nodejs\\node.exe","version":"v22.13.1","argv":["C:\\Program Files\\nodejs\\node.exe","C:\\Users\\win\\Downloads\\Global-Advertising-Platform-d9586aca12844d7c7dbe1a70fb43f4a241df4343\\backend\\server.js"],"memoryUsage":{"rss":123138048,"heapTotal":74162176,"heapUsed":46689768,"external":4663480,"arrayBuffers":946934}},"os":{"loadavg":[0,0,0],"uptime":101164.953},"trace":[{"column":16,"file":"node:net","function":"Server.setupListenHandle [as _listen2]","line":1937,"method":"setupListenHandle [as _listen2]","native":false},{"column":12,"file":"node:net","function":"listenInCluster","line":1994,"method":null,"native":false},{"column":7,"file":"node:net","function":null,"line":2203,"method":null,"native":false},{"column":21,"file":"node:internal/process/task_queues","function":"process.processTicksAndRejections","line":90,"method":"processTicksAndRejections","native":false}]}
2026-01-28 01:20:57 [error]: uncaughtException: listen EADDRINUSE: address already in use 0.0.0.0:3000
Error: listen EADDRINUSE: address already in use 0.0.0.0:3000
    at Server.setupListenHandle [as _listen2] (node:net:1937:16)
    at listenInCluster (node:net:1994:12)
    at node:net:2203:7
    at process.processTicksAndRejections (node:internal/process/task_queues:90:21)
Error: listen EADDRINUSE: address already in use 0.0.0.0:3000
    at Server.setupListenHandle [as _listen2] (node:net:1937:16)
    at listenInCluster (node:net:1994:12)
    at node:net:2203:7
    at process.processTicksAndRejections (node:internal/process/task_queues:90:21) {"error":{"code":"EADDRINUSE","errno":-4091,"syscall":"listen","address":"0.0.0.0","port":3000},"exception":true,"date":"Wed Jan 28 2026 01:20:57 GMT+0900 (대한민국 표준시)","process":{"pid":21812,"uid":null,"gid":null,"cwd":"C:\\Users\\win\\Downloads\\Global-Advertising-Platform-d9586aca12844d7c7dbe1a70fb43f4a241df4343\\backend","execPath":"C:\\Program Files\\nodejs\\node.exe","version":"v22.13.1","argv":["C:\\Program Files\\nodejs\\node.exe","C:\\Users\\win\\Downloads\\Global-Advertising-Platform-d9586aca12844d7c7dbe1a70fb43f4a241df4343\\backend\\server.js"],"memoryUsage":{"rss":122990592,"heapTotal":74162176,"heapUsed":44981072,"external":4663480,"arrayBuffers":946934}},"os":{"loadavg":[0,0,0],"uptime":101164.968},"trace":[{"column":16,"file":"node:net","function":"Server.setupListenHandle [as _listen2]","line":1937,"method":"setupListenHandle [as _listen2]","native":false},{"column":12,"file":"node:net","function":"listenInCluster","line":1994,"method":null,"native":false},{"column":7,"file":"node:net","function":null,"line":2203,"method":null,"native":false},{"column":21,"file":"node:internal/process/task_queues","function":"process.processTicksAndRejections","line":90,"method":"processTicksAndRejections","native":false}]}
2026-01-28 01:21:09 [error]: uncaughtException: listen EADDRINUSE: address already in use 0.0.0.0:3000
Error: listen EADDRINUSE: address already in use 0.0.0.0:3000
    at Server.setupListenHandle [as _listen2] (node:net:1937:16)
    at listenInCluster (node:net:1994:12)
    at node:net:2203:7
    at process.processTicksAndRejections (node:internal/process/task_queues:90:21)
Error: listen EADDRINUSE: address already in use 0.0.0.0:3000
    at Server.setupListenHandle [as _listen2] (node:net:1937:16)
    at listenInCluster (node:net:1994:12)
    at node:net:2203:7
    at process.processTicksAndRejections (node:internal/process/task_queues:90:21) {"error":{"code":"EADDRINUSE","errno":-4091,"syscall":"listen","address":"0.0.0.0","port":3000},"exception":true,"date":"Wed Jan 28 2026 01:21:09 GMT+0900 (대한민국 표준시)","process":{"pid":22952,"uid":null,"gid":null,"cwd":"C:\\Users\\win\\Downloads\\Global-Advertising-Platform-d9586aca12844d7c7dbe1a70fb43f4a241df4343\\backend","execPath":"C:\\Program Files\\nodejs\\node.exe","version":"v22.13.1","argv":["C:\\Program Files\\nodejs\\node.exe","C:\\Users\\win\\Downloads\\Global-Advertising-Platform-d9586aca12844d7c7dbe1a70fb43f4a241df4343\\backend\\server.js"],"memoryUsage":{"rss":122486784,"heapTotal":73375744,"heapUsed":46862984,"external":4663478,"arrayBuffers":946932}},"os":{"loadavg":[0,0,0],"uptime":101176.984},"trace":[{"column":16,"file":"node:net","function":"Server.setupListenHandle [as _listen2]","line":1937,"method":"setupListenHandle [as _listen2]","native":false},{"column":12,"file":"node:net","function":"listenInCluster","line":1994,"method":null,"native":false},{"column":7,"file":"node:net","function":null,"line":2203,"method":null,"native":false},{"column":21,"file":"node:internal/process/task_queues","function":"process.processTicksAndRejections","line":90,"method":"processTicksAndRejections","native":false}]}
2026-01-28 01:21:09 [error]: uncaughtException: listen EADDRINUSE: address already in use 0.0.0.0:3000
Error: listen EADDRINUSE: address already in use 0.0.0.0:3000
    at Server.setupListenHandle [as _listen2] (node:net:1937:16)
    at listenInCluster (node:net:1994:12)
    at node:net:2203:7
    at process.processTicksAndRejections (node:internal/process/task_queues:90:21)
Error: listen EADDRINUSE: address already in use 0.0.0.0:3000
    at Server.setupListenHandle [as _listen2] (node:net:1937:16)
    at listenInCluster (node:net:1994:12)
    at node:net:2203:7
    at process.processTicksAndRejections (node:internal/process/task_queues:90:21) {"error":{"code":"EADDRINUSE","errno":-4091,"syscall":"listen","address":"0.0.0.0","port":3000},"exception":true,"date":"Wed Jan 28 2026 01:21:09 GMT+0900 (대한민국 표준시)","process":{"pid":27676,"uid":null,"gid":null,"cwd":"C:\\Users\\win\\Downloads\\Global-Advertising-Platform-d9586aca12844d7c7dbe1a70fb43f4a241df4343\\backend","execPath":"C:\\Program Files\\nodejs\\node.exe","version":"v22.13.1","argv":["C:\\Program Files\\nodejs\\node.exe","C:\\Users\\win\\Downloads\\Global-Advertising-Platform-d9586aca12844d7c7dbe1a70fb43f4a241df4343\\backend\\server.js"],"memoryUsage":{"rss":123121664,"heapTotal":73900032,"heapUsed":45374896,"external":4663480,"arrayBuffers":946934}},"os":{"loadavg":[0,0,0],"uptime":101176.984},"trace":[{"column":16,"file":"node:net","function":"Server.setupListenHandle [as _listen2]","line":1937,"method":"setupListenHandle [as _listen2]","native":false},{"column":12,"file":"node:net","function":"listenInCluster","line":1994,"method":null,"native":false},{"column":7,"file":"node:net","function":null,"line":2203,"method":null,"native":false},{"column":21,"file":"node:internal/process/task_queues","function":"process.processTicksAndRejections","line":90,"method":"processTicksAndRejections","native":false}]}
2026-01-28 01:21:09 [error]: uncaughtException: listen EADDRINUSE: address already in use 0.0.0.0:3000
Error: listen EADDRINUSE: address already in use 0.0.0.0:3000
    at Server.setupListenHandle [as _listen2] (node:net:1937:16)
    at listenInCluster (node:net:1994:12)
    at node:net:2203:7
    at process.processTicksAndRejections (node:internal/process/task_queues:90:21)
Error: listen EADDRINUSE: address already in use 0.0.0.0:3000
    at Server.setupListenHandle [as _listen2] (node:net:1937:16)
    at listenInCluster (node:net:1994:12)
    at node:net:2203:7
    at process.processTicksAndRejections (node:internal/process/task_queues:90:21) {"error":{"code":"EADDRINUSE","errno":-4091,"syscall":"listen","address":"0.0.0.0","port":3000},"exception":true,"date":"Wed Jan 28 2026 01:21:09 GMT+0900 (대한민국 표준시)","process":{"pid":1844,"uid":null,"gid":null,"cwd":"C:\\Users\\win\\Downloads\\Global-Advertising-Platform-d9586aca12844d7c7dbe1a70fb43f4a241df4343\\backend","execPath":"C:\\Program Files\\nodejs\\node.exe","version":"v22.13.1","argv":["C:\\Program Files\\nodejs\\node.exe","C:\\Users\\win\\Downloads\\Global-Advertising-Platform-d9586aca12844d7c7dbe1a70fb43f4a241df4343\\backend\\server.js"],"memoryUsage":{"rss":122986496,"heapTotal":73900032,"heapUsed":45283224,"external":4663480,"arrayBuffers":946934}},"os":{"loadavg":[0,0,0],"uptime":101177},"trace":[{"column":16,"file":"node:net","function":"Server.setupListenHandle [as _listen2]","line":1937,"method":"setupListenHandle [as _listen2]","native":false},{"column":12,"file":"node:net","function":"listenInCluster","line":1994,"method":null,"native":false},{"column":7,"file":"node:net","function":null,"line":2203,"method":null,"native":false},{"column":21,"file":"node:internal/process/task_queues","function":"process.processTicksAndRejections","line":90,"method":"processTicksAndRejections","native":false}]}
2026-01-28 01:21:09 [error]: uncaughtException: listen EADDRINUSE: address already in use 0.0.0.0:3000
Error: listen EADDRINUSE: address already in use 0.0.0.0:3000
    at Server.setupListenHandle [as _listen2] (node:net:1937:16)
    at listenInCluster (node:net:1994:12)
    at node:net:2203:7
    at process.processTicksAndRejections (node:internal/process/task_queues:90:21)
Error: listen EADDRINUSE: address already in use 0.0.0.0:3000
    at Server.setupListenHandle [as _listen2] (node:net:1937:16)
    at listenInCluster (node:net:1994:12)
    at node:net:2203:7
    at process.processTicksAndRejections (node:internal/process/task_queues:90:21) {"error":{"code":"EADDRINUSE","errno":-4091,"syscall":"listen","address":"0.0.0.0","port":3000},"exception":true,"date":"Wed Jan 28 2026 01:21:09 GMT+0900 (대한민국 표준시)","process":{"pid":2736,"uid":null,"gid":null,"cwd":"C:\\Users\\win\\Downloads\\Global-Advertising-Platform-d9586aca12844d7c7dbe1a70fb43f4a241df4343\\backend","execPath":"C:\\Program Files\\nodejs\\node.exe","version":"v22.13.1","argv":["C:\\Program Files\\nodejs\\node.exe","C:\\Users\\win\\Downloads\\Global-Advertising-Platform-d9586aca12844d7c7dbe1a70fb43f4a241df4343\\backend\\server.js"],"memoryUsage":{"rss":122372096,"heapTotal":73900032,"heapUsed":44979552,"external":4663480,"arrayBuffers":946934}},"os":{"loadavg":[0,0,0],"uptime":101177},"trace":[{"column":16,"file":"node:net","function":"Server.setupListenHandle [as _listen2]","line":1937,"method":"setupListenHandle [as _listen2]","native":false},{"column":12,"file":"node:net","function":"listenInCluster","line":1994,"method":null,"native":false},{"column":7,"file":"node:net","function":null,"line":2203,"method":null,"native":false},{"column":21,"file":"node:internal/process/task_queues","function":"process.processTicksAndRejections","line":90,"method":"processTicksAndRejections","native":false}]}
2026-01-28 01:21:11 [error]: uncaughtException: listen EADDRINUSE: address already in use 0.0.0.0:3000
Error: listen EADDRINUSE: address already in use 0.0.0.0:3000
    at Server.setupListenHandle [as _listen2] (node:net:1937:16)
    at listenInCluster (node:net:1994:12)
    at node:net:2203:7
    at process.processTicksAndRejections (node:internal/process/task_queues:90:21)
Error: listen EADDRINUSE: address already in use 0.0.0.0:3000
    at Server.setupListenHandle [as _listen2] (node:net:1937:16)
    at listenInCluster (node:net:1994:12)
    at node:net:2203:7
    at process.processTicksAndRejections (node:internal/process/task_queues:90:21) {"error":{"code":"EADDRINUSE","errno":-4091,"syscall":"listen","address":"0.0.0.0","port":3000},"exception":true,"date":"Wed Jan 28 2026 01:21:11 GMT+0900 (대한민국 표준시)","process":{"pid":13212,"uid":null,"gid":null,"cwd":"C:\\Users\\win\\Downloads\\Global-Advertising-Platform-d9586aca12844d7c7dbe1a70fb43f4a241df4343\\backend","execPath":"C:\\Program Files\\nodejs\\node.exe","version":"v22.13.1","argv":["C:\\Program Files\\nodejs\\node.exe","C:\\Users\\win\\Downloads\\Global-Advertising-Platform-d9586aca12844d7c7dbe1a70fb43f4a241df4343\\backend\\server.js"],"memoryUsage":{"rss":122286080,"heapTotal":74162176,"heapUsed":45231584,"external":4663480,"arrayBuffers":946934}},"os":{"loadavg":[0,0,0],"uptime":101179.671},"trace":[{"column":16,"file":"node:net","function":"Server.setupListenHandle [as _listen2]","line":1937,"method":"setupListenHandle [as _listen2]","native":false},{"column":12,"file":"node:net","function":"listenInCluster","line":1994,"method":null,"native":false},{"column":7,"file":"node:net","function":null,"line":2203,"method":null,"native":false},{"column":21,"file":"node:internal/process/task_queues","function":"process.processTicksAndRejections","line":90,"method":"processTicksAndRejections","native":false}]}
2026-01-28 01:21:11 [error]: uncaughtException: listen EADDRINUSE: address already in use 0.0.0.0:3000
Error: listen EADDRINUSE: address already in use 0.0.0.0:3000
    at Server.setupListenHandle [as _listen2] (node:net:1937:16)
    at listenInCluster (node:net:1994:12)
    at node:net:2203:7
    at process.processTicksAndRejections (node:internal/process/task_queues:90:21)
Error: listen EADDRINUSE: address already in use 0.0.0.0:3000
    at Server.setupListenHandle [as _listen2] (node:net:1937:16)
    at listenInCluster (node:net:1994:12)
    at node:net:2203:7
    at process.processTicksAndRejections (node:internal/process/task_queues:90:21) {"error":{"code":"EADDRINUSE","errno":-4091,"syscall":"listen","address":"0.0.0.0","port":3000},"exception":true,"date":"Wed Jan 28 2026 01:21:11 GMT+0900 (대한민국 표준시)","process":{"pid":23324,"uid":null,"gid":null,"cwd":"C:\\Users\\win\\Downloads\\Global-Advertising-Platform-d9586aca12844d7c7dbe1a70fb43f4a241df4343\\backend","execPath":"C:\\Program Files\\nodejs\\node.exe","version":"v22.13.1","argv":["C:\\Program Files\\nodejs\\node.exe","C:\\Users\\win\\Downloads\\Global-Advertising-Platform-d9586aca12844d7c7dbe1a70fb43f4a241df4343\\backend\\server.js"],"memoryUsage":{"rss":123068416,"heapTotal":74162176,"heapUsed":44654248,"external":4663480,"arrayBuffers":946934}},"os":{"loadavg":[0,0,0],"uptime":101179.687},"trace":[{"column":16,"file":"node:net","function":"Server.setupListenHandle [as _listen2]","line":1937,"method":"setupListenHandle [as _listen2]","native":false},{"column":12,"file":"node:net","function":"listenInCluster","line":1994,"method":null,"native":false},{"column":7,"file":"node:net","function":null,"line":2203,"method":null,"native":false},{"column":21,"file":"node:internal/process/task_queues","function":"process.processTicksAndRejections","line":90,"method":"processTicksAndRejections","native":false}]}
2026-01-28 01:21:11 [error]: uncaughtException: listen EADDRINUSE: address already in use 0.0.0.0:3000
Error: listen EADDRINUSE: address already in use 0.0.0.0:3000
    at Server.setupListenHandle [as _listen2] (node:net:1937:16)
    at listenInCluster (node:net:1994:12)
    at node:net:2203:7
    at process.processTicksAndRejections (node:internal/process/task_queues:90:21)
Error: listen EADDRINUSE: address already in use 0.0.0.0:3000
    at Server.setupListenHandle [as _listen2] (node:net:1937:16)
    at listenInCluster (node:net:1994:12)
    at node:net:2203:7
    at process.processTicksAndRejections (node:internal/process/task_queues:90:21) {"error":{"code":"EADDRINUSE","errno":-4091,"syscall":"listen","address":"0.0.0.0","port":3000},"exception":true,"date":"Wed Jan 28 2026 01:21:11 GMT+0900 (대한민국 표준시)","process":{"pid":20004,"uid":null,"gid":null,"cwd":"C:\\Users\\win\\Downloads\\Global-Advertising-Platform-d9586aca12844d7c7dbe1a70fb43f4a241df4343\\backend","execPath":"C:\\Program Files\\nodejs\\node.exe","version":"v22.13.1","argv":["C:\\Program Files\\nodejs\\node.exe","C:\\Users\\win\\Downloads\\Global-Advertising-Platform-d9586aca12844d7c7dbe1a70fb43f4a241df4343\\backend\\server.js"],"memoryUsage":{"rss":122265600,"heapTotal":73900032,"heapUsed":46636712,"external":4663480,"arrayBuffers":946934}},"os":{"loadavg":[0,0,0],"uptime":101179.703},"trace":[{"column":16,"file":"node:net","function":"Server.setupListenHandle [as _listen2]","line":1937,"method":"setupListenHandle [as _listen2]","native":false},{"column":12,"file":"node:net","function":"listenInCluster","line":1994,"method":null,"native":false},{"column":7,"file":"node:net","function":null,"line":2203,"method":null,"native":false},{"column":21,"file":"node:internal/process/task_queues","function":"process.processTicksAndRejections","line":90,"method":"processTicksAndRejections","native":false}]}
2026-01-28 01:21:11 [error]: uncaughtException: listen EADDRINUSE: address already in use 0.0.0.0:3000
Error: listen EADDRINUSE: address already in use 0.0.0.0:3000
    at Server.setupListenHandle [as _listen2] (node:net:1937:16)
    at listenInCluster (node:net:1994:12)
    at node:net:2203:7
    at process.processTicksAndRejections (node:internal/process/task_queues:90:21)
Error: listen EADDRINUSE: address already in use 0.0.0.0:3000
    at Server.setupListenHandle [as _listen2] (node:net:1937:16)
    at listenInCluster (node:net:1994:12)
    at node:net:2203:7
    at process.processTicksAndRejections (node:internal/process/task_queues:90:21) {"error":{"code":"EADDRINUSE","errno":-4091,"syscall":"listen","address":"0.0.0.0","port":3000},"exception":true,"date":"Wed Jan 28 2026 01:21:11 GMT+0900 (대한민국 표준시)","process":{"pid":26712,"uid":null,"gid":null,"cwd":"C:\\Users\\win\\Downloads\\Global-Advertising-Platform-d9586aca12844d7c7dbe1a70fb43f4a241df4343\\backend","execPath":"C:\\Program Files\\nodejs\\node.exe","version":"v22.13.1","argv":["C:\\Program Files\\nodejs\\node.exe","C:\\Users\\win\\Downloads\\Global-Advertising-Platform-d9586aca12844d7c7dbe1a70fb43f4a241df4343\\backend\\server.js"],"memoryUsage":{"rss":123203584,"heapTotal":74424320,"heapUsed":46594520,"external":4663480,"arrayBuffers":946934}},"os":{"loadavg":[0,0,0],"uptime":101179.734},"trace":[{"column":16,"file":"node:net","function":"Server.setupListenHandle [as _listen2]","line":1937,"method":"setupListenHandle [as _listen2]","native":false},{"column":12,"file":"node:net","function":"listenInCluster","line":1994,"method":null,"native":false},{"column":7,"file":"node:net","function":null,"line":2203,"method":null,"native":false},{"column":21,"file":"node:internal/process/task_queues","function":"process.processTicksAndRejections","line":90,"method":"processTicksAndRejections","native":false}]}
2026-01-28 01:21:23 [error]: uncaughtException: listen EADDRINUSE: address already in use 0.0.0.0:3000
Error: listen EADDRINUSE: address already in use 0.0.0.0:3000
    at Server.setupListenHandle [as _listen2] (node:net:1937:16)
    at listenInCluster (node:net:1994:12)
    at node:net:2203:7
    at process.processTicksAndRejections (node:internal/process/task_queues:90:21)
Error: listen EADDRINUSE: address already in use 0.0.0.0:3000
    at Server.setupListenHandle [as _listen2] (node:net:1937:16)
    at listenInCluster (node:net:1994:12)
    at node:net:2203:7
    at process.processTicksAndRejections (node:internal/process/task_queues:90:21) {"error":{"code":"EADDRINUSE","errno":-4091,"syscall":"listen","address":"0.0.0.0","port":3000},"exception":true,"date":"Wed Jan 28 2026 01:21:23 GMT+0900 (대한민국 표준시)","process":{"pid":27492,"uid":null,"gid":null,"cwd":"C:\\Users\\win\\Downloads\\Global-Advertising-Platform-d9586aca12844d7c7dbe1a70fb43f4a241df4343\\backend","execPath":"C:\\Program Files\\nodejs\\node.exe","version":"v22.13.1","argv":["C:\\Program Files\\nodejs\\node.exe","C:\\Users\\win\\Downloads\\Global-Advertising-Platform-d9586aca12844d7c7dbe1a70fb43f4a241df4343\\backend\\server.js"],"memoryUsage":{"rss":122564608,"heapTotal":73637888,"heapUsed":45907544,"external":4663480,"arrayBuffers":946934}},"os":{"loadavg":[0,0,0],"uptime":101190.843},"trace":[{"column":16,"file":"node:net","function":"Server.setupListenHandle [as _listen2]","line":1937,"method":"setupListenHandle [as _listen2]","native":false},{"column":12,"file":"node:net","function":"listenInCluster","line":1994,"method":null,"native":false},{"column":7,"file":"node:net","function":null,"line":2203,"method":null,"native":false},{"column":21,"file":"node:internal/process/task_queues","function":"process.processTicksAndRejections","line":90,"method":"processTicksAndRejections","native":false}]}
2026-01-28 01:27:22 [error]: uncaughtException: listen EADDRINUSE: address already in use 0.0.0.0:3000
Error: listen EADDRINUSE: address already in use 0.0.0.0:3000
    at Server.setupListenHandle [as _listen2] (node:net:1937:16)
    at listenInCluster (node:net:1994:12)
    at node:net:2203:7
    at process.processTicksAndRejections (node:internal/process/task_queues:90:21)
Error: listen EADDRINUSE: address already in use 0.0.0.0:3000
    at Server.setupListenHandle [as _listen2] (node:net:1937:16)
    at listenInCluster (node:net:1994:12)
    at node:net:2203:7
    at process.processTicksAndRejections (node:internal/process/task_queues:90:21) {"error":{"code":"EADDRINUSE","errno":-4091,"syscall":"listen","address":"0.0.0.0","port":3000},"exception":true,"date":"Wed Jan 28 2026 01:27:22 GMT+0900 (대한민국 표준시)","process":{"pid":28220,"uid":null,"gid":null,"cwd":"C:\\Users\\win\\Downloads\\Global-Advertising-Platform-d9586aca12844d7c7dbe1a70fb43f4a241df4343\\backend","execPath":"C:\\Program Files\\nodejs\\node.exe","version":"v22.13.1","argv":["C:\\Program Files\\nodejs\\node.exe","C:\\Users\\win\\Downloads\\Global-Advertising-Platform-d9586aca12844d7c7dbe1a70fb43f4a241df4343\\backend\\server.js"],"memoryUsage":{"rss":123531264,"heapTotal":74686464,"heapUsed":46158024,"external":4663480,"arrayBuffers":946934}},"os":{"loadavg":[0,0,0],"uptime":101550.625},"trace":[{"column":16,"file":"node:net","function":"Server.setupListenHandle [as _listen2]","line":1937,"method":"setupListenHandle [as _listen2]","native":false},{"column":12,"file":"node:net","function":"listenInCluster","line":1994,"method":null,"native":false},{"column":7,"file":"node:net","function":null,"line":2203,"method":null,"native":false},{"column":21,"file":"node:internal/process/task_queues","function":"process.processTicksAndRejections","line":90,"method":"processTicksAndRejections","native":false}]}
2026-01-28 01:29:26 [error]: uncaughtException: listen EADDRINUSE: address already in use 0.0.0.0:3000
Error: listen EADDRINUSE: address already in use 0.0.0.0:3000
    at Server.setupListenHandle [as _listen2] (node:net:1937:16)
    at listenInCluster (node:net:1994:12)
    at node:net:2203:7
    at process.processTicksAndRejections (node:internal/process/task_queues:90:21)
Error: listen EADDRINUSE: address already in use 0.0.0.0:3000
    at Server.setupListenHandle [as _listen2] (node:net:1937:16)
    at listenInCluster (node:net:1994:12)
    at node:net:2203:7
    at process.processTicksAndRejections (node:internal/process/task_queues:90:21) {"error":{"code":"EADDRINUSE","errno":-4091,"syscall":"listen","address":"0.0.0.0","port":3000},"exception":true,"date":"Wed Jan 28 2026 01:29:26 GMT+0900 (대한민국 표준시)","process":{"pid":18892,"uid":null,"gid":null,"cwd":"C:\\Users\\win\\Downloads\\Global-Advertising-Platform-d9586aca12844d7c7dbe1a70fb43f4a241df4343\\backend","execPath":"C:\\Program Files\\nodejs\\node.exe","version":"v22.13.1","argv":["C:\\Program Files\\nodejs\\node.exe","C:\\Users\\win\\Downloads\\Global-Advertising-Platform-d9586aca12844d7c7dbe1a70fb43f4a241df4343\\backend\\server.js"],"memoryUsage":{"rss":122732544,"heapTotal":73904128,"heapUsed":46859776,"external":4663480,"arrayBuffers":946934}},"os":{"loadavg":[0,0,0],"uptime":101674.546},"trace":[{"column":16,"file":"node:net","function":"Server.setupListenHandle [as _listen2]","line":1937,"method":"setupListenHandle [as _listen2]","native":false},{"column":12,"file":"node:net","function":"listenInCluster","line":1994,"method":null,"native":false},{"column":7,"file":"node:net","function":null,"line":2203,"method":null,"native":false},{"column":21,"file":"node:internal/process/task_queues","function":"process.processTicksAndRejections","line":90,"method":"processTicksAndRejections","native":false}]}
2026-01-28 01:29:26 [error]: uncaughtException: listen EADDRINUSE: address already in use 0.0.0.0:3000
Error: listen EADDRINUSE: address already in use 0.0.0.0:3000
    at Server.setupListenHandle [as _listen2] (node:net:1937:16)
    at listenInCluster (node:net:1994:12)
    at node:net:2203:7
    at process.processTicksAndRejections (node:internal/process/task_queues:90:21)
Error: listen EADDRINUSE: address already in use 0.0.0.0:3000
    at Server.setupListenHandle [as _listen2] (node:net:1937:16)
    at listenInCluster (node:net:1994:12)
    at node:net:2203:7
    at process.processTicksAndRejections (node:internal/process/task_queues:90:21) {"error":{"code":"EADDRINUSE","errno":-4091,"syscall":"listen","address":"0.0.0.0","port":3000},"exception":true,"date":"Wed Jan 28 2026 01:29:26 GMT+0900 (대한민국 표준시)","process":{"pid":24424,"uid":null,"gid":null,"cwd":"C:\\Users\\win\\Downloads\\Global-Advertising-Platform-d9586aca12844d7c7dbe1a70fb43f4a241df4343\\backend","execPath":"C:\\Program Files\\nodejs\\node.exe","version":"v22.13.1","argv":["C:\\Program Files\\nodejs\\node.exe","C:\\Users\\win\\Downloads\\Global-Advertising-Platform-d9586aca12844d7c7dbe1a70fb43f4a241df4343\\backend\\server.js"],"memoryUsage":{"rss":122892288,"heapTotal":74166272,"heapUsed":44914896,"external":4663480,"arrayBuffers":946934}},"os":{"loadavg":[0,0,0],"uptime":101674.562},"trace":[{"column":16,"file":"node:net","function":"Server.setupListenHandle [as _listen2]","line":1937,"method":"setupListenHandle [as _listen2]","native":false},{"column":12,"file":"node:net","function":"listenInCluster","line":1994,"method":null,"native":false},{"column":7,"file":"node:net","function":null,"line":2203,"method":null,"native":false},{"column":21,"file":"node:internal/process/task_queues","function":"process.processTicksAndRejections","line":90,"method":"processTicksAndRejections","native":false}]}
2026-01-28 01:29:26 [error]: uncaughtException: listen EADDRINUSE: address already in use 0.0.0.0:3000
Error: listen EADDRINUSE: address already in use 0.0.0.0:3000
    at Server.setupListenHandle [as _listen2] (node:net:1937:16)
    at listenInCluster (node:net:1994:12)
    at node:net:2203:7
    at process.processTicksAndRejections (node:internal/process/task_queues:90:21)
Error: listen EADDRINUSE: address already in use 0.0.0.0:3000
    at Server.setupListenHandle [as _listen2] (node:net:1937:16)
    at listenInCluster (node:net:1994:12)
    at node:net:2203:7
    at process.processTicksAndRejections (node:internal/process/task_queues:90:21) {"error":{"code":"EADDRINUSE","errno":-4091,"syscall":"listen","address":"0.0.0.0","port":3000},"exception":true,"date":"Wed Jan 28 2026 01:29:26 GMT+0900 (대한민국 표준시)","process":{"pid":20968,"uid":null,"gid":null,"cwd":"C:\\Users\\win\\Downloads\\Global-Advertising-Platform-d9586aca12844d7c7dbe1a70fb43f4a241df4343\\backend","execPath":"C:\\Program Files\\nodejs\\node.exe","version":"v22.13.1","argv":["C:\\Program Files\\nodejs\\node.exe","C:\\Users\\win\\Downloads\\Global-Advertising-Platform-d9586aca12844d7c7dbe1a70fb43f4a241df4343\\backend\\server.js"],"memoryUsage":{"rss":122548224,"heapTotal":73904128,"heapUsed":45602288,"external":4663480,"arrayBuffers":946934}},"os":{"loadavg":[0,0,0],"uptime":101674.578},"trace":[{"column":16,"file":"node:net","function":"Server.setupListenHandle [as _listen2]","line":1937,"method":"setupListenHandle [as _listen2]","native":false},{"column":12,"file":"node:net","function":"listenInCluster","line":1994,"method":null,"native":false},{"column":7,"file":"node:net","function":null,"line":2203,"method":null,"native":false},{"column":21,"file":"node:internal/process/task_queues","function":"process.processTicksAndRejections","line":90,"method":"processTicksAndRejections","native":false}]}
2026-01-28 01:29:26 [error]: uncaughtException: listen EADDRINUSE: address already in use 0.0.0.0:3000
Error: listen EADDRINUSE: address already in use 0.0.0.0:3000
    at Server.setupListenHandle [as _listen2] (node:net:1937:16)
    at listenInCluster (node:net:1994:12)
    at node:net:2203:7
    at process.processTicksAndRejections (node:internal/process/task_queues:90:21)
Error: listen EADDRINUSE: address already in use 0.0.0.0:3000
    at Server.setupListenHandle [as _listen2] (node:net:1937:16)
    at listenInCluster (node:net:1994:12)
    at node:net:2203:7
    at process.processTicksAndRejections (node:internal/process/task_queues:90:21) {"error":{"code":"EADDRINUSE","errno":-4091,"syscall":"listen","address":"0.0.0.0","port":3000},"exception":true,"date":"Wed Jan 28 2026 01:29:26 GMT+0900 (대한민국 표준시)","process":{"pid":27596,"uid":null,"gid":null,"cwd":"C:\\Users\\win\\Downloads\\Global-Advertising-Platform-d9586aca12844d7c7dbe1a70fb43f4a241df4343\\backend","execPath":"C:\\Program Files\\nodejs\\node.exe","version":"v22.13.1","argv":["C:\\Program Files\\nodejs\\node.exe","C:\\Users\\win\\Downloads\\Global-Advertising-Platform-d9586aca12844d7c7dbe1a70fb43f4a241df4343\\backend\\server.js"],"memoryUsage":{"rss":121597952,"heapTotal":72331264,"heapUsed":41776744,"external":4663331,"arrayBuffers":946785}},"os":{"loadavg":[0,0,0],"uptime":101674.609},"trace":[{"column":16,"file":"node:net","function":"Server.setupListenHandle [as _listen2]","line":1937,"method":"setupListenHandle [as _listen2]","native":false},{"column":12,"file":"node:net","function":"listenInCluster","line":1994,"method":null,"native":false},{"column":7,"file":"node:net","function":null,"line":2203,"method":null,"native":false},{"column":21,"file":"node:internal/process/task_queues","function":"process.processTicksAndRejections","line":90,"method":"processTicksAndRejections","native":false}]}
2026-01-28 01:29:26 [error]: uncaughtException: listen EADDRINUSE: address already in use 0.0.0.0:3000
Error: listen EADDRINUSE: address already in use 0.0.0.0:3000
    at Server.setupListenHandle [as _listen2] (node:net:1937:16)
    at listenInCluster (node:net:1994:12)
    at node:net:2203:7
    at process.processTicksAndRejections (node:internal/process/task_queues:90:21)
Error: listen EADDRINUSE: address already in use 0.0.0.0:3000
    at Server.setupListenHandle [as _listen2] (node:net:1937:16)
    at listenInCluster (node:net:1994:12)
    at node:net:2203:7
    at process.processTicksAndRejections (node:internal/process/task_queues:90:21) {"error":{"code":"EADDRINUSE","errno":-4091,"syscall":"listen","address":"0.0.0.0","port":3000},"exception":true,"date":"Wed Jan 28 2026 01:29:26 GMT+0900 (대한민국 표준시)","process":{"pid":21024,"uid":null,"gid":null,"cwd":"C:\\Users\\win\\Downloads\\Global-Advertising-Platform-d9586aca12844d7c7dbe1a70fb43f4a241df4343\\backend","execPath":"C:\\Program Files\\nodejs\\node.exe","version":"v22.13.1","argv":["C:\\Program Files\\nodejs\\node.exe","C:\\Users\\win\\Downloads\\Global-Advertising-Platform-d9586aca12844d7c7dbe1a70fb43f4a241df4343\\backend\\server.js"],"memoryUsage":{"rss":123936768,"heapTotal":74166272,"heapUsed":45329128,"external":4663480,"arrayBuffers":946934}},"os":{"loadavg":[0,0,0],"uptime":101674.609},"trace":[{"column":16,"file":"node:net","function":"Server.setupListenHandle [as _listen2]","line":1937,"method":"setupListenHandle [as _listen2]","native":false},{"column":12,"file":"node:net","function":"listenInCluster","line":1994,"method":null,"native":false},{"column":7,"file":"node:net","function":null,"line":2203,"method":null,"native":false},{"column":21,"file":"node:internal/process/task_queues","function":"process.processTicksAndRejections","line":90,"method":"processTicksAndRejections","native":false}]}
2026-01-28 01:29:26 [error]: uncaughtException: listen EADDRINUSE: address already in use 0.0.0.0:3000
Error: listen EADDRINUSE: address already in use 0.0.0.0:3000
    at Server.setupListenHandle [as _listen2] (node:net:1937:16)
    at listenInCluster (node:net:1994:12)
    at node:net:2203:7
    at process.processTicksAndRejections (node:internal/process/task_queues:90:21)
Error: listen EADDRINUSE: address already in use 0.0.0.0:3000
    at Server.setupListenHandle [as _listen2] (node:net:1937:16)
    at listenInCluster (node:net:1994:12)
    at node:net:2203:7
    at process.processTicksAndRejections (node:internal/process/task_queues:90:21) {"error":{"code":"EADDRINUSE","errno":-4091,"syscall":"listen","address":"0.0.0.0","port":3000},"exception":true,"date":"Wed Jan 28 2026 01:29:26 GMT+0900 (대한민국 표준시)","process":{"pid":20440,"uid":null,"gid":null,"cwd":"C:\\Users\\win\\Downloads\\Global-Advertising-Platform-d9586aca12844d7c7dbe1a70fb43f4a241df4343\\backend","execPath":"C:\\Program Files\\nodejs\\node.exe","version":"v22.13.1","argv":["C:\\Program Files\\nodejs\\node.exe","C:\\Users\\win\\Downloads\\Global-Advertising-Platform-d9586aca12844d7c7dbe1a70fb43f4a241df4343\\backend\\server.js"],"memoryUsage":{"rss":123392000,"heapTotal":74690560,"heapUsed":45907648,"external":4663479,"arrayBuffers":946933}},"os":{"loadavg":[0,0,0],"uptime":101674.625},"trace":[{"column":16,"file":"node:net","function":"Server.setupListenHandle [as _listen2]","line":1937,"method":"setupListenHandle [as _listen2]","native":false},{"column":12,"file":"node:net","function":"listenInCluster","line":1994,"method":null,"native":false},{"column":7,"file":"node:net","function":null,"line":2203,"method":null,"native":false},{"column":21,"file":"node:internal/process/task_queues","function":"process.processTicksAndRejections","line":90,"method":"processTicksAndRejections","native":false}]}
2026-01-28 01:32:11 [error]: uncaughtException: listen EADDRINUSE: address already in use 0.0.0.0:3000
Error: listen EADDRINUSE: address already in use 0.0.0.0:3000
    at Server.setupListenHandle [as _listen2] (node:net:1937:16)
    at listenInCluster (node:net:1994:12)
    at node:net:2203:7
    at process.processTicksAndRejections (node:internal/process/task_queues:90:21)
Error: listen EADDRINUSE: address already in use 0.0.0.0:3000
    at Server.setupListenHandle [as _listen2] (node:net:1937:16)
    at listenInCluster (node:net:1994:12)
    at node:net:2203:7
    at process.processTicksAndRejections (node:internal/process/task_queues:90:21) {"error":{"code":"EADDRINUSE","errno":-4091,"syscall":"listen","address":"0.0.0.0","port":3000},"exception":true,"date":"Wed Jan 28 2026 01:32:11 GMT+0900 (대한민국 표준시)","process":{"pid":24120,"uid":null,"gid":null,"cwd":"C:\\Users\\win\\Downloads\\Global-Advertising-Platform-d9586aca12844d7c7dbe1a70fb43f4a241df4343\\backend","execPath":"C:\\Program Files\\nodejs\\node.exe","version":"v22.13.1","argv":["C:\\Program Files\\nodejs\\node.exe","C:\\Users\\win\\Downloads\\Global-Advertising-Platform-d9586aca12844d7c7dbe1a70fb43f4a241df4343\\backend\\server.js"],"memoryUsage":{"rss":124096512,"heapTotal":74952704,"heapUsed":44003192,"external":4663332,"arrayBuffers":946786}},"os":{"loadavg":[0,0,0],"uptime":101839.718},"trace":[{"column":16,"file":"node:net","function":"Server.setupListenHandle [as _listen2]","line":1937,"method":"setupListenHandle [as _listen2]","native":false},{"column":12,"file":"node:net","function":"listenInCluster","line":1994,"method":null,"native":false},{"column":7,"file":"node:net","function":null,"line":2203,"method":null,"native":false},{"column":21,"file":"node:internal/process/task_queues","function":"process.processTicksAndRejections","line":90,"method":"processTicksAndRejections","native":false}]}
2026-01-28 01:32:11 [error]: uncaughtException: listen EADDRINUSE: address already in use 0.0.0.0:3000
Error: listen EADDRINUSE: address already in use 0.0.0.0:3000
    at Server.setupListenHandle [as _listen2] (node:net:1937:16)
    at listenInCluster (node:net:1994:12)
    at node:net:2203:7
    at process.processTicksAndRejections (node:internal/process/task_queues:90:21)
Error: listen EADDRINUSE: address already in use 0.0.0.0:3000
    at Server.setupListenHandle [as _listen2] (node:net:1937:16)
    at listenInCluster (node:net:1994:12)
    at node:net:2203:7
    at process.processTicksAndRejections (node:internal/process/task_queues:90:21) {"error":{"code":"EADDRINUSE","errno":-4091,"syscall":"listen","address":"0.0.0.0","port":3000},"exception":true,"date":"Wed Jan 28 2026 01:32:11 GMT+0900 (대한민국 표준시)","process":{"pid":30056,"uid":null,"gid":null,"cwd":"C:\\Users\\win\\Downloads\\Global-Advertising-Platform-d9586aca12844d7c7dbe1a70fb43f4a241df4343\\backend","execPath":"C:\\Program Files\\nodejs\\node.exe","version":"v22.13.1","argv":["C:\\Program Files\\nodejs\\node.exe","C:\\Users\\win\\Downloads\\Global-Advertising-Platform-d9586aca12844d7c7dbe1a70fb43f4a241df4343\\backend\\server.js"],"memoryUsage":{"rss":123531264,"heapTotal":73904128,"heapUsed":45368808,"external":4663480,"arrayBuffers":946934}},"os":{"loadavg":[0,0,0],"uptime":101839.718},"trace":[{"column":16,"file":"node:net","function":"Server.setupListenHandle [as _listen2]","line":1937,"method":"setupListenHandle [as _listen2]","native":false},{"column":12,"file":"node:net","function":"listenInCluster","line":1994,"method":null,"native":false},{"column":7,"file":"node:net","function":null,"line":2203,"method":null,"native":false},{"column":21,"file":"node:internal/process/task_queues","function":"process.processTicksAndRejections","line":90,"method":"processTicksAndRejections","native":false}]}
2026-01-28 01:32:11 [error]: uncaughtException: listen EADDRINUSE: address already in use 0.0.0.0:3000
Error: listen EADDRINUSE: address already in use 0.0.0.0:3000
    at Server.setupListenHandle [as _listen2] (node:net:1937:16)
    at listenInCluster (node:net:1994:12)
    at node:net:2203:7
    at process.processTicksAndRejections (node:internal/process/task_queues:90:21)
Error: listen EADDRINUSE: address already in use 0.0.0.0:3000
    at Server.setupListenHandle [as _listen2] (node:net:1937:16)
    at listenInCluster (node:net:1994:12)
    at node:net:2203:7
    at process.processTicksAndRejections (node:internal/process/task_queues:90:21) {"error":{"code":"EADDRINUSE","errno":-4091,"syscall":"listen","address":"0.0.0.0","port":3000},"exception":true,"date":"Wed Jan 28 2026 01:32:11 GMT+0900 (대한민국 표준시)","process":{"pid":21156,"uid":null,"gid":null,"cwd":"C:\\Users\\win\\Downloads\\Global-Advertising-Platform-d9586aca12844d7c7dbe1a70fb43f4a241df4343\\backend","execPath":"C:\\Program Files\\nodejs\\node.exe","version":"v22.13.1","argv":["C:\\Program Files\\nodejs\\node.exe","C:\\Users\\win\\Downloads\\Global-Advertising-Platform-d9586aca12844d7c7dbe1a70fb43f4a241df4343\\backend\\server.js"],"memoryUsage":{"rss":122843136,"heapTotal":73904128,"heapUsed":45289816,"external":4663479,"arrayBuffers":946933}},"os":{"loadavg":[0,0,0],"uptime":101839.718},"trace":[{"column":16,"file":"node:net","function":"Server.setupListenHandle [as _listen2]","line":1937,"method":"setupListenHandle [as _listen2]","native":false},{"column":12,"file":"node:net","function":"listenInCluster","line":1994,"method":null,"native":false},{"column":7,"file":"node:net","function":null,"line":2203,"method":null,"native":false},{"column":21,"file":"node:internal/process/task_queues","function":"process.processTicksAndRejections","line":90,"method":"processTicksAndRejections","native":false}]}
2026-01-28 01:32:11 [error]: uncaughtException: listen EADDRINUSE: address already in use 0.0.0.0:3000
Error: listen EADDRINUSE: address already in use 0.0.0.0:3000
    at Server.setupListenHandle [as _listen2] (node:net:1937:16)
    at listenInCluster (node:net:1994:12)
    at node:net:2203:7
    at process.processTicksAndRejections (node:internal/process/task_queues:90:21)
Error: listen EADDRINUSE: address already in use 0.0.0.0:3000
    at Server.setupListenHandle [as _listen2] (node:net:1937:16)
    at listenInCluster (node:net:1994:12)
    at node:net:2203:7
    at process.processTicksAndRejections (node:internal/process/task_queues:90:21) {"error":{"code":"EADDRINUSE","errno":-4091,"syscall":"listen","address":"0.0.0.0","port":3000},"exception":true,"date":"Wed Jan 28 2026 01:32:11 GMT+0900 (대한민국 표준시)","process":{"pid":20808,"uid":null,"gid":null,"cwd":"C:\\Users\\win\\Downloads\\Global-Advertising-Platform-d9586aca12844d7c7dbe1a70fb43f4a241df4343\\backend","execPath":"C:\\Program Files\\nodejs\\node.exe","version":"v22.13.1","argv":["C:\\Program Files\\nodejs\\node.exe","C:\\Users\\win\\Downloads\\Global-Advertising-Platform-d9586aca12844d7c7dbe1a70fb43f4a241df4343\\backend\\server.js"],"memoryUsage":{"rss":122724352,"heapTotal":73904128,"heapUsed":44898840,"external":4663479,"arrayBuffers":946933}},"os":{"loadavg":[0,0,0],"uptime":101839.718},"trace":[{"column":16,"file":"node:net","function":"Server.setupListenHandle [as _listen2]","line":1937,"method":"setupListenHandle [as _listen2]","native":false},{"column":12,"file":"node:net","function":"listenInCluster","line":1994,"method":null,"native":false},{"column":7,"file":"node:net","function":null,"line":2203,"method":null,"native":false},{"column":21,"file":"node:internal/process/task_queues","function":"process.processTicksAndRejections","line":90,"method":"processTicksAndRejections","native":false}]}
2026-01-28 01:32:11 [error]: uncaughtException: listen EADDRINUSE: address already in use 0.0.0.0:3000
Error: listen EADDRINUSE: address already in use 0.0.0.0:3000
    at Server.setupListenHandle [as _listen2] (node:net:1937:16)
    at listenInCluster (node:net:1994:12)
    at node:net:2203:7
    at process.processTicksAndRejections (node:internal/process/task_queues:90:21)
Error: listen EADDRINUSE: address already in use 0.0.0.0:3000
    at Server.setupListenHandle [as _listen2] (node:net:1937:16)
    at listenInCluster (node:net:1994:12)
    at node:net:2203:7
    at process.processTicksAndRejections (node:internal/process/task_queues:90:21) {"error":{"code":"EADDRINUSE","errno":-4091,"syscall":"listen","address":"0.0.0.0","port":3000},"exception":true,"date":"Wed Jan 28 2026 01:32:11 GMT+0900 (대한민국 표준시)","process":{"pid":16068,"uid":null,"gid":null,"cwd":"C:\\Users\\win\\Downloads\\Global-Advertising-Platform-d9586aca12844d7c7dbe1a70fb43f4a241df4343\\backend","execPath":"C:\\Program Files\\nodejs\\node.exe","version":"v22.13.1","argv":["C:\\Program Files\\nodejs\\node.exe","C:\\Users\\win\\Downloads\\Global-Advertising-Platform-d9586aca12844d7c7dbe1a70fb43f4a241df4343\\backend\\server.js"],"memoryUsage":{"rss":122953728,"heapTotal":74428416,"heapUsed":44326672,"external":4663480,"arrayBuffers":946934}},"os":{"loadavg":[0,0,0],"uptime":101839.718},"trace":[{"column":16,"file":"node:net","function":"Server.setupListenHandle [as _listen2]","line":1937,"method":"setupListenHandle [as _listen2]","native":false},{"column":12,"file":"node:net","function":"listenInCluster","line":1994,"method":null,"native":false},{"column":7,"file":"node:net","function":null,"line":2203,"method":null,"native":false},{"column":21,"file":"node:internal/process/task_queues","function":"process.processTicksAndRejections","line":90,"method":"processTicksAndRejections","native":false}]}
2026-01-28 01:32:11 [error]: uncaughtException: listen EADDRINUSE: address already in use 0.0.0.0:3000
Error: listen EADDRINUSE: address already in use 0.0.0.0:3000
    at Server.setupListenHandle [as _listen2] (node:net:1937:16)
    at listenInCluster (node:net:1994:12)
    at node:net:2203:7
    at process.processTicksAndRejections (node:internal/process/task_queues:90:21)
Error: listen EADDRINUSE: address already in use 0.0.0.0:3000
    at Server.setupListenHandle [as _listen2] (node:net:1937:16)
    at listenInCluster (node:net:1994:12)
    at node:net:2203:7
    at process.processTicksAndRejections (node:internal/process/task_queues:90:21) {"error":{"code":"EADDRINUSE","errno":-4091,"syscall":"listen","address":"0.0.0.0","port":3000},"exception":true,"date":"Wed Jan 28 2026 01:32:11 GMT+0900 (대한민국 표준시)","process":{"pid":29360,"uid":null,"gid":null,"cwd":"C:\\Users\\win\\Downloads\\Global-Advertising-Platform-d9586aca12844d7c7dbe1a70fb43f4a241df4343\\backend","execPath":"C:\\Program Files\\nodejs\\node.exe","version":"v22.13.1","argv":["C:\\Program Files\\nodejs\\node.exe","C:\\Users\\win\\Downloads\\Global-Advertising-Platform-d9586aca12844d7c7dbe1a70fb43f4a241df4343\\backend\\server.js"],"memoryUsage":{"rss":122646528,"heapTotal":74166272,"heapUsed":45256528,"external":4663480,"arrayBuffers":946934}},"os":{"loadavg":[0,0,0],"uptime":101839.734},"trace":[{"column":16,"file":"node:net","function":"Server.setupListenHandle [as _listen2]","line":1937,"method":"setupListenHandle [as _listen2]","native":false},{"column":12,"file":"node:net","function":"listenInCluster","line":1994,"method":null,"native":false},{"column":7,"file":"node:net","function":null,"line":2203,"method":null,"native":false},{"column":21,"file":"node:internal/process/task_queues","function":"process.processTicksAndRejections","line":90,"method":"processTicksAndRejections","native":false}]}
2026-01-28 01:32:16 [error]: uncaughtException: listen EADDRINUSE: address already in use 0.0.0.0:3000
Error: listen EADDRINUSE: address already in use 0.0.0.0:3000
    at Server.setupListenHandle [as _listen2] (node:net:1937:16)
    at listenInCluster (node:net:1994:12)
    at node:net:2203:7
    at process.processTicksAndRejections (node:internal/process/task_queues:90:21)
Error: listen EADDRINUSE: address already in use 0.0.0.0:3000
    at Server.setupListenHandle [as _listen2] (node:net:1937:16)
    at listenInCluster (node:net:1994:12)
    at node:net:2203:7
    at process.processTicksAndRejections (node:internal/process/task_queues:90:21) {"error":{"code":"EADDRINUSE","errno":-4091,"syscall":"listen","address":"0.0.0.0","port":3000},"exception":true,"date":"Wed Jan 28 2026 01:32:16 GMT+0900 (대한민국 표준시)","process":{"pid":16040,"uid":null,"gid":null,"cwd":"C:\\Users\\win\\Downloads\\Global-Advertising-Platform-d9586aca12844d7c7dbe1a70fb43f4a241df4343\\backend","execPath":"C:\\Program Files\\nodejs\\node.exe","version":"v22.13.1","argv":["C:\\Program Files\\nodejs\\node.exe","C:\\Users\\win\\Downloads\\Global-Advertising-Platform-d9586aca12844d7c7dbe1a70fb43f4a241df4343\\backend\\server.js"],"memoryUsage":{"rss":122822656,"heapTotal":73908224,"heapUsed":46650704,"external":4663480,"arrayBuffers":946934}},"os":{"loadavg":[0,0,0],"uptime":101844.609},"trace":[{"column":16,"file":"node:net","function":"Server.setupListenHandle [as _listen2]","line":1937,"method":"setupListenHandle [as _listen2]","native":false},{"column":12,"file":"node:net","function":"listenInCluster","line":1994,"method":null,"native":false},{"column":7,"file":"node:net","function":null,"line":2203,"method":null,"native":false},{"column":21,"file":"node:internal/process/task_queues","function":"process.processTicksAndRejections","line":90,"method":"processTicksAndRejections","native":false}]}
2026-01-28 01:32:16 [error]: uncaughtException: listen EADDRINUSE: address already in use 0.0.0.0:3000
Error: listen EADDRINUSE: address already in use 0.0.0.0:3000
    at Server.setupListenHandle [as _listen2] (node:net:1937:16)
    at listenInCluster (node:net:1994:12)
    at node:net:2203:7
    at process.processTicksAndRejections (node:internal/process/task_queues:90:21)
Error: listen EADDRINUSE: address already in use 0.0.0.0:3000
    at Server.setupListenHandle [as _listen2] (node:net:1937:16)
    at listenInCluster (node:net:1994:12)
    at node:net:2203:7
    at process.processTicksAndRejections (node:internal/process/task_queues:90:21) {"error":{"code":"EADDRINUSE","errno":-4091,"syscall":"listen","address":"0.0.0.0","port":3000},"exception":true,"date":"Wed Jan 28 2026 01:32:16 GMT+0900 (대한민국 표준시)","process":{"pid":12936,"uid":null,"gid":null,"cwd":"C:\\Users\\win\\Downloads\\Global-Advertising-Platform-d9586aca12844d7c7dbe1a70fb43f4a241df4343\\backend","execPath":"C:\\Program Files\\nodejs\\node.exe","version":"v22.13.1","argv":["C:\\Program Files\\nodejs\\node.exe","C:\\Users\\win\\Downloads\\Global-Advertising-Platform-d9586aca12844d7c7dbe1a70fb43f4a241df4343\\backend\\server.js"],"memoryUsage":{"rss":123576320,"heapTotal":74432512,"heapUsed":46231384,"external":4663480,"arrayBuffers":946934}},"os":{"loadavg":[0,0,0],"uptime":101844.656},"trace":[{"column":16,"file":"node:net","function":"Server.setupListenHandle [as _listen2]","line":1937,"method":"setupListenHandle [as _listen2]","native":false},{"column":12,"file":"node:net","function":"listenInCluster","line":1994,"method":null,"native":false},{"column":7,"file":"node:net","function":null,"line":2203,"method":null,"native":false},{"column":21,"file":"node:internal/process/task_queues","function":"process.processTicksAndRejections","line":90,"method":"processTicksAndRejections","native":false}]}
2026-01-28 01:32:16 [error]: uncaughtException: listen EADDRINUSE: address already in use 0.0.0.0:3000
Error: listen EADDRINUSE: address already in use 0.0.0.0:3000
    at Server.setupListenHandle [as _listen2] (node:net:1937:16)
    at listenInCluster (node:net:1994:12)
    at node:net:2203:7
    at process.processTicksAndRejections (node:internal/process/task_queues:90:21)
Error: listen EADDRINUSE: address already in use 0.0.0.0:3000
    at Server.setupListenHandle [as _listen2] (node:net:1937:16)
    at listenInCluster (node:net:1994:12)
    at node:net:2203:7
    at process.processTicksAndRejections (node:internal/process/task_queues:90:21) {"error":{"code":"EADDRINUSE","errno":-4091,"syscall":"listen","address":"0.0.0.0","port":3000},"exception":true,"date":"Wed Jan 28 2026 01:32:16 GMT+0900 (대한민국 표준시)","process":{"pid":22380,"uid":null,"gid":null,"cwd":"C:\\Users\\win\\Downloads\\Global-Advertising-Platform-d9586aca12844d7c7dbe1a70fb43f4a241df4343\\backend","execPath":"C:\\Program Files\\nodejs\\node.exe","version":"v22.13.1","argv":["C:\\Program Files\\nodejs\\node.exe","C:\\Users\\win\\Downloads\\Global-Advertising-Platform-d9586aca12844d7c7dbe1a70fb43f4a241df4343\\backend\\server.js"],"memoryUsage":{"rss":122884096,"heapTotal":73646080,"heapUsed":46963888,"external":4663480,"arrayBuffers":946934}},"os":{"loadavg":[0,0,0],"uptime":101844.671},"trace":[{"column":16,"file":"node:net","function":"Server.setupListenHandle [as _listen2]","line":1937,"method":"setupListenHandle [as _listen2]","native":false},{"column":12,"file":"node:net","function":"listenInCluster","line":1994,"method":null,"native":false},{"column":7,"file":"node:net","function":null,"line":2203,"method":null,"native":false},{"column":21,"file":"node:internal/process/task_queues","function":"process.processTicksAndRejections","line":90,"method":"processTicksAndRejections","native":false}]}
2026-01-28 01:32:16 [error]: uncaughtException: listen EADDRINUSE: address already in use 0.0.0.0:3000
Error: listen EADDRINUSE: address already in use 0.0.0.0:3000
    at Server.setupListenHandle [as _listen2] (node:net:1937:16)
    at listenInCluster (node:net:1994:12)
    at node:net:2203:7
    at process.processTicksAndRejections (node:internal/process/task_queues:90:21)
Error: listen EADDRINUSE: address already in use 0.0.0.0:3000
    at Server.setupListenHandle [as _listen2] (node:net:1937:16)
    at listenInCluster (node:net:1994:12)
    at node:net:2203:7
    at process.processTicksAndRejections (node:internal/process/task_queues:90:21) {"error":{"code":"EADDRINUSE","errno":-4091,"syscall":"listen","address":"0.0.0.0","port":3000},"exception":true,"date":"Wed Jan 28 2026 01:32:16 GMT+0900 (대한민국 표준시)","process":{"pid":13868,"uid":null,"gid":null,"cwd":"C:\\Users\\win\\Downloads\\Global-Advertising-Platform-d9586aca12844d7c7dbe1a70fb43f4a241df4343\\backend","execPath":"C:\\Program Files\\nodejs\\node.exe","version":"v22.13.1","argv":["C:\\Program Files\\nodejs\\node.exe","C:\\Users\\win\\Downloads\\Global-Advertising-Platform-d9586aca12844d7c7dbe1a70fb43f4a241df4343\\backend\\server.js"],"memoryUsage":{"rss":122175488,"heapTotal":73908224,"heapUsed":46663216,"external":4663480,"arrayBuffers":946934}},"os":{"loadavg":[0,0,0],"uptime":101844.671},"trace":[{"column":16,"file":"node:net","function":"Server.setupListenHandle [as _listen2]","line":1937,"method":"setupListenHandle [as _listen2]","native":false},{"column":12,"file":"node:net","function":"listenInCluster","line":1994,"method":null,"native":false},{"column":7,"file":"node:net","function":null,"line":2203,"method":null,"native":false},{"column":21,"file":"node:internal/process/task_queues","function":"process.processTicksAndRejections","line":90,"method":"processTicksAndRejections","native":false}]}
2026-01-28 01:32:16 [error]: uncaughtException: listen EADDRINUSE: address already in use 0.0.0.0:3000
Error: listen EADDRINUSE: address already in use 0.0.0.0:3000
    at Server.setupListenHandle [as _listen2] (node:net:1937:16)
    at listenInCluster (node:net:1994:12)
    at node:net:2203:7
    at process.processTicksAndRejections (node:internal/process/task_queues:90:21)
Error: listen EADDRINUSE: address already in use 0.0.0.0:3000
    at Server.setupListenHandle [as _listen2] (node:net:1937:16)
    at listenInCluster (node:net:1994:12)
    at node:net:2203:7
    at process.processTicksAndRejections (node:internal/process/task_queues:90:21) {"error":{"code":"EADDRINUSE","errno":-4091,"syscall":"listen","address":"0.0.0.0","port":3000},"exception":true,"date":"Wed Jan 28 2026 01:32:16 GMT+0900 (대한민국 표준시)","process":{"pid":28848,"uid":null,"gid":null,"cwd":"C:\\Users\\win\\Downloads\\Global-Advertising-Platform-d9586aca12844d7c7dbe1a70fb43f4a241df4343\\backend","execPath":"C:\\Program Files\\nodejs\\node.exe","version":"v22.13.1","argv":["C:\\Program Files\\nodejs\\node.exe","C:\\Users\\win\\Downloads\\Global-Advertising-Platform-d9586aca12844d7c7dbe1a70fb43f4a241df4343\\backend\\server.js"],"memoryUsage":{"rss":121442304,"heapTotal":72335360,"heapUsed":47643648,"external":4663480,"arrayBuffers":946934}},"os":{"loadavg":[0,0,0],"uptime":101844.687},"trace":[{"column":16,"file":"node:net","function":"Server.setupListenHandle [as _listen2]","line":1937,"method":"setupListenHandle [as _listen2]","native":false},{"column":12,"file":"node:net","function":"listenInCluster","line":1994,"method":null,"native":false},{"column":7,"file":"node:net","function":null,"line":2203,"method":null,"native":false},{"column":21,"file":"node:internal/process/task_queues","function":"process.processTicksAndRejections","line":90,"method":"processTicksAndRejections","native":false}]}
2026-01-28 01:32:16 [error]: uncaughtException: listen EADDRINUSE: address already in use 0.0.0.0:3000
Error: listen EADDRINUSE: address already in use 0.0.0.0:3000
    at Server.setupListenHandle [as _listen2] (node:net:1937:16)
    at listenInCluster (node:net:1994:12)
    at node:net:2203:7
    at process.processTicksAndRejections (node:internal/process/task_queues:90:21)
Error: listen EADDRINUSE: address already in use 0.0.0.0:3000
    at Server.setupListenHandle [as _listen2] (node:net:1937:16)
    at listenInCluster (node:net:1994:12)
    at node:net:2203:7
    at process.processTicksAndRejections (node:internal/process/task_queues:90:21) {"error":{"code":"EADDRINUSE","errno":-4091,"syscall":"listen","address":"0.0.0.0","port":3000},"exception":true,"date":"Wed Jan 28 2026 01:32:16 GMT+0900 (대한민국 표준시)","process":{"pid":15716,"uid":null,"gid":null,"cwd":"C:\\Users\\win\\Downloads\\Global-Advertising-Platform-d9586aca12844d7c7dbe1a70fb43f4a241df4343\\backend","execPath":"C:\\Program Files\\nodejs\\node.exe","version":"v22.13.1","argv":["C:\\Program Files\\nodejs\\node.exe","C:\\Users\\win\\Downloads\\Global-Advertising-Platform-d9586aca12844d7c7dbe1a70fb43f4a241df4343\\backend\\server.js"],"memoryUsage":{"rss":122621952,"heapTotal":74170368,"heapUsed":46980048,"external":4663480,"arrayBuffers":946934}},"os":{"loadavg":[0,0,0],"uptime":101844.687},"trace":[{"column":16,"file":"node:net","function":"Server.setupListenHandle [as _listen2]","line":1937,"method":"setupListenHandle [as _listen2]","native":false},{"column":12,"file":"node:net","function":"listenInCluster","line":1994,"method":null,"native":false},{"column":7,"file":"node:net","function":null,"line":2203,"method":null,"native":false},{"column":21,"file":"node:internal/process/task_queues","function":"process.processTicksAndRejections","line":90,"method":"processTicksAndRejections","native":false}]}
2026-01-28 01:32:19 [error]: uncaughtException: listen EADDRINUSE: address already in use 0.0.0.0:3000
Error: listen EADDRINUSE: address already in use 0.0.0.0:3000
    at Server.setupListenHandle [as _listen2] (node:net:1937:16)
    at listenInCluster (node:net:1994:12)
    at node:net:2203:7
    at process.processTicksAndRejections (node:internal/process/task_queues:90:21)
Error: listen EADDRINUSE: address already in use 0.0.0.0:3000
    at Server.setupListenHandle [as _listen2] (node:net:1937:16)
    at listenInCluster (node:net:1994:12)
    at node:net:2203:7
    at process.processTicksAndRejections (node:internal/process/task_queues:90:21) {"error":{"code":"EADDRINUSE","errno":-4091,"syscall":"listen","address":"0.0.0.0","port":3000},"exception":true,"date":"Wed Jan 28 2026 01:32:19 GMT+0900 (대한민국 표준시)","process":{"pid":13560,"uid":null,"gid":null,"cwd":"C:\\Users\\win\\Downloads\\Global-Advertising-Platform-d9586aca12844d7c7dbe1a70fb43f4a241df4343\\backend","execPath":"C:\\Program Files\\nodejs\\node.exe","version":"v22.13.1","argv":["C:\\Program Files\\nodejs\\node.exe","C:\\Users\\win\\Downloads\\Global-Advertising-Platform-d9586aca12844d7c7dbe1a70fb43f4a241df4343\\backend\\server.js"],"memoryUsage":{"rss":123191296,"heapTotal":73908224,"heapUsed":47052104,"external":4663480,"arrayBuffers":946934}},"os":{"loadavg":[0,0,0],"uptime":101847.312},"trace":[{"column":16,"file":"node:net","function":"Server.setupListenHandle [as _listen2]","line":1937,"method":"setupListenHandle [as _listen2]","native":false},{"column":12,"file":"node:net","function":"listenInCluster","line":1994,"method":null,"native":false},{"column":7,"file":"node:net","function":null,"line":2203,"method":null,"native":false},{"column":21,"file":"node:internal/process/task_queues","function":"process.processTicksAndRejections","line":90,"method":"processTicksAndRejections","native":false}]}
2026-01-28 01:32:48 [error]: uncaughtException: listen EADDRINUSE: address already in use 0.0.0.0:3000
Error: listen EADDRINUSE: address already in use 0.0.0.0:3000
    at Server.setupListenHandle [as _listen2] (node:net:1937:16)
    at listenInCluster (node:net:1994:12)
    at node:net:2203:7
    at process.processTicksAndRejections (node:internal/process/task_queues:90:21)
Error: listen EADDRINUSE: address already in use 0.0.0.0:3000
    at Server.setupListenHandle [as _listen2] (node:net:1937:16)
    at listenInCluster (node:net:1994:12)
    at node:net:2203:7
    at process.processTicksAndRejections (node:internal/process/task_queues:90:21) {"error":{"code":"EADDRINUSE","errno":-4091,"syscall":"listen","address":"0.0.0.0","port":3000},"exception":true,"date":"Wed Jan 28 2026 01:32:48 GMT+0900 (대한민국 표준시)","process":{"pid":20928,"uid":null,"gid":null,"cwd":"C:\\Users\\win\\Downloads\\Global-Advertising-Platform-d9586aca12844d7c7dbe1a70fb43f4a241df4343\\backend","execPath":"C:\\Program Files\\nodejs\\node.exe","version":"v22.13.1","argv":["C:\\Program Files\\nodejs\\node.exe","C:\\Users\\win\\Downloads\\Global-Advertising-Platform-d9586aca12844d7c7dbe1a70fb43f4a241df4343\\backend\\server.js"],"memoryUsage":{"rss":122482688,"heapTotal":73646080,"heapUsed":46961488,"external":4663480,"arrayBuffers":946934}},"os":{"loadavg":[0,0,0],"uptime":101876.343},"trace":[{"column":16,"file":"node:net","function":"Server.setupListenHandle [as _listen2]","line":1937,"method":"setupListenHandle [as _listen2]","native":false},{"column":12,"file":"node:net","function":"listenInCluster","line":1994,"method":null,"native":false},{"column":7,"file":"node:net","function":null,"line":2203,"method":null,"native":false},{"column":21,"file":"node:internal/process/task_queues","function":"process.processTicksAndRejections","line":90,"method":"processTicksAndRejections","native":false}]}
2026-01-28 01:32:48 [error]: uncaughtException: listen EADDRINUSE: address already in use 0.0.0.0:3000
Error: listen EADDRINUSE: address already in use 0.0.0.0:3000
    at Server.setupListenHandle [as _listen2] (node:net:1937:16)
    at listenInCluster (node:net:1994:12)
    at node:net:2203:7
    at process.processTicksAndRejections (node:internal/process/task_queues:90:21)
Error: listen EADDRINUSE: address already in use 0.0.0.0:3000
    at Server.setupListenHandle [as _listen2] (node:net:1937:16)
    at listenInCluster (node:net:1994:12)
    at node:net:2203:7
    at process.processTicksAndRejections (node:internal/process/task_queues:90:21) {"error":{"code":"EADDRINUSE","errno":-4091,"syscall":"listen","address":"0.0.0.0","port":3000},"exception":true,"date":"Wed Jan 28 2026 01:32:48 GMT+0900 (대한민국 표준시)","process":{"pid":30560,"uid":null,"gid":null,"cwd":"C:\\Users\\win\\Downloads\\Global-Advertising-Platform-d9586aca12844d7c7dbe1a70fb43f4a241df4343\\backend","execPath":"C:\\Program Files\\nodejs\\node.exe","version":"v22.13.1","argv":["C:\\Program Files\\nodejs\\node.exe","C:\\Users\\win\\Downloads\\Global-Advertising-Platform-d9586aca12844d7c7dbe1a70fb43f4a241df4343\\backend\\server.js"],"memoryUsage":{"rss":123027456,"heapTotal":74432512,"heapUsed":46476144,"external":4663480,"arrayBuffers":946934}},"os":{"loadavg":[0,0,0],"uptime":101876.39},"trace":[{"column":16,"file":"node:net","function":"Server.setupListenHandle [as _listen2]","line":1937,"method":"setupListenHandle [as _listen2]","native":false},{"column":12,"file":"node:net","function":"listenInCluster","line":1994,"method":null,"native":false},{"column":7,"file":"node:net","function":null,"line":2203,"method":null,"native":false},{"column":21,"file":"node:internal/process/task_queues","function":"process.processTicksAndRejections","line":90,"method":"processTicksAndRejections","native":false}]}
2026-01-28 01:32:48 [error]: uncaughtException: listen EADDRINUSE: address already in use 0.0.0.0:3000
Error: listen EADDRINUSE: address already in use 0.0.0.0:3000
    at Server.setupListenHandle [as _listen2] (node:net:1937:16)
    at listenInCluster (node:net:1994:12)
    at node:net:2203:7
    at process.processTicksAndRejections (node:internal/process/task_queues:90:21)
Error: listen EADDRINUSE: address already in use 0.0.0.0:3000
    at Server.setupListenHandle [as _listen2] (node:net:1937:16)
    at listenInCluster (node:net:1994:12)
    at node:net:2203:7
    at process.processTicksAndRejections (node:internal/process/task_queues:90:21) {"error":{"code":"EADDRINUSE","errno":-4091,"syscall":"listen","address":"0.0.0.0","port":3000},"exception":true,"date":"Wed Jan 28 2026 01:32:48 GMT+0900 (대한민국 표준시)","process":{"pid":12792,"uid":null,"gid":null,"cwd":"C:\\Users\\win\\Downloads\\Global-Advertising-Platform-d9586aca12844d7c7dbe1a70fb43f4a241df4343\\backend","execPath":"C:\\Program Files\\nodejs\\node.exe","version":"v22.13.1","argv":["C:\\Program Files\\nodejs\\node.exe","C:\\Users\\win\\Downloads\\Global-Advertising-Platform-d9586aca12844d7c7dbe1a70fb43f4a241df4343\\backend\\server.js"],"memoryUsage":{"rss":123146240,"heapTotal":73908224,"heapUsed":44956528,"external":4663480,"arrayBuffers":946934}},"os":{"loadavg":[0,0,0],"uptime":101876.421},"trace":[{"column":16,"file":"node:net","function":"Server.setupListenHandle [as _listen2]","line":1937,"method":"setupListenHandle [as _listen2]","native":false},{"column":12,"file":"node:net","function":"listenInCluster","line":1994,"method":null,"native":false},{"column":7,"file":"node:net","function":null,"line":2203,"method":null,"native":false},{"column":21,"file":"node:internal/process/task_queues","function":"process.processTicksAndRejections","line":90,"method":"processTicksAndRejections","native":false}]}
2026-01-28 01:32:48 [error]: uncaughtException: listen EADDRINUSE: address already in use 0.0.0.0:3000
Error: listen EADDRINUSE: address already in use 0.0.0.0:3000
    at Server.setupListenHandle [as _listen2] (node:net:1937:16)
    at listenInCluster (node:net:1994:12)
    at node:net:2203:7
    at process.processTicksAndRejections (node:internal/process/task_queues:90:21)
Error: listen EADDRINUSE: address already in use 0.0.0.0:3000
    at Server.setupListenHandle [as _listen2] (node:net:1937:16)
    at listenInCluster (node:net:1994:12)
    at node:net:2203:7
    at process.processTicksAndRejections (node:internal/process/task_queues:90:21) {"error":{"code":"EADDRINUSE","errno":-4091,"syscall":"listen","address":"0.0.0.0","port":3000},"exception":true,"date":"Wed Jan 28 2026 01:32:48 GMT+0900 (대한민국 표준시)","process":{"pid":2464,"uid":null,"gid":null,"cwd":"C:\\Users\\win\\Downloads\\Global-Advertising-Platform-d9586aca12844d7c7dbe1a70fb43f4a241df4343\\backend","execPath":"C:\\Program Files\\nodejs\\node.exe","version":"v22.13.1","argv":["C:\\Program Files\\nodejs\\node.exe","C:\\Users\\win\\Downloads\\Global-Advertising-Platform-d9586aca12844d7c7dbe1a70fb43f4a241df4343\\backend\\server.js"],"memoryUsage":{"rss":121245696,"heapTotal":72335360,"heapUsed":41479112,"external":4663332,"arrayBuffers":946786}},"os":{"loadavg":[0,0,0],"uptime":101876.453},"trace":[{"column":16,"file":"node:net","function":"Server.setupListenHandle [as _listen2]","line":1937,"method":"setupListenHandle [as _listen2]","native":false},{"column":12,"file":"node:net","function":"listenInCluster","line":1994,"method":null,"native":false},{"column":7,"file":"node:net","function":null,"line":2203,"method":null,"native":false},{"column":21,"file":"node:internal/process/task_queues","function":"process.processTicksAndRejections","line":90,"method":"processTicksAndRejections","native":false}]}
2026-01-28 01:32:48 [error]: uncaughtException: listen EADDRINUSE: address already in use 0.0.0.0:3000
Error: listen EADDRINUSE: address already in use 0.0.0.0:3000
    at Server.setupListenHandle [as _listen2] (node:net:1937:16)
    at listenInCluster (node:net:1994:12)
    at node:net:2203:7
    at process.processTicksAndRejections (node:internal/process/task_queues:90:21)
Error: listen EADDRINUSE: address already in use 0.0.0.0:3000
    at Server.setupListenHandle [as _listen2] (node:net:1937:16)
    at listenInCluster (node:net:1994:12)
    at node:net:2203:7
    at process.processTicksAndRejections (node:internal/process/task_queues:90:21) {"error":{"code":"EADDRINUSE","errno":-4091,"syscall":"listen","address":"0.0.0.0","port":3000},"exception":true,"date":"Wed Jan 28 2026 01:32:48 GMT+0900 (대한민국 표준시)","process":{"pid":13872,"uid":null,"gid":null,"cwd":"C:\\Users\\win\\Downloads\\Global-Advertising-Platform-d9586aca12844d7c7dbe1a70fb43f4a241df4343\\backend","execPath":"C:\\Program Files\\nodejs\\node.exe","version":"v22.13.1","argv":["C:\\Program Files\\nodejs\\node.exe","C:\\Users\\win\\Downloads\\Global-Advertising-Platform-d9586aca12844d7c7dbe1a70fb43f4a241df4343\\backend\\server.js"],"memoryUsage":{"rss":123215872,"heapTotal":74170368,"heapUsed":44829976,"external":4663480,"arrayBuffers":946934}},"os":{"loadavg":[0,0,0],"uptime":101876.453},"trace":[{"column":16,"file":"node:net","function":"Server.setupListenHandle [as _listen2]","line":1937,"method":"setupListenHandle [as _listen2]","native":false},{"column":12,"file":"node:net","function":"listenInCluster","line":1994,"method":null,"native":false},{"column":7,"file":"node:net","function":null,"line":2203,"method":null,"native":false},{"column":21,"file":"node:internal/process/task_queues","function":"process.processTicksAndRejections","line":90,"method":"processTicksAndRejections","native":false}]}
2026-01-28 01:32:48 [error]: uncaughtException: listen EADDRINUSE: address already in use 0.0.0.0:3000
Error: listen EADDRINUSE: address already in use 0.0.0.0:3000
    at Server.setupListenHandle [as _listen2] (node:net:1937:16)
    at listenInCluster (node:net:1994:12)
    at node:net:2203:7
    at process.processTicksAndRejections (node:internal/process/task_queues:90:21)
Error: listen EADDRINUSE: address already in use 0.0.0.0:3000
    at Server.setupListenHandle [as _listen2] (node:net:1937:16)
    at listenInCluster (node:net:1994:12)
    at node:net:2203:7
    at process.processTicksAndRejections (node:internal/process/task_queues:90:21) {"error":{"code":"EADDRINUSE","errno":-4091,"syscall":"listen","address":"0.0.0.0","port":3000},"exception":true,"date":"Wed Jan 28 2026 01:32:48 GMT+0900 (대한민국 표준시)","process":{"pid":28764,"uid":null,"gid":null,"cwd":"C:\\Users\\win\\Downloads\\Global-Advertising-Platform-d9586aca12844d7c7dbe1a70fb43f4a241df4343\\backend","execPath":"C:\\Program Files\\nodejs\\node.exe","version":"v22.13.1","argv":["C:\\Program Files\\nodejs\\node.exe","C:\\Users\\win\\Downloads\\Global-Advertising-Platform-d9586aca12844d7c7dbe1a70fb43f4a241df4343\\backend\\server.js"],"memoryUsage":{"rss":123043840,"heapTotal":74170368,"heapUsed":44920928,"external":4663480,"arrayBuffers":946934}},"os":{"loadavg":[0,0,0],"uptime":101876.468},"trace":[{"column":16,"file":"node:net","function":"Server.setupListenHandle [as _listen2]","line":1937,"method":"setupListenHandle [as _listen2]","native":false},{"column":12,"file":"node:net","function":"listenInCluster","line":1994,"method":null,"native":false},{"column":7,"file":"node:net","function":null,"line":2203,"method":null,"native":false},{"column":21,"file":"node:internal/process/task_queues","function":"process.processTicksAndRejections","line":90,"method":"processTicksAndRejections","native":false}]}
2026-01-28 01:32:48 [error]: uncaughtException: listen EADDRINUSE: address already in use 0.0.0.0:3000
Error: listen EADDRINUSE: address already in use 0.0.0.0:3000
    at Server.setupListenHandle [as _listen2] (node:net:1937:16)
    at listenInCluster (node:net:1994:12)
    at node:net:2203:7
    at process.processTicksAndRejections (node:internal/process/task_queues:90:21)
Error: listen EADDRINUSE: address already in use 0.0.0.0:3000
    at Server.setupListenHandle [as _listen2] (node:net:1937:16)
    at listenInCluster (node:net:1994:12)
    at node:net:2203:7
    at process.processTicksAndRejections (node:internal/process/task_queues:90:21) {"error":{"code":"EADDRINUSE","errno":-4091,"syscall":"listen","address":"0.0.0.0","port":3000},"exception":true,"date":"Wed Jan 28 2026 01:32:48 GMT+0900 (대한민국 표준시)","process":{"pid":25868,"uid":null,"gid":null,"cwd":"C:\\Users\\win\\Downloads\\Global-Advertising-Platform-d9586aca12844d7c7dbe1a70fb43f4a241df4343\\backend","execPath":"C:\\Program Files\\nodejs\\node.exe","version":"v22.13.1","argv":["C:\\Program Files\\nodejs\\node.exe","C:\\Users\\win\\Downloads\\Global-Advertising-Platform-d9586aca12844d7c7dbe1a70fb43f4a241df4343\\backend\\server.js"],"memoryUsage":{"rss":123486208,"heapTotal":74432512,"heapUsed":43893464,"external":4663332,"arrayBuffers":946786}},"os":{"loadavg":[0,0,0],"uptime":101876.468},"trace":[{"column":16,"file":"node:net","function":"Server.setupListenHandle [as _listen2]","line":1937,"method":"setupListenHandle [as _listen2]","native":false},{"column":12,"file":"node:net","function":"listenInCluster","line":1994,"method":null,"native":false},{"column":7,"file":"node:net","function":null,"line":2203,"method":null,"native":false},{"column":21,"file":"node:internal/process/task_queues","function":"process.processTicksAndRejections","line":90,"method":"processTicksAndRejections","native":false}]}
2026-01-28 01:35:55 [error]: uncaughtException: listen EADDRINUSE: address already in use 0.0.0.0:3000
Error: listen EADDRINUSE: address already in use 0.0.0.0:3000
    at Server.setupListenHandle [as _listen2] (node:net:1937:16)
    at listenInCluster (node:net:1994:12)
    at node:net:2203:7
    at process.processTicksAndRejections (node:internal/process/task_queues:90:21)
Error: listen EADDRINUSE: address already in use 0.0.0.0:3000
    at Server.setupListenHandle [as _listen2] (node:net:1937:16)
    at listenInCluster (node:net:1994:12)
    at node:net:2203:7
    at process.processTicksAndRejections (node:internal/process/task_queues:90:21) {"error":{"code":"EADDRINUSE","errno":-4091,"syscall":"listen","address":"0.0.0.0","port":3000},"exception":true,"date":"Wed Jan 28 2026 01:35:55 GMT+0900 (대한민국 표준시)","process":{"pid":25748,"uid":null,"gid":null,"cwd":"C:\\Users\\win\\Downloads\\Global-Advertising-Platform-d9586aca12844d7c7dbe1a70fb43f4a241df4343\\backend","execPath":"C:\\Program Files\\nodejs\\node.exe","version":"v22.13.1","argv":["C:\\Program Files\\nodejs\\node.exe","C:\\Users\\win\\Downloads\\Global-Advertising-Platform-d9586aca12844d7c7dbe1a70fb43f4a241df4343\\backend\\server.js"],"memoryUsage":{"rss":122097664,"heapTotal":73908224,"heapUsed":45246024,"external":4663480,"arrayBuffers":946934}},"os":{"loadavg":[0,0,0],"uptime":102063.078},"trace":[{"column":16,"file":"node:net","function":"Server.setupListenHandle [as _listen2]","line":1937,"method":"setupListenHandle [as _listen2]","native":false},{"column":12,"file":"node:net","function":"listenInCluster","line":1994,"method":null,"native":false},{"column":7,"file":"node:net","function":null,"line":2203,"method":null,"native":false},{"column":21,"file":"node:internal/process/task_queues","function":"process.processTicksAndRejections","line":90,"method":"processTicksAndRejections","native":false}]}
2026-01-28 01:35:55 [error]: uncaughtException: listen EADDRINUSE: address already in use 0.0.0.0:3000
Error: listen EADDRINUSE: address already in use 0.0.0.0:3000
    at Server.setupListenHandle [as _listen2] (node:net:1937:16)
    at listenInCluster (node:net:1994:12)
    at node:net:2203:7
    at process.processTicksAndRejections (node:internal/process/task_queues:90:21)
Error: listen EADDRINUSE: address already in use 0.0.0.0:3000
    at Server.setupListenHandle [as _listen2] (node:net:1937:16)
    at listenInCluster (node:net:1994:12)
    at node:net:2203:7
    at process.processTicksAndRejections (node:internal/process/task_queues:90:21) {"error":{"code":"EADDRINUSE","errno":-4091,"syscall":"listen","address":"0.0.0.0","port":3000},"exception":true,"date":"Wed Jan 28 2026 01:35:55 GMT+0900 (대한민국 표준시)","process":{"pid":14960,"uid":null,"gid":null,"cwd":"C:\\Users\\win\\Downloads\\Global-Advertising-Platform-d9586aca12844d7c7dbe1a70fb43f4a241df4343\\backend","execPath":"C:\\Program Files\\nodejs\\node.exe","version":"v22.13.1","argv":["C:\\Program Files\\nodejs\\node.exe","C:\\Users\\win\\Downloads\\Global-Advertising-Platform-d9586aca12844d7c7dbe1a70fb43f4a241df4343\\backend\\server.js"],"memoryUsage":{"rss":123166720,"heapTotal":73908224,"heapUsed":45506024,"external":4663480,"arrayBuffers":946934}},"os":{"loadavg":[0,0,0],"uptime":102063.125},"trace":[{"column":16,"file":"node:net","function":"Server.setupListenHandle [as _listen2]","line":1937,"method":"setupListenHandle [as _listen2]","native":false},{"column":12,"file":"node:net","function":"listenInCluster","line":1994,"method":null,"native":false},{"column":7,"file":"node:net","function":null,"line":2203,"method":null,"native":false},{"column":21,"file":"node:internal/process/task_queues","function":"process.processTicksAndRejections","line":90,"method":"processTicksAndRejections","native":false}]}
2026-01-28 01:35:55 [error]: uncaughtException: listen EADDRINUSE: address already in use 0.0.0.0:3000
Error: listen EADDRINUSE: address already in use 0.0.0.0:3000
    at Server.setupListenHandle [as _listen2] (node:net:1937:16)
    at listenInCluster (node:net:1994:12)
    at node:net:2203:7
    at process.processTicksAndRejections (node:internal/process/task_queues:90:21)
Error: listen EADDRINUSE: address already in use 0.0.0.0:3000
    at Server.setupListenHandle [as _listen2] (node:net:1937:16)
    at listenInCluster (node:net:1994:12)
    at node:net:2203:7
    at process.processTicksAndRejections (node:internal/process/task_queues:90:21) {"error":{"code":"EADDRINUSE","errno":-4091,"syscall":"listen","address":"0.0.0.0","port":3000},"exception":true,"date":"Wed Jan 28 2026 01:35:55 GMT+0900 (대한민국 표준시)","process":{"pid":16136,"uid":null,"gid":null,"cwd":"C:\\Users\\win\\Downloads\\Global-Advertising-Platform-d9586aca12844d7c7dbe1a70fb43f4a241df4343\\backend","execPath":"C:\\Program Files\\nodejs\\node.exe","version":"v22.13.1","argv":["C:\\Program Files\\nodejs\\node.exe","C:\\Users\\win\\Downloads\\Global-Advertising-Platform-d9586aca12844d7c7dbe1a70fb43f4a241df4343\\backend\\server.js"],"memoryUsage":{"rss":122400768,"heapTotal":74170368,"heapUsed":44866384,"external":4663480,"arrayBuffers":946934}},"os":{"loadavg":[0,0,0],"uptime":102063.125},"trace":[{"column":16,"file":"node:net","function":"Server.setupListenHandle [as _listen2]","line":1937,"method":"setupListenHandle [as _listen2]","native":false},{"column":12,"file":"node:net","function":"listenInCluster","line":1994,"method":null,"native":false},{"column":7,"file":"node:net","function":null,"line":2203,"method":null,"native":false},{"column":21,"file":"node:internal/process/task_queues","function":"process.processTicksAndRejections","line":90,"method":"processTicksAndRejections","native":false}]}
2026-01-28 01:35:55 [error]: uncaughtException: listen EADDRINUSE: address already in use 0.0.0.0:3000
Error: listen EADDRINUSE: address already in use 0.0.0.0:3000
    at Server.setupListenHandle [as _listen2] (node:net:1937:16)
    at listenInCluster (node:net:1994:12)
    at node:net:2203:7
    at process.processTicksAndRejections (node:internal/process/task_queues:90:21)
Error: listen EADDRINUSE: address already in use 0.0.0.0:3000
    at Server.setupListenHandle [as _listen2] (node:net:1937:16)
    at listenInCluster (node:net:1994:12)
    at node:net:2203:7
    at process.processTicksAndRejections (node:internal/process/task_queues:90:21) {"error":{"code":"EADDRINUSE","errno":-4091,"syscall":"listen","address":"0.0.0.0","port":3000},"exception":true,"date":"Wed Jan 28 2026 01:35:55 GMT+0900 (대한민국 표준시)","process":{"pid":19000,"uid":null,"gid":null,"cwd":"C:\\Users\\win\\Downloads\\Global-Advertising-Platform-d9586aca12844d7c7dbe1a70fb43f4a241df4343\\backend","execPath":"C:\\Program Files\\nodejs\\node.exe","version":"v22.13.1","argv":["C:\\Program Files\\nodejs\\node.exe","C:\\Users\\win\\Downloads\\Global-Advertising-Platform-d9586aca12844d7c7dbe1a70fb43f4a241df4343\\backend\\server.js"],"memoryUsage":{"rss":122535936,"heapTotal":74170368,"heapUsed":44475384,"external":4663479,"arrayBuffers":946933}},"os":{"loadavg":[0,0,0],"uptime":102063.125},"trace":[{"column":16,"file":"node:net","function":"Server.setupListenHandle [as _listen2]","line":1937,"method":"setupListenHandle [as _listen2]","native":false},{"column":12,"file":"node:net","function":"listenInCluster","line":1994,"method":null,"native":false},{"column":7,"file":"node:net","function":null,"line":2203,"method":null,"native":false},{"column":21,"file":"node:internal/process/task_queues","function":"process.processTicksAndRejections","line":90,"method":"processTicksAndRejections","native":false}]}
2026-01-28 01:35:55 [error]: uncaughtException: listen EADDRINUSE: address already in use 0.0.0.0:3000
Error: listen EADDRINUSE: address already in use 0.0.0.0:3000
    at Server.setupListenHandle [as _listen2] (node:net:1937:16)
    at listenInCluster (node:net:1994:12)
    at node:net:2203:7
    at process.processTicksAndRejections (node:internal/process/task_queues:90:21)
Error: listen EADDRINUSE: address already in use 0.0.0.0:3000
    at Server.setupListenHandle [as _listen2] (node:net:1937:16)
    at listenInCluster (node:net:1994:12)
    at node:net:2203:7
    at process.processTicksAndRejections (node:internal/process/task_queues:90:21) {"error":{"code":"EADDRINUSE","errno":-4091,"syscall":"listen","address":"0.0.0.0","port":3000},"exception":true,"date":"Wed Jan 28 2026 01:35:55 GMT+0900 (대한민국 표준시)","process":{"pid":16608,"uid":null,"gid":null,"cwd":"C:\\Users\\win\\Downloads\\Global-Advertising-Platform-d9586aca12844d7c7dbe1a70fb43f4a241df4343\\backend","execPath":"C:\\Program Files\\nodejs\\node.exe","version":"v22.13.1","argv":["C:\\Program Files\\nodejs\\node.exe","C:\\Users\\win\\Downloads\\Global-Advertising-Platform-d9586aca12844d7c7dbe1a70fb43f4a241df4343\\backend\\server.js"],"memoryUsage":{"rss":124407808,"heapTotal":75218944,"heapUsed":44087728,"external":4663332,"arrayBuffers":946786}},"os":{"loadavg":[0,0,0],"uptime":102063.14},"trace":[{"column":16,"file":"node:net","function":"Server.setupListenHandle [as _listen2]","line":1937,"method":"setupListenHandle [as _listen2]","native":false},{"column":12,"file":"node:net","function":"listenInCluster","line":1994,"method":null,"native":false},{"column":7,"file":"node:net","function":null,"line":2203,"method":null,"native":false},{"column":21,"file":"node:internal/process/task_queues","function":"process.processTicksAndRejections","line":90,"method":"processTicksAndRejections","native":false}]}
2026-01-28 01:35:55 [error]: uncaughtException: listen EADDRINUSE: address already in use 0.0.0.0:3000
Error: listen EADDRINUSE: address already in use 0.0.0.0:3000
    at Server.setupListenHandle [as _listen2] (node:net:1937:16)
    at listenInCluster (node:net:1994:12)
    at node:net:2203:7
    at process.processTicksAndRejections (node:internal/process/task_queues:90:21)
Error: listen EADDRINUSE: address already in use 0.0.0.0:3000
    at Server.setupListenHandle [as _listen2] (node:net:1937:16)
    at listenInCluster (node:net:1994:12)
    at node:net:2203:7
    at process.processTicksAndRejections (node:internal/process/task_queues:90:21) {"error":{"code":"EADDRINUSE","errno":-4091,"syscall":"listen","address":"0.0.0.0","port":3000},"exception":true,"date":"Wed Jan 28 2026 01:35:55 GMT+0900 (대한민국 표준시)","process":{"pid":27476,"uid":null,"gid":null,"cwd":"C:\\Users\\win\\Downloads\\Global-Advertising-Platform-d9586aca12844d7c7dbe1a70fb43f4a241df4343\\backend","execPath":"C:\\Program Files\\nodejs\\node.exe","version":"v22.13.1","argv":["C:\\Program Files\\nodejs\\node.exe","C:\\Users\\win\\Downloads\\Global-Advertising-Platform-d9586aca12844d7c7dbe1a70fb43f4a241df4343\\backend\\server.js"],"memoryUsage":{"rss":122818560,"heapTotal":74170368,"heapUsed":44150480,"external":4663480,"arrayBuffers":946934}},"os":{"loadavg":[0,0,0],"uptime":102063.171},"trace":[{"column":16,"file":"node:net","function":"Server.setupListenHandle [as _listen2]","line":1937,"method":"setupListenHandle [as _listen2]","native":false},{"column":12,"file":"node:net","function":"listenInCluster","line":1994,"method":null,"native":false},{"column":7,"file":"node:net","function":null,"line":2203,"method":null,"native":false},{"column":21,"file":"node:internal/process/task_queues","function":"process.processTicksAndRejections","line":90,"method":"processTicksAndRejections","native":false}]}
2026-01-28 01:35:55 [error]: uncaughtException: listen EADDRINUSE: address already in use 0.0.0.0:3000
Error: listen EADDRINUSE: address already in use 0.0.0.0:3000
    at Server.setupListenHandle [as _listen2] (node:net:1937:16)
    at listenInCluster (node:net:1994:12)
    at node:net:2203:7
    at process.processTicksAndRejections (node:internal/process/task_queues:90:21)
Error: listen EADDRINUSE: address already in use 0.0.0.0:3000
    at Server.setupListenHandle [as _listen2] (node:net:1937:16)
    at listenInCluster (node:net:1994:12)
    at node:net:2203:7
    at process.processTicksAndRejections (node:internal/process/task_queues:90:21) {"error":{"code":"EADDRINUSE","errno":-4091,"syscall":"listen","address":"0.0.0.0","port":3000},"exception":true,"date":"Wed Jan 28 2026 01:35:55 GMT+0900 (대한민국 표준시)","process":{"pid":24400,"uid":null,"gid":null,"cwd":"C:\\Users\\win\\Downloads\\Global-Advertising-Platform-d9586aca12844d7c7dbe1a70fb43f4a241df4343\\backend","execPath":"C:\\Program Files\\nodejs\\node.exe","version":"v22.13.1","argv":["C:\\Program Files\\nodejs\\node.exe","C:\\Users\\win\\Downloads\\Global-Advertising-Platform-d9586aca12844d7c7dbe1a70fb43f4a241df4343\\backend\\server.js"],"memoryUsage":{"rss":123727872,"heapTotal":74432512,"heapUsed":44097640,"external":4663480,"arrayBuffers":946934}},"os":{"loadavg":[0,0,0],"uptime":102063.187},"trace":[{"column":16,"file":"node:net","function":"Server.setupListenHandle [as _listen2]","line":1937,"method":"setupListenHandle [as _listen2]","native":false},{"column":12,"file":"node:net","function":"listenInCluster","line":1994,"method":null,"native":false},{"column":7,"file":"node:net","function":null,"line":2203,"method":null,"native":false},{"column":21,"file":"node:internal/process/task_queues","function":"process.processTicksAndRejections","line":90,"method":"processTicksAndRejections","native":false}]}
2026-01-28 01:35:57 [error]: uncaughtException: listen EADDRINUSE: address already in use 0.0.0.0:3000
Error: listen EADDRINUSE: address already in use 0.0.0.0:3000
    at Server.setupListenHandle [as _listen2] (node:net:1937:16)
    at listenInCluster (node:net:1994:12)
    at node:net:2203:7
    at process.processTicksAndRejections (node:internal/process/task_queues:90:21)
Error: listen EADDRINUSE: address already in use 0.0.0.0:3000
    at Server.setupListenHandle [as _listen2] (node:net:1937:16)
    at listenInCluster (node:net:1994:12)
    at node:net:2203:7
    at process.processTicksAndRejections (node:internal/process/task_queues:90:21) {"error":{"code":"EADDRINUSE","errno":-4091,"syscall":"listen","address":"0.0.0.0","port":3000},"exception":true,"date":"Wed Jan 28 2026 01:35:57 GMT+0900 (대한민국 표준시)","process":{"pid":13528,"uid":null,"gid":null,"cwd":"C:\\Users\\win\\Downloads\\Global-Advertising-Platform-d9586aca12844d7c7dbe1a70fb43f4a241df4343\\backend","execPath":"C:\\Program Files\\nodejs\\node.exe","version":"v22.13.1","argv":["C:\\Program Files\\nodejs\\node.exe","C:\\Users\\win\\Downloads\\Global-Advertising-Platform-d9586aca12844d7c7dbe1a70fb43f4a241df4343\\backend\\server.js"],"memoryUsage":{"rss":122126336,"heapTotal":73908224,"heapUsed":46743776,"external":4663480,"arrayBuffers":946934}},"os":{"loadavg":[0,0,0],"uptime":102064.875},"trace":[{"column":16,"file":"node:net","function":"Server.setupListenHandle [as _listen2]","line":1937,"method":"setupListenHandle [as _listen2]","native":false},{"column":12,"file":"node:net","function":"listenInCluster","line":1994,"method":null,"native":false},{"column":7,"file":"node:net","function":null,"line":2203,"method":null,"native":false},{"column":21,"file":"node:internal/process/task_queues","function":"process.processTicksAndRejections","line":90,"method":"processTicksAndRejections","native":false}]}
2026-01-28 01:38:57 [error]: uncaughtException: listen EADDRINUSE: address already in use 0.0.0.0:3000
Error: listen EADDRINUSE: address already in use 0.0.0.0:3000
    at Server.setupListenHandle [as _listen2] (node:net:1937:16)
    at listenInCluster (node:net:1994:12)
    at node:net:2203:7
    at process.processTicksAndRejections (node:internal/process/task_queues:90:21)
Error: listen EADDRINUSE: address already in use 0.0.0.0:3000
    at Server.setupListenHandle [as _listen2] (node:net:1937:16)
    at listenInCluster (node:net:1994:12)
    at node:net:2203:7
    at process.processTicksAndRejections (node:internal/process/task_queues:90:21) {"error":{"code":"EADDRINUSE","errno":-4091,"syscall":"listen","address":"0.0.0.0","port":3000},"exception":true,"date":"Wed Jan 28 2026 01:38:57 GMT+0900 (대한민국 표준시)","process":{"pid":26848,"uid":null,"gid":null,"cwd":"C:\\Users\\win\\Downloads\\Global-Advertising-Platform-d9586aca12844d7c7dbe1a70fb43f4a241df4343\\backend","execPath":"C:\\Program Files\\nodejs\\node.exe","version":"v22.13.1","argv":["C:\\Program Files\\nodejs\\node.exe","C:\\Users\\win\\Downloads\\Global-Advertising-Platform-d9586aca12844d7c7dbe1a70fb43f4a241df4343\\backend\\server.js"],"memoryUsage":{"rss":117194752,"heapTotal":72859648,"heapUsed":41976440,"external":4663331,"arrayBuffers":946785}},"os":{"loadavg":[0,0,0],"uptime":102245.109},"trace":[{"column":16,"file":"node:net","function":"Server.setupListenHandle [as _listen2]","line":1937,"method":"setupListenHandle [as _listen2]","native":false},{"column":12,"file":"node:net","function":"listenInCluster","line":1994,"method":null,"native":false},{"column":7,"file":"node:net","function":null,"line":2203,"method":null,"native":false},{"column":21,"file":"node:internal/process/task_queues","function":"process.processTicksAndRejections","line":90,"method":"processTicksAndRejections","native":false}]}
2026-01-28 01:39:36 [error]: uncaughtException: listen EADDRINUSE: address already in use 0.0.0.0:3000
Error: listen EADDRINUSE: address already in use 0.0.0.0:3000
    at Server.setupListenHandle [as _listen2] (node:net:1937:16)
    at listenInCluster (node:net:1994:12)
    at node:net:2203:7
    at process.processTicksAndRejections (node:internal/process/task_queues:90:21)
Error: listen EADDRINUSE: address already in use 0.0.0.0:3000
    at Server.setupListenHandle [as _listen2] (node:net:1937:16)
    at listenInCluster (node:net:1994:12)
    at node:net:2203:7
    at process.processTicksAndRejections (node:internal/process/task_queues:90:21) {"error":{"code":"EADDRINUSE","errno":-4091,"syscall":"listen","address":"0.0.0.0","port":3000},"exception":true,"date":"Wed Jan 28 2026 01:39:36 GMT+0900 (대한민국 표준시)","process":{"pid":15128,"uid":null,"gid":null,"cwd":"C:\\Users\\win\\Downloads\\Global-Advertising-Platform-d9586aca12844d7c7dbe1a70fb43f4a241df4343\\backend","execPath":"C:\\Program Files\\nodejs\\node.exe","version":"v22.13.1","argv":["C:\\Program Files\\nodejs\\node.exe","C:\\Users\\win\\Downloads\\Global-Advertising-Platform-d9586aca12844d7c7dbe1a70fb43f4a241df4343\\backend\\server.js"],"memoryUsage":{"rss":117817344,"heapTotal":74170368,"heapUsed":45127152,"external":4663480,"arrayBuffers":946934}},"os":{"loadavg":[0,0,0],"uptime":102283.859},"trace":[{"column":16,"file":"node:net","function":"Server.setupListenHandle [as _listen2]","line":1937,"method":"setupListenHandle [as _listen2]","native":false},{"column":12,"file":"node:net","function":"listenInCluster","line":1994,"method":null,"native":false},{"column":7,"file":"node:net","function":null,"line":2203,"method":null,"native":false},{"column":21,"file":"node:internal/process/task_queues","function":"process.processTicksAndRejections","line":90,"method":"processTicksAndRejections","native":false}]}
2026-01-28 01:42:12 [error]: uncaughtException: listen EADDRINUSE: address already in use 0.0.0.0:3000
Error: listen EADDRINUSE: address already in use 0.0.0.0:3000
    at Server.setupListenHandle [as _listen2] (node:net:1937:16)
    at listenInCluster (node:net:1994:12)
    at node:net:2203:7
    at process.processTicksAndRejections (node:internal/process/task_queues:90:21)
Error: listen EADDRINUSE: address already in use 0.0.0.0:3000
    at Server.setupListenHandle [as _listen2] (node:net:1937:16)
    at listenInCluster (node:net:1994:12)
    at node:net:2203:7
    at process.processTicksAndRejections (node:internal/process/task_queues:90:21) {"error":{"code":"EADDRINUSE","errno":-4091,"syscall":"listen","address":"0.0.0.0","port":3000},"exception":true,"date":"Wed Jan 28 2026 01:42:12 GMT+0900 (대한민국 표준시)","process":{"pid":10744,"uid":null,"gid":null,"cwd":"C:\\Users\\win\\Downloads\\Global-Advertising-Platform-d9586aca12844d7c7dbe1a70fb43f4a241df4343\\backend","execPath":"C:\\Program Files\\nodejs\\node.exe","version":"v22.13.1","argv":["C:\\Program Files\\nodejs\\node.exe","C:\\Users\\win\\Downloads\\Global-Advertising-Platform-d9586aca12844d7c7dbe1a70fb43f4a241df4343\\backend\\server.js"],"memoryUsage":{"rss":117633024,"heapTotal":73121792,"heapUsed":42318832,"external":4663332,"arrayBuffers":946786}},"os":{"loadavg":[0,0,0],"uptime":102440},"trace":[{"column":16,"file":"node:net","function":"Server.setupListenHandle [as _listen2]","line":1937,"method":"setupListenHandle [as _listen2]","native":false},{"column":12,"file":"node:net","function":"listenInCluster","line":1994,"method":null,"native":false},{"column":7,"file":"node:net","function":null,"line":2203,"method":null,"native":false},{"column":21,"file":"node:internal/process/task_queues","function":"process.processTicksAndRejections","line":90,"method":"processTicksAndRejections","native":false}]}
